device;data_samples;batch_size;loss_function;random_seed;hidden_layer_size;hidden_layer_activation;learning_rate;momentum;epochs;epoch;phase;accuracy;loss;duration
cuda;48000;100;CrossEntropyLoss();43;28;Tanh();0.001;0.1;30;1;TRAIN;53.8;1.867341;26.355049
cuda;12000;100;CrossEntropyLoss();43;28;Tanh();0.001;0.1;30;1;VAL;68.7;1.571640;10.066277
cuda;48000;100;CrossEntropyLoss();43;28;Tanh();0.001;0.1;30;2;TRAIN;71.5;1.411694;2.972172
cuda;12000;100;CrossEntropyLoss();43;28;Tanh();0.001;0.1;30;2;VAL;73.9;1.278350;0.650558
cuda;48000;100;CrossEntropyLoss();43;28;Tanh();0.001;0.1;30;3;TRAIN;76.2;1.181437;2.629459
cuda;12000;100;CrossEntropyLoss();43;28;Tanh();0.001;0.1;30;3;VAL;78.2;1.094997;0.652374
cuda;48000;100;CrossEntropyLoss();43;28;Tanh();0.001;0.1;30;4;TRAIN;80.0;1.026057;3.919074
cuda;12000;100;CrossEntropyLoss();43;28;Tanh();0.001;0.1;30;4;VAL;81.4;0.963957;0.752995
cuda;48000;100;CrossEntropyLoss();43;28;Tanh();0.001;0.1;30;5;TRAIN;82.8;0.911555;3.868447
cuda;12000;100;CrossEntropyLoss();43;28;Tanh();0.001;0.1;30;5;VAL;83.4;0.865180;0.722318
cuda;48000;100;CrossEntropyLoss();43;28;Tanh();0.001;0.1;30;6;TRAIN;84.4;0.823639;3.066734
cuda;12000;100;CrossEntropyLoss();43;28;Tanh();0.001;0.1;30;6;VAL;84.8;0.788346;0.570144
cuda;48000;100;CrossEntropyLoss();43;28;Tanh();0.001;0.1;30;7;TRAIN;85.5;0.754291;3.376644
cuda;12000;100;CrossEntropyLoss();43;28;Tanh();0.001;0.1;30;7;VAL;85.8;0.727163;0.831694
cuda;48000;100;CrossEntropyLoss();43;28;Tanh();0.001;0.1;30;8;TRAIN;86.4;0.698437;3.096462
cuda;12000;100;CrossEntropyLoss();43;28;Tanh();0.001;0.1;30;8;VAL;86.5;0.677455;0.669411
cuda;48000;100;CrossEntropyLoss();43;28;Tanh();0.001;0.1;30;9;TRAIN;87.1;0.652660;2.891683
cuda;12000;100;CrossEntropyLoss();43;28;Tanh();0.001;0.1;30;9;VAL;87.1;0.636536;0.607270
cuda;48000;100;CrossEntropyLoss();43;28;Tanh();0.001;0.1;30;10;TRAIN;87.5;0.614589;2.388837
cuda;12000;100;CrossEntropyLoss();43;28;Tanh();0.001;0.1;30;10;VAL;87.6;0.602376;0.615205
cuda;48000;100;CrossEntropyLoss();43;28;Tanh();0.001;0.1;30;11;TRAIN;87.9;0.582490;2.696868
cuda;12000;100;CrossEntropyLoss();43;28;Tanh();0.001;0.1;30;11;VAL;87.9;0.573416;0.737173
cuda;48000;100;CrossEntropyLoss();43;28;Tanh();0.001;0.1;30;12;TRAIN;88.2;0.555073;2.380370
cuda;12000;100;CrossEntropyLoss();43;28;Tanh();0.001;0.1;30;12;VAL;88.2;0.548620;0.694025
cuda;48000;100;CrossEntropyLoss();43;28;Tanh();0.001;0.1;30;13;TRAIN;88.5;0.531458;2.507351
cuda;12000;100;CrossEntropyLoss();43;28;Tanh();0.001;0.1;30;13;VAL;88.4;0.527062;0.762460
cuda;48000;100;CrossEntropyLoss();43;28;Tanh();0.001;0.1;30;14;TRAIN;88.8;0.510848;3.282313
cuda;12000;100;CrossEntropyLoss();43;28;Tanh();0.001;0.1;30;14;VAL;88.6;0.508287;0.585982
cuda;48000;100;CrossEntropyLoss();43;28;Tanh();0.001;0.1;30;15;TRAIN;89.0;0.492758;2.705368
cuda;12000;100;CrossEntropyLoss();43;28;Tanh();0.001;0.1;30;15;VAL;88.8;0.491775;0.700550
cuda;48000;100;CrossEntropyLoss();43;28;Tanh();0.001;0.1;30;16;TRAIN;89.2;0.476745;3.380657
cuda;12000;100;CrossEntropyLoss();43;28;Tanh();0.001;0.1;30;16;VAL;88.9;0.477027;0.607423
cuda;48000;100;CrossEntropyLoss();43;28;Tanh();0.001;0.1;30;17;TRAIN;89.4;0.462426;2.787970
cuda;12000;100;CrossEntropyLoss();43;28;Tanh();0.001;0.1;30;17;VAL;89.1;0.464087;0.715534
cuda;48000;100;CrossEntropyLoss();43;28;Tanh();0.001;0.1;30;18;TRAIN;89.6;0.449612;3.958528
cuda;12000;100;CrossEntropyLoss();43;28;Tanh();0.001;0.1;30;18;VAL;89.2;0.452236;0.787591
cuda;48000;100;CrossEntropyLoss();43;28;Tanh();0.001;0.1;30;19;TRAIN;89.7;0.437993;2.721927
cuda;12000;100;CrossEntropyLoss();43;28;Tanh();0.001;0.1;30;19;VAL;89.4;0.441596;0.622259
cuda;48000;100;CrossEntropyLoss();43;28;Tanh();0.001;0.1;30;20;TRAIN;89.8;0.427433;2.503004
cuda;12000;100;CrossEntropyLoss();43;28;Tanh();0.001;0.1;30;20;VAL;89.5;0.431781;0.958330
cuda;48000;100;CrossEntropyLoss();43;28;Tanh();0.001;0.1;30;21;TRAIN;90.0;0.417795;3.817498
cuda;12000;100;CrossEntropyLoss();43;28;Tanh();0.001;0.1;30;21;VAL;89.6;0.422973;0.706788
cuda;48000;100;CrossEntropyLoss();43;28;Tanh();0.001;0.1;30;22;TRAIN;90.1;0.408922;2.683677
cuda;12000;100;CrossEntropyLoss();43;28;Tanh();0.001;0.1;30;22;VAL;89.8;0.414804;0.611359
cuda;48000;100;CrossEntropyLoss();43;28;Tanh();0.001;0.1;30;23;TRAIN;90.2;0.400758;2.838976
cuda;12000;100;CrossEntropyLoss();43;28;Tanh();0.001;0.1;30;23;VAL;90.0;0.407353;0.741332
cuda;48000;100;CrossEntropyLoss();43;28;Tanh();0.001;0.1;30;24;TRAIN;90.4;0.393183;2.513560
cuda;12000;100;CrossEntropyLoss();43;28;Tanh();0.001;0.1;30;24;VAL;90.0;0.400422;0.614206
cuda;48000;100;CrossEntropyLoss();43;28;Tanh();0.001;0.1;30;25;TRAIN;90.5;0.386166;2.711262
cuda;12000;100;CrossEntropyLoss();43;28;Tanh();0.001;0.1;30;25;VAL;90.1;0.393910;0.659777
cuda;48000;100;CrossEntropyLoss();43;28;Tanh();0.001;0.1;30;26;TRAIN;90.6;0.379624;2.527935
cuda;12000;100;CrossEntropyLoss();43;28;Tanh();0.001;0.1;30;26;VAL;90.2;0.387905;0.631216
cuda;48000;100;CrossEntropyLoss();43;28;Tanh();0.001;0.1;30;27;TRAIN;90.7;0.373487;3.607530
cuda;12000;100;CrossEntropyLoss();43;28;Tanh();0.001;0.1;30;27;VAL;90.2;0.382253;0.787368
cuda;48000;100;CrossEntropyLoss();43;28;Tanh();0.001;0.1;30;28;TRAIN;90.8;0.367731;2.968434
cuda;12000;100;CrossEntropyLoss();43;28;Tanh();0.001;0.1;30;28;VAL;90.3;0.377024;0.722839
cuda;48000;100;CrossEntropyLoss();43;28;Tanh();0.001;0.1;30;29;TRAIN;90.9;0.362319;2.628761
cuda;12000;100;CrossEntropyLoss();43;28;Tanh();0.001;0.1;30;29;VAL;90.4;0.371991;0.912855
cuda;48000;100;CrossEntropyLoss();43;28;Tanh();0.001;0.1;30;30;TRAIN;90.9;0.357237;3.057391
cuda;12000;100;CrossEntropyLoss();43;28;Tanh();0.001;0.1;30;30;VAL;90.5;0.367387;0.650584
cuda;48000;100;CrossEntropyLoss();43;28;Tanh();0.001;0.5;30;1;TRAIN;61.9;1.670381;2.629269
cuda;12000;100;CrossEntropyLoss();43;28;Tanh();0.001;0.5;30;1;VAL;76.9;1.312704;0.632540
cuda;48000;100;CrossEntropyLoss();43;28;Tanh();0.001;0.5;30;2;TRAIN;80.3;1.133613;2.820269
cuda;12000;100;CrossEntropyLoss();43;28;Tanh();0.001;0.5;30;2;VAL;82.5;0.993667;0.767933
cuda;48000;100;CrossEntropyLoss();43;28;Tanh();0.001;0.5;30;3;TRAIN;84.2;0.891282;3.093846
cuda;12000;100;CrossEntropyLoss();43;28;Tanh();0.001;0.5;30;3;VAL;85.2;0.810526;0.707107
cuda;48000;100;CrossEntropyLoss();43;28;Tanh();0.001;0.5;30;4;TRAIN;86.1;0.744016;2.813921
cuda;12000;100;CrossEntropyLoss();43;28;Tanh();0.001;0.5;30;4;VAL;86.5;0.694565;0.661826
cuda;48000;100;CrossEntropyLoss();43;28;Tanh();0.001;0.5;30;5;TRAIN;87.2;0.647542;2.763281
cuda;12000;100;CrossEntropyLoss();43;28;Tanh();0.001;0.5;30;5;VAL;87.5;0.616021;0.602756
cuda;48000;100;CrossEntropyLoss();43;28;Tanh();0.001;0.5;30;6;TRAIN;88.0;0.580340;4.718875
cuda;12000;100;CrossEntropyLoss();43;28;Tanh();0.001;0.5;30;6;VAL;88.1;0.560230;1.673384
cuda;48000;100;CrossEntropyLoss();43;28;Tanh();0.001;0.5;30;7;TRAIN;88.5;0.531272;5.769605
cuda;12000;100;CrossEntropyLoss();43;28;Tanh();0.001;0.5;30;7;VAL;88.7;0.518702;0.942618
cuda;48000;100;CrossEntropyLoss();43;28;Tanh();0.001;0.5;30;8;TRAIN;89.0;0.493954;3.580525
cuda;12000;100;CrossEntropyLoss();43;28;Tanh();0.001;0.5;30;8;VAL;88.9;0.486366;0.848896
cuda;48000;100;CrossEntropyLoss();43;28;Tanh();0.001;0.5;30;9;TRAIN;89.3;0.464601;4.654496
cuda;12000;100;CrossEntropyLoss();43;28;Tanh();0.001;0.5;30;9;VAL;89.3;0.460943;1.227086
cuda;48000;100;CrossEntropyLoss();43;28;Tanh();0.001;0.5;30;10;TRAIN;89.7;0.440850;5.145808
cuda;12000;100;CrossEntropyLoss();43;28;Tanh();0.001;0.5;30;10;VAL;89.5;0.440010;1.016917
cuda;48000;100;CrossEntropyLoss();43;28;Tanh();0.001;0.5;30;11;TRAIN;89.9;0.421231;4.493578
cuda;12000;100;CrossEntropyLoss();43;28;Tanh();0.001;0.5;30;11;VAL;89.7;0.422877;0.896337
cuda;48000;100;CrossEntropyLoss();43;28;Tanh();0.001;0.5;30;12;TRAIN;90.1;0.404667;4.773957
cuda;12000;100;CrossEntropyLoss();43;28;Tanh();0.001;0.5;30;12;VAL;89.9;0.408115;1.673265
cuda;48000;100;CrossEntropyLoss();43;28;Tanh();0.001;0.5;30;13;TRAIN;90.4;0.390514;6.299411
cuda;12000;100;CrossEntropyLoss();43;28;Tanh();0.001;0.5;30;13;VAL;90.0;0.395478;0.717725
cuda;48000;100;CrossEntropyLoss();43;28;Tanh();0.001;0.5;30;14;TRAIN;90.6;0.378202;3.354654
cuda;12000;100;CrossEntropyLoss();43;28;Tanh();0.001;0.5;30;14;VAL;90.2;0.384514;0.757009
cuda;48000;100;CrossEntropyLoss();43;28;Tanh();0.001;0.5;30;15;TRAIN;90.7;0.367393;3.508263
cuda;12000;100;CrossEntropyLoss();43;28;Tanh();0.001;0.5;30;15;VAL;90.3;0.374871;0.704434
cuda;48000;100;CrossEntropyLoss();43;28;Tanh();0.001;0.5;30;16;TRAIN;90.9;0.357791;2.746617
cuda;12000;100;CrossEntropyLoss();43;28;Tanh();0.001;0.5;30;16;VAL;90.5;0.366377;0.822801
cuda;48000;100;CrossEntropyLoss();43;28;Tanh();0.001;0.5;30;17;TRAIN;91.0;0.349168;3.397589
cuda;12000;100;CrossEntropyLoss();43;28;Tanh();0.001;0.5;30;17;VAL;90.7;0.358608;0.672472
cuda;48000;100;CrossEntropyLoss();43;28;Tanh();0.001;0.5;30;18;TRAIN;91.2;0.341417;2.675093
cuda;12000;100;CrossEntropyLoss();43;28;Tanh();0.001;0.5;30;18;VAL;90.7;0.351485;0.796928
cuda;48000;100;CrossEntropyLoss();43;28;Tanh();0.001;0.5;30;19;TRAIN;91.3;0.334333;3.125012
cuda;12000;100;CrossEntropyLoss();43;28;Tanh();0.001;0.5;30;19;VAL;90.8;0.345083;0.650155
cuda;48000;100;CrossEntropyLoss();43;28;Tanh();0.001;0.5;30;20;TRAIN;91.4;0.327863;2.762925
cuda;12000;100;CrossEntropyLoss();43;28;Tanh();0.001;0.5;30;20;VAL;90.9;0.339473;0.684307
cuda;48000;100;CrossEntropyLoss();43;28;Tanh();0.001;0.5;30;21;TRAIN;91.6;0.321907;3.182795
cuda;12000;100;CrossEntropyLoss();43;28;Tanh();0.001;0.5;30;21;VAL;91.0;0.333978;0.715771
cuda;48000;100;CrossEntropyLoss();43;28;Tanh();0.001;0.5;30;22;TRAIN;91.6;0.316393;3.965204
cuda;12000;100;CrossEntropyLoss();43;28;Tanh();0.001;0.5;30;22;VAL;91.1;0.329223;1.353370
cuda;48000;100;CrossEntropyLoss();43;28;Tanh();0.001;0.5;30;23;TRAIN;91.7;0.311310;3.274025
cuda;12000;100;CrossEntropyLoss();43;28;Tanh();0.001;0.5;30;23;VAL;91.2;0.324578;0.694630
cuda;48000;100;CrossEntropyLoss();43;28;Tanh();0.001;0.5;30;24;TRAIN;91.8;0.306525;2.952392
cuda;12000;100;CrossEntropyLoss();43;28;Tanh();0.001;0.5;30;24;VAL;91.3;0.320285;1.148338
cuda;48000;100;CrossEntropyLoss();43;28;Tanh();0.001;0.5;30;25;TRAIN;91.9;0.302050;6.219720
cuda;12000;100;CrossEntropyLoss();43;28;Tanh();0.001;0.5;30;25;VAL;91.3;0.316576;0.855462
cuda;48000;100;CrossEntropyLoss();43;28;Tanh();0.001;0.5;30;26;TRAIN;92.0;0.297897;3.306670
cuda;12000;100;CrossEntropyLoss();43;28;Tanh();0.001;0.5;30;26;VAL;91.4;0.312679;0.808911
cuda;48000;100;CrossEntropyLoss();43;28;Tanh();0.001;0.5;30;27;TRAIN;92.1;0.293913;3.751255
cuda;12000;100;CrossEntropyLoss();43;28;Tanh();0.001;0.5;30;27;VAL;91.5;0.308989;1.142914
cuda;48000;100;CrossEntropyLoss();43;28;Tanh();0.001;0.5;30;28;TRAIN;92.2;0.290198;3.362657
cuda;12000;100;CrossEntropyLoss();43;28;Tanh();0.001;0.5;30;28;VAL;91.6;0.305705;0.714363
cuda;48000;100;CrossEntropyLoss();43;28;Tanh();0.001;0.5;30;29;TRAIN;92.3;0.286663;4.413015
cuda;12000;100;CrossEntropyLoss();43;28;Tanh();0.001;0.5;30;29;VAL;91.7;0.302769;1.384404
cuda;48000;100;CrossEntropyLoss();43;28;Tanh();0.001;0.5;30;30;TRAIN;92.3;0.283338;3.839647
cuda;12000;100;CrossEntropyLoss();43;28;Tanh();0.001;0.5;30;30;VAL;91.8;0.299678;1.323787
cuda;48000;100;CrossEntropyLoss();43;28;Tanh();0.001;0.9;30;1;TRAIN;78.0;1.066878;5.572199
cuda;12000;100;CrossEntropyLoss();43;28;Tanh();0.001;0.9;30;1;VAL;86.6;0.643737;1.548927
cuda;48000;100;CrossEntropyLoss();43;28;Tanh();0.001;0.9;30;2;TRAIN;88.4;0.525419;5.266179
cuda;12000;100;CrossEntropyLoss();43;28;Tanh();0.001;0.9;30;2;VAL;88.9;0.456827;1.147686
cuda;48000;100;CrossEntropyLoss();43;28;Tanh();0.001;0.9;30;3;TRAIN;90.1;0.407809;4.618426
cuda;12000;100;CrossEntropyLoss();43;28;Tanh();0.001;0.9;30;3;VAL;90.0;0.386397;1.045131
cuda;48000;100;CrossEntropyLoss();43;28;Tanh();0.001;0.9;30;4;TRAIN;91.0;0.354077;3.267422
cuda;12000;100;CrossEntropyLoss();43;28;Tanh();0.001;0.9;30;4;VAL;90.7;0.348561;0.703687
cuda;48000;100;CrossEntropyLoss();43;28;Tanh();0.001;0.9;30;5;TRAIN;91.6;0.321459;4.493441
cuda;12000;100;CrossEntropyLoss();43;28;Tanh();0.001;0.9;30;5;VAL;91.4;0.322763;1.237444
cuda;48000;100;CrossEntropyLoss();43;28;Tanh();0.001;0.9;30;6;TRAIN;92.1;0.298485;4.624679
cuda;12000;100;CrossEntropyLoss();43;28;Tanh();0.001;0.9;30;6;VAL;91.7;0.305506;1.044475
cuda;48000;100;CrossEntropyLoss();43;28;Tanh();0.001;0.9;30;7;TRAIN;92.5;0.281010;4.776733
cuda;12000;100;CrossEntropyLoss();43;28;Tanh();0.001;0.9;30;7;VAL;92.1;0.290678;1.055018
cuda;48000;100;CrossEntropyLoss();43;28;Tanh();0.001;0.9;30;8;TRAIN;92.8;0.267157;3.001667
cuda;12000;100;CrossEntropyLoss();43;28;Tanh();0.001;0.9;30;8;VAL;92.3;0.278795;1.009703
cuda;48000;100;CrossEntropyLoss();43;28;Tanh();0.001;0.9;30;9;TRAIN;93.1;0.255491;3.709018
cuda;12000;100;CrossEntropyLoss();43;28;Tanh();0.001;0.9;30;9;VAL;92.6;0.270040;1.131878
cuda;48000;100;CrossEntropyLoss();43;28;Tanh();0.001;0.9;30;10;TRAIN;93.4;0.245502;5.168510
cuda;12000;100;CrossEntropyLoss();43;28;Tanh();0.001;0.9;30;10;VAL;92.8;0.261760;1.519190
cuda;48000;100;CrossEntropyLoss();43;28;Tanh();0.001;0.9;30;11;TRAIN;93.6;0.236742;5.699680
cuda;12000;100;CrossEntropyLoss();43;28;Tanh();0.001;0.9;30;11;VAL;93.0;0.253718;1.448713
cuda;48000;100;CrossEntropyLoss();43;28;Tanh();0.001;0.9;30;12;TRAIN;93.8;0.229080;6.294038
cuda;12000;100;CrossEntropyLoss();43;28;Tanh();0.001;0.9;30;12;VAL;93.1;0.247520;1.199959
cuda;48000;100;CrossEntropyLoss();43;28;Tanh();0.001;0.9;30;13;TRAIN;94.0;0.222287;3.636771
cuda;12000;100;CrossEntropyLoss();43;28;Tanh();0.001;0.9;30;13;VAL;93.3;0.242266;0.653096
cuda;48000;100;CrossEntropyLoss();43;28;Tanh();0.001;0.9;30;14;TRAIN;94.1;0.216006;3.053293
cuda;12000;100;CrossEntropyLoss();43;28;Tanh();0.001;0.9;30;14;VAL;93.5;0.236681;0.640161
cuda;48000;100;CrossEntropyLoss();43;28;Tanh();0.001;0.9;30;15;TRAIN;94.3;0.210365;2.554972
cuda;12000;100;CrossEntropyLoss();43;28;Tanh();0.001;0.9;30;15;VAL;93.5;0.232130;0.645287
cuda;48000;100;CrossEntropyLoss();43;28;Tanh();0.001;0.9;30;16;TRAIN;94.4;0.205201;2.908891
cuda;12000;100;CrossEntropyLoss();43;28;Tanh();0.001;0.9;30;16;VAL;93.6;0.228442;0.618239
cuda;48000;100;CrossEntropyLoss();43;28;Tanh();0.001;0.9;30;17;TRAIN;94.5;0.200553;2.492147
cuda;12000;100;CrossEntropyLoss();43;28;Tanh();0.001;0.9;30;17;VAL;93.7;0.224071;0.630902
cuda;48000;100;CrossEntropyLoss();43;28;Tanh();0.001;0.9;30;18;TRAIN;94.7;0.195946;3.092205
cuda;12000;100;CrossEntropyLoss();43;28;Tanh();0.001;0.9;30;18;VAL;93.7;0.221485;0.716636
cuda;48000;100;CrossEntropyLoss();43;28;Tanh();0.001;0.9;30;19;TRAIN;94.9;0.191882;3.315044
cuda;12000;100;CrossEntropyLoss();43;28;Tanh();0.001;0.9;30;19;VAL;93.9;0.217351;0.744290
cuda;48000;100;CrossEntropyLoss();43;28;Tanh();0.001;0.9;30;20;TRAIN;94.9;0.187992;4.542313
cuda;12000;100;CrossEntropyLoss();43;28;Tanh();0.001;0.9;30;20;VAL;94.1;0.214348;0.693269
cuda;48000;100;CrossEntropyLoss();43;28;Tanh();0.001;0.9;30;21;TRAIN;95.1;0.184348;3.611910
cuda;12000;100;CrossEntropyLoss();43;28;Tanh();0.001;0.9;30;21;VAL;94.1;0.211186;1.037770
cuda;48000;100;CrossEntropyLoss();43;28;Tanh();0.001;0.9;30;22;TRAIN;95.1;0.180918;3.692476
cuda;12000;100;CrossEntropyLoss();43;28;Tanh();0.001;0.9;30;22;VAL;94.2;0.208854;0.963317
cuda;48000;100;CrossEntropyLoss();43;28;Tanh();0.001;0.9;30;23;TRAIN;95.2;0.177616;2.801249
cuda;12000;100;CrossEntropyLoss();43;28;Tanh();0.001;0.9;30;23;VAL;94.2;0.206147;0.764094
cuda;48000;100;CrossEntropyLoss();43;28;Tanh();0.001;0.9;30;24;TRAIN;95.3;0.174453;3.890434
cuda;12000;100;CrossEntropyLoss();43;28;Tanh();0.001;0.9;30;24;VAL;94.3;0.204481;0.876426
cuda;48000;100;CrossEntropyLoss();43;28;Tanh();0.001;0.9;30;25;TRAIN;95.4;0.171691;3.377947
cuda;12000;100;CrossEntropyLoss();43;28;Tanh();0.001;0.9;30;25;VAL;94.3;0.201638;0.940400
cuda;48000;100;CrossEntropyLoss();43;28;Tanh();0.001;0.9;30;26;TRAIN;95.5;0.168769;3.985078
cuda;12000;100;CrossEntropyLoss();43;28;Tanh();0.001;0.9;30;26;VAL;94.4;0.199739;0.723477
cuda;48000;100;CrossEntropyLoss();43;28;Tanh();0.001;0.9;30;27;TRAIN;95.6;0.165967;2.627414
cuda;12000;100;CrossEntropyLoss();43;28;Tanh();0.001;0.9;30;27;VAL;94.5;0.197726;0.836167
cuda;48000;100;CrossEntropyLoss();43;28;Tanh();0.001;0.9;30;28;TRAIN;95.6;0.163495;3.932264
cuda;12000;100;CrossEntropyLoss();43;28;Tanh();0.001;0.9;30;28;VAL;94.5;0.195876;0.981213
cuda;48000;100;CrossEntropyLoss();43;28;Tanh();0.001;0.9;30;29;TRAIN;95.7;0.161029;4.226050
cuda;12000;100;CrossEntropyLoss();43;28;Tanh();0.001;0.9;30;29;VAL;94.6;0.193943;0.918520
cuda;48000;100;CrossEntropyLoss();43;28;Tanh();0.001;0.9;30;30;TRAIN;95.7;0.158564;2.992508
cuda;12000;100;CrossEntropyLoss();43;28;Tanh();0.001;0.9;30;30;VAL;94.6;0.192919;0.854551
cuda;48000;100;CrossEntropyLoss();43;28;Tanh();0.01;0.1;30;1;TRAIN;80.4;0.994931;2.756157
cuda;12000;100;CrossEntropyLoss();43;28;Tanh();0.01;0.1;30;1;VAL;87.6;0.597666;0.807795
cuda;48000;100;CrossEntropyLoss();43;28;Tanh();0.01;0.1;30;2;TRAIN;89.2;0.493317;2.657206
cuda;12000;100;CrossEntropyLoss();43;28;Tanh();0.01;0.1;30;2;VAL;89.6;0.430808;0.626020
cuda;48000;100;CrossEntropyLoss();43;28;Tanh();0.01;0.1;30;3;TRAIN;90.6;0.388134;3.466952
cuda;12000;100;CrossEntropyLoss();43;28;Tanh();0.01;0.1;30;3;VAL;90.5;0.367180;0.929675
cuda;48000;100;CrossEntropyLoss();43;28;Tanh();0.01;0.1;30;4;TRAIN;91.5;0.339394;3.275073
cuda;12000;100;CrossEntropyLoss();43;28;Tanh();0.01;0.1;30;4;VAL;91.2;0.333257;0.858506
cuda;48000;100;CrossEntropyLoss();43;28;Tanh();0.01;0.1;30;5;TRAIN;92.0;0.309252;2.871649
cuda;12000;100;CrossEntropyLoss();43;28;Tanh();0.01;0.1;30;5;VAL;91.6;0.309835;0.809659
cuda;48000;100;CrossEntropyLoss();43;28;Tanh();0.01;0.1;30;6;TRAIN;92.4;0.287982;3.057187
cuda;12000;100;CrossEntropyLoss();43;28;Tanh();0.01;0.1;30;6;VAL;92.0;0.292631;0.692376
cuda;48000;100;CrossEntropyLoss();43;28;Tanh();0.01;0.1;30;7;TRAIN;92.8;0.271290;2.974512
cuda;12000;100;CrossEntropyLoss();43;28;Tanh();0.01;0.1;30;7;VAL;92.3;0.279860;0.799096
cuda;48000;100;CrossEntropyLoss();43;28;Tanh();0.01;0.1;30;8;TRAIN;93.1;0.258218;3.254247
cuda;12000;100;CrossEntropyLoss();43;28;Tanh();0.01;0.1;30;8;VAL;92.5;0.268215;0.630729
cuda;48000;100;CrossEntropyLoss();43;28;Tanh();0.01;0.1;30;9;TRAIN;93.4;0.247026;2.915719
cuda;12000;100;CrossEntropyLoss();43;28;Tanh();0.01;0.1;30;9;VAL;92.7;0.259238;0.849032
cuda;48000;100;CrossEntropyLoss();43;28;Tanh();0.01;0.1;30;10;TRAIN;93.6;0.237569;3.125669
cuda;12000;100;CrossEntropyLoss();43;28;Tanh();0.01;0.1;30;10;VAL;92.9;0.251850;0.689310
cuda;48000;100;CrossEntropyLoss();43;28;Tanh();0.01;0.1;30;11;TRAIN;93.8;0.229086;3.275822
cuda;12000;100;CrossEntropyLoss();43;28;Tanh();0.01;0.1;30;11;VAL;93.2;0.244461;1.122593
cuda;48000;100;CrossEntropyLoss();43;28;Tanh();0.01;0.1;30;12;TRAIN;94.0;0.221888;3.542825
cuda;12000;100;CrossEntropyLoss();43;28;Tanh();0.01;0.1;30;12;VAL;93.3;0.238460;0.956200
cuda;48000;100;CrossEntropyLoss();43;28;Tanh();0.01;0.1;30;13;TRAIN;94.2;0.215394;3.216502
cuda;12000;100;CrossEntropyLoss();43;28;Tanh();0.01;0.1;30;13;VAL;93.5;0.232895;0.779448
cuda;48000;100;CrossEntropyLoss();43;28;Tanh();0.01;0.1;30;14;TRAIN;94.4;0.209165;3.290789
cuda;12000;100;CrossEntropyLoss();43;28;Tanh();0.01;0.1;30;14;VAL;93.6;0.227736;0.790992
cuda;48000;100;CrossEntropyLoss();43;28;Tanh();0.01;0.1;30;15;TRAIN;94.5;0.203959;3.669795
cuda;12000;100;CrossEntropyLoss();43;28;Tanh();0.01;0.1;30;15;VAL;93.8;0.223505;0.677401
cuda;48000;100;CrossEntropyLoss();43;28;Tanh();0.01;0.1;30;16;TRAIN;94.6;0.198972;2.946613
cuda;12000;100;CrossEntropyLoss();43;28;Tanh();0.01;0.1;30;16;VAL;93.8;0.218950;0.640597
cuda;48000;100;CrossEntropyLoss();43;28;Tanh();0.01;0.1;30;17;TRAIN;94.8;0.194295;2.997626
cuda;12000;100;CrossEntropyLoss();43;28;Tanh();0.01;0.1;30;17;VAL;93.9;0.216222;0.701455
cuda;48000;100;CrossEntropyLoss();43;28;Tanh();0.01;0.1;30;18;TRAIN;94.9;0.189967;2.734329
cuda;12000;100;CrossEntropyLoss();43;28;Tanh();0.01;0.1;30;18;VAL;93.9;0.212436;0.722844
cuda;48000;100;CrossEntropyLoss();43;28;Tanh();0.01;0.1;30;19;TRAIN;95.0;0.185925;2.897686
cuda;12000;100;CrossEntropyLoss();43;28;Tanh();0.01;0.1;30;19;VAL;94.0;0.209495;0.722170
cuda;48000;100;CrossEntropyLoss();43;28;Tanh();0.01;0.1;30;20;TRAIN;95.1;0.182119;2.461052
cuda;12000;100;CrossEntropyLoss();43;28;Tanh();0.01;0.1;30;20;VAL;94.0;0.206715;0.634379
cuda;48000;100;CrossEntropyLoss();43;28;Tanh();0.01;0.1;30;21;TRAIN;95.2;0.178546;2.707891
cuda;12000;100;CrossEntropyLoss();43;28;Tanh();0.01;0.1;30;21;VAL;94.1;0.204358;0.740284
cuda;48000;100;CrossEntropyLoss();43;28;Tanh();0.01;0.1;30;22;TRAIN;95.3;0.175156;2.594123
cuda;12000;100;CrossEntropyLoss();43;28;Tanh();0.01;0.1;30;22;VAL;94.2;0.200777;0.653961
cuda;48000;100;CrossEntropyLoss();43;28;Tanh();0.01;0.1;30;23;TRAIN;95.3;0.171938;3.805877
cuda;12000;100;CrossEntropyLoss();43;28;Tanh();0.01;0.1;30;23;VAL;94.3;0.198707;0.826096
cuda;48000;100;CrossEntropyLoss();43;28;Tanh();0.01;0.1;30;24;TRAIN;95.4;0.168857;3.008026
cuda;12000;100;CrossEntropyLoss();43;28;Tanh();0.01;0.1;30;24;VAL;94.3;0.196711;1.109980
cuda;48000;100;CrossEntropyLoss();43;28;Tanh();0.01;0.1;30;25;TRAIN;95.5;0.166095;4.580515
cuda;12000;100;CrossEntropyLoss();43;28;Tanh();0.01;0.1;30;25;VAL;94.4;0.194492;0.909895
cuda;48000;100;CrossEntropyLoss();43;28;Tanh();0.01;0.1;30;26;TRAIN;95.5;0.163355;3.834405
cuda;12000;100;CrossEntropyLoss();43;28;Tanh();0.01;0.1;30;26;VAL;94.5;0.192354;1.203985
cuda;48000;100;CrossEntropyLoss();43;28;Tanh();0.01;0.1;30;27;TRAIN;95.6;0.160676;5.757515
cuda;12000;100;CrossEntropyLoss();43;28;Tanh();0.01;0.1;30;27;VAL;94.5;0.190161;0.815937
cuda;48000;100;CrossEntropyLoss();43;28;Tanh();0.01;0.1;30;28;TRAIN;95.7;0.158160;3.531543
cuda;12000;100;CrossEntropyLoss();43;28;Tanh();0.01;0.1;30;28;VAL;94.5;0.189384;0.887595
cuda;48000;100;CrossEntropyLoss();43;28;Tanh();0.01;0.1;30;29;TRAIN;95.7;0.155786;4.317672
cuda;12000;100;CrossEntropyLoss();43;28;Tanh();0.01;0.1;30;29;VAL;94.6;0.187347;0.718133
cuda;48000;100;CrossEntropyLoss();43;28;Tanh();0.01;0.1;30;30;TRAIN;95.8;0.153476;3.755569
cuda;12000;100;CrossEntropyLoss();43;28;Tanh();0.01;0.1;30;30;VAL;94.7;0.184988;1.577752
cuda;48000;100;CrossEntropyLoss();43;28;Tanh();0.01;0.5;30;1;TRAIN;83.7;0.792700;3.143216
cuda;12000;100;CrossEntropyLoss();43;28;Tanh();0.01;0.5;30;1;VAL;89.1;0.463148;1.022062
cuda;48000;100;CrossEntropyLoss();43;28;Tanh();0.01;0.5;30;2;TRAIN;90.6;0.383645;4.564703
cuda;12000;100;CrossEntropyLoss();43;28;Tanh();0.01;0.5;30;2;VAL;91.0;0.348095;0.885864
cuda;48000;100;CrossEntropyLoss();43;28;Tanh();0.01;0.5;30;3;TRAIN;91.8;0.310959;3.252687
cuda;12000;100;CrossEntropyLoss();43;28;Tanh();0.01;0.5;30;3;VAL;91.9;0.302059;1.233314
cuda;48000;100;CrossEntropyLoss();43;28;Tanh();0.01;0.5;30;4;TRAIN;92.6;0.274247;4.652171
cuda;12000;100;CrossEntropyLoss();43;28;Tanh();0.01;0.5;30;4;VAL;92.3;0.278944;1.034617
cuda;48000;100;CrossEntropyLoss();43;28;Tanh();0.01;0.5;30;5;TRAIN;93.2;0.250407;3.125173
cuda;12000;100;CrossEntropyLoss();43;28;Tanh();0.01;0.5;30;5;VAL;92.9;0.258841;0.759805
cuda;48000;100;CrossEntropyLoss();43;28;Tanh();0.01;0.5;30;6;TRAIN;93.7;0.232838;2.861301
cuda;12000;100;CrossEntropyLoss();43;28;Tanh();0.01;0.5;30;6;VAL;93.1;0.246942;0.773282
cuda;48000;100;CrossEntropyLoss();43;28;Tanh();0.01;0.5;30;7;TRAIN;94.0;0.219045;3.440301
cuda;12000;100;CrossEntropyLoss();43;28;Tanh();0.01;0.5;30;7;VAL;93.5;0.234479;1.530770
cuda;48000;100;CrossEntropyLoss();43;28;Tanh();0.01;0.5;30;8;TRAIN;94.3;0.207337;4.158749
cuda;12000;100;CrossEntropyLoss();43;28;Tanh();0.01;0.5;30;8;VAL;93.7;0.224820;0.633479
cuda;48000;100;CrossEntropyLoss();43;28;Tanh();0.01;0.5;30;9;TRAIN;94.6;0.197756;2.853550
cuda;12000;100;CrossEntropyLoss();43;28;Tanh();0.01;0.5;30;9;VAL;93.9;0.218944;0.716175
cuda;48000;100;CrossEntropyLoss();43;28;Tanh();0.01;0.5;30;10;TRAIN;94.8;0.189373;2.666417
cuda;12000;100;CrossEntropyLoss();43;28;Tanh();0.01;0.5;30;10;VAL;94.0;0.211563;0.652857
cuda;48000;100;CrossEntropyLoss();43;28;Tanh();0.01;0.5;30;11;TRAIN;95.0;0.181758;2.856708
cuda;12000;100;CrossEntropyLoss();43;28;Tanh();0.01;0.5;30;11;VAL;94.2;0.206829;0.783220
cuda;48000;100;CrossEntropyLoss();43;28;Tanh();0.01;0.5;30;12;TRAIN;95.3;0.175385;2.768614
cuda;12000;100;CrossEntropyLoss();43;28;Tanh();0.01;0.5;30;12;VAL;94.3;0.202806;0.678802
cuda;48000;100;CrossEntropyLoss();43;28;Tanh();0.01;0.5;30;13;TRAIN;95.3;0.169712;3.316813
cuda;12000;100;CrossEntropyLoss();43;28;Tanh();0.01;0.5;30;13;VAL;94.3;0.197895;0.893819
cuda;48000;100;CrossEntropyLoss();43;28;Tanh();0.01;0.5;30;14;TRAIN;95.5;0.164189;2.559876
cuda;12000;100;CrossEntropyLoss();43;28;Tanh();0.01;0.5;30;14;VAL;94.3;0.195960;0.652431
cuda;48000;100;CrossEntropyLoss();43;28;Tanh();0.01;0.5;30;15;TRAIN;95.6;0.159506;2.509722
cuda;12000;100;CrossEntropyLoss();43;28;Tanh();0.01;0.5;30;15;VAL;94.6;0.190327;0.891877
cuda;48000;100;CrossEntropyLoss();43;28;Tanh();0.01;0.5;30;16;TRAIN;95.7;0.155019;3.124176
cuda;12000;100;CrossEntropyLoss();43;28;Tanh();0.01;0.5;30;16;VAL;94.8;0.188479;0.749697
cuda;48000;100;CrossEntropyLoss();43;28;Tanh();0.01;0.5;30;17;TRAIN;95.9;0.150837;2.767634
cuda;12000;100;CrossEntropyLoss();43;28;Tanh();0.01;0.5;30;17;VAL;94.7;0.186160;0.843260
cuda;48000;100;CrossEntropyLoss();43;28;Tanh();0.01;0.5;30;18;TRAIN;96.0;0.146927;3.478471
cuda;12000;100;CrossEntropyLoss();43;28;Tanh();0.01;0.5;30;18;VAL;94.8;0.183120;0.754746
cuda;48000;100;CrossEntropyLoss();43;28;Tanh();0.01;0.5;30;19;TRAIN;96.1;0.143517;2.919471
cuda;12000;100;CrossEntropyLoss();43;28;Tanh();0.01;0.5;30;19;VAL;94.7;0.181215;0.959083
cuda;48000;100;CrossEntropyLoss();43;28;Tanh();0.01;0.5;30;20;TRAIN;96.2;0.140271;4.124528
cuda;12000;100;CrossEntropyLoss();43;28;Tanh();0.01;0.5;30;20;VAL;94.8;0.178400;0.751198
cuda;48000;100;CrossEntropyLoss();43;28;Tanh();0.01;0.5;30;21;TRAIN;96.3;0.137077;4.398393
cuda;12000;100;CrossEntropyLoss();43;28;Tanh();0.01;0.5;30;21;VAL;95.0;0.176231;0.688718
cuda;48000;100;CrossEntropyLoss();43;28;Tanh();0.01;0.5;30;22;TRAIN;96.4;0.134047;2.697257
cuda;12000;100;CrossEntropyLoss();43;28;Tanh();0.01;0.5;30;22;VAL;95.0;0.175226;0.695354
cuda;48000;100;CrossEntropyLoss();43;28;Tanh();0.01;0.5;30;23;TRAIN;96.4;0.131512;2.771297
cuda;12000;100;CrossEntropyLoss();43;28;Tanh();0.01;0.5;30;23;VAL;94.9;0.172894;0.749049
cuda;48000;100;CrossEntropyLoss();43;28;Tanh();0.01;0.5;30;24;TRAIN;96.5;0.128656;2.626199
cuda;12000;100;CrossEntropyLoss();43;28;Tanh();0.01;0.5;30;24;VAL;95.0;0.172587;0.625180
cuda;48000;100;CrossEntropyLoss();43;28;Tanh();0.01;0.5;30;25;TRAIN;96.6;0.126162;2.847030
cuda;12000;100;CrossEntropyLoss();43;28;Tanh();0.01;0.5;30;25;VAL;95.0;0.171646;1.006899
cuda;48000;100;CrossEntropyLoss();43;28;Tanh();0.01;0.5;30;26;TRAIN;96.7;0.123701;2.946128
cuda;12000;100;CrossEntropyLoss();43;28;Tanh();0.01;0.5;30;26;VAL;95.1;0.168285;0.735351
cuda;48000;100;CrossEntropyLoss();43;28;Tanh();0.01;0.5;30;27;TRAIN;96.7;0.121689;4.319895
cuda;12000;100;CrossEntropyLoss();43;28;Tanh();0.01;0.5;30;27;VAL;95.1;0.167553;1.806350
cuda;48000;100;CrossEntropyLoss();43;28;Tanh();0.01;0.5;30;28;TRAIN;96.8;0.119170;4.693780
cuda;12000;100;CrossEntropyLoss();43;28;Tanh();0.01;0.5;30;28;VAL;95.1;0.166374;0.857451
cuda;48000;100;CrossEntropyLoss();43;28;Tanh();0.01;0.5;30;29;TRAIN;96.8;0.117478;4.273091
cuda;12000;100;CrossEntropyLoss();43;28;Tanh();0.01;0.5;30;29;VAL;95.2;0.164865;1.033891
cuda;48000;100;CrossEntropyLoss();43;28;Tanh();0.01;0.5;30;30;TRAIN;96.9;0.115368;4.358560
cuda;12000;100;CrossEntropyLoss();43;28;Tanh();0.01;0.5;30;30;VAL;95.2;0.164001;1.205981
cuda;48000;100;CrossEntropyLoss();43;28;Tanh();0.01;0.9;30;1;TRAIN;88.5;0.440759;3.423946
cuda;12000;100;CrossEntropyLoss();43;28;Tanh();0.01;0.9;30;1;VAL;92.5;0.268880;0.847652
cuda;48000;100;CrossEntropyLoss();43;28;Tanh();0.01;0.9;30;2;TRAIN;93.6;0.227941;5.228935
cuda;12000;100;CrossEntropyLoss();43;28;Tanh();0.01;0.9;30;2;VAL;93.7;0.216911;1.273251
cuda;48000;100;CrossEntropyLoss();43;28;Tanh();0.01;0.9;30;3;TRAIN;94.7;0.187277;3.602912
cuda;12000;100;CrossEntropyLoss();43;28;Tanh();0.01;0.9;30;3;VAL;94.1;0.200690;0.662031
cuda;48000;100;CrossEntropyLoss();43;28;Tanh();0.01;0.9;30;4;TRAIN;95.3;0.165366;3.305757
cuda;12000;100;CrossEntropyLoss();43;28;Tanh();0.01;0.9;30;4;VAL;94.4;0.186352;0.765863
cuda;48000;100;CrossEntropyLoss();43;28;Tanh();0.01;0.9;30;5;TRAIN;95.7;0.149131;2.495650
cuda;12000;100;CrossEntropyLoss();43;28;Tanh();0.01;0.9;30;5;VAL;94.9;0.175359;0.639367
cuda;48000;100;CrossEntropyLoss();43;28;Tanh();0.01;0.9;30;6;TRAIN;96.1;0.137346;2.553961
cuda;12000;100;CrossEntropyLoss();43;28;Tanh();0.01;0.9;30;6;VAL;94.7;0.175613;0.661627
cuda;48000;100;CrossEntropyLoss();43;28;Tanh();0.01;0.9;30;7;TRAIN;96.3;0.128182;2.643272
cuda;12000;100;CrossEntropyLoss();43;28;Tanh();0.01;0.9;30;7;VAL;95.0;0.168712;0.802890
cuda;48000;100;CrossEntropyLoss();43;28;Tanh();0.01;0.9;30;8;TRAIN;96.5;0.119591;2.451021
cuda;12000;100;CrossEntropyLoss();43;28;Tanh();0.01;0.9;30;8;VAL;95.1;0.162312;0.653037
cuda;48000;100;CrossEntropyLoss();43;28;Tanh();0.01;0.9;30;9;TRAIN;96.8;0.113652;2.637291
cuda;12000;100;CrossEntropyLoss();43;28;Tanh();0.01;0.9;30;9;VAL;95.1;0.162527;0.587065
cuda;48000;100;CrossEntropyLoss();43;28;Tanh();0.01;0.9;30;10;TRAIN;96.8;0.108835;2.353298
cuda;12000;100;CrossEntropyLoss();43;28;Tanh();0.01;0.9;30;10;VAL;95.1;0.161746;0.598027
cuda;48000;100;CrossEntropyLoss();43;28;Tanh();0.01;0.9;30;11;TRAIN;97.1;0.103082;2.981122
cuda;12000;100;CrossEntropyLoss();43;28;Tanh();0.01;0.9;30;11;VAL;95.3;0.157792;0.605514
cuda;48000;100;CrossEntropyLoss();43;28;Tanh();0.01;0.9;30;12;TRAIN;97.2;0.097343;2.867871
cuda;12000;100;CrossEntropyLoss();43;28;Tanh();0.01;0.9;30;12;VAL;95.1;0.159701;0.698153
cuda;48000;100;CrossEntropyLoss();43;28;Tanh();0.01;0.9;30;13;TRAIN;97.4;0.093418;3.205149
cuda;12000;100;CrossEntropyLoss();43;28;Tanh();0.01;0.9;30;13;VAL;95.4;0.154869;0.858870
cuda;48000;100;CrossEntropyLoss();43;28;Tanh();0.01;0.9;30;14;TRAIN;97.5;0.089217;3.088184
cuda;12000;100;CrossEntropyLoss();43;28;Tanh();0.01;0.9;30;14;VAL;95.3;0.158214;0.621804
cuda;48000;100;CrossEntropyLoss();43;28;Tanh();0.01;0.9;30;15;TRAIN;97.6;0.085817;2.630389
cuda;12000;100;CrossEntropyLoss();43;28;Tanh();0.01;0.9;30;15;VAL;95.2;0.161299;0.683538
cuda;48000;100;CrossEntropyLoss();43;28;Tanh();0.01;0.9;30;16;TRAIN;97.7;0.082550;2.747299
cuda;12000;100;CrossEntropyLoss();43;28;Tanh();0.01;0.9;30;16;VAL;95.5;0.154929;0.654385
cuda;48000;100;CrossEntropyLoss();43;28;Tanh();0.01;0.9;30;17;TRAIN;97.8;0.079866;2.753151
cuda;12000;100;CrossEntropyLoss();43;28;Tanh();0.01;0.9;30;17;VAL;95.4;0.155053;0.597978
cuda;48000;100;CrossEntropyLoss();43;28;Tanh();0.01;0.9;30;18;TRAIN;97.8;0.076885;3.028089
cuda;12000;100;CrossEntropyLoss();43;28;Tanh();0.01;0.9;30;18;VAL;95.5;0.157174;0.900689
cuda;48000;100;CrossEntropyLoss();43;28;Tanh();0.01;0.9;30;19;TRAIN;98.0;0.073585;2.712545
cuda;12000;100;CrossEntropyLoss();43;28;Tanh();0.01;0.9;30;19;VAL;95.5;0.156919;0.743814
cuda;48000;100;CrossEntropyLoss();43;28;Tanh();0.01;0.9;30;20;TRAIN;98.0;0.071353;3.175076
cuda;12000;100;CrossEntropyLoss();43;28;Tanh();0.01;0.9;30;20;VAL;95.4;0.155947;0.655220
cuda;48000;100;CrossEntropyLoss();43;28;Tanh();0.01;0.9;30;21;TRAIN;98.2;0.068151;3.079796
cuda;12000;100;CrossEntropyLoss();43;28;Tanh();0.01;0.9;30;21;VAL;95.2;0.161265;0.672827
cuda;48000;100;CrossEntropyLoss();43;28;Tanh();0.01;0.9;30;22;TRAIN;98.3;0.066286;2.997657
cuda;12000;100;CrossEntropyLoss();43;28;Tanh();0.01;0.9;30;22;VAL;95.4;0.156516;0.676279
cuda;48000;100;CrossEntropyLoss();43;28;Tanh();0.01;0.9;30;23;TRAIN;98.3;0.064646;2.480280
cuda;12000;100;CrossEntropyLoss();43;28;Tanh();0.01;0.9;30;23;VAL;95.3;0.158289;0.713282
cuda;48000;100;CrossEntropyLoss();43;28;Tanh();0.01;0.9;30;24;TRAIN;98.3;0.062520;4.107988
cuda;12000;100;CrossEntropyLoss();43;28;Tanh();0.01;0.9;30;24;VAL;95.3;0.156555;0.915928
cuda;48000;100;CrossEntropyLoss();43;28;Tanh();0.01;0.9;30;25;TRAIN;98.4;0.060751;3.748026
cuda;12000;100;CrossEntropyLoss();43;28;Tanh();0.01;0.9;30;25;VAL;95.4;0.157749;0.766140
cuda;48000;100;CrossEntropyLoss();43;28;Tanh();0.01;0.9;30;26;TRAIN;98.5;0.057916;3.646805
cuda;12000;100;CrossEntropyLoss();43;28;Tanh();0.01;0.9;30;26;VAL;95.3;0.161776;0.902814
cuda;48000;100;CrossEntropyLoss();43;28;Tanh();0.01;0.9;30;27;TRAIN;98.5;0.056266;3.823300
cuda;12000;100;CrossEntropyLoss();43;28;Tanh();0.01;0.9;30;27;VAL;95.1;0.166392;1.036281
cuda;48000;100;CrossEntropyLoss();43;28;Tanh();0.01;0.9;30;28;TRAIN;98.6;0.054830;4.908637
cuda;12000;100;CrossEntropyLoss();43;28;Tanh();0.01;0.9;30;28;VAL;95.4;0.163043;0.766572
cuda;48000;100;CrossEntropyLoss();43;28;Tanh();0.01;0.9;30;29;TRAIN;98.7;0.052307;3.468236
cuda;12000;100;CrossEntropyLoss();43;28;Tanh();0.01;0.9;30;29;VAL;95.5;0.160945;0.679803
cuda;48000;100;CrossEntropyLoss();43;28;Tanh();0.01;0.9;30;30;TRAIN;98.7;0.051131;2.361112
cuda;12000;100;CrossEntropyLoss();43;28;Tanh();0.01;0.9;30;30;VAL;95.3;0.163185;0.583688
cuda;48000;100;CrossEntropyLoss();43;28;Tanh();0.1;0.1;30;1;TRAIN;89.8;0.405983;2.594587
cuda;12000;100;CrossEntropyLoss();43;28;Tanh();0.1;0.1;30;1;VAL;92.3;0.276858;1.296578
cuda;48000;100;CrossEntropyLoss();43;28;Tanh();0.1;0.1;30;2;TRAIN;93.5;0.230059;3.165411
cuda;12000;100;CrossEntropyLoss();43;28;Tanh();0.1;0.1;30;2;VAL;93.6;0.226300;1.070742
cuda;48000;100;CrossEntropyLoss();43;28;Tanh();0.1;0.1;30;3;TRAIN;94.4;0.194772;2.882678
cuda;12000;100;CrossEntropyLoss();43;28;Tanh();0.1;0.1;30;3;VAL;94.0;0.204177;0.863897
cuda;48000;100;CrossEntropyLoss();43;28;Tanh();0.1;0.1;30;4;TRAIN;95.0;0.172548;2.713309
cuda;12000;100;CrossEntropyLoss();43;28;Tanh();0.1;0.1;30;4;VAL;94.3;0.192584;0.681149
cuda;48000;100;CrossEntropyLoss();43;28;Tanh();0.1;0.1;30;5;TRAIN;95.5;0.156975;3.618823
cuda;12000;100;CrossEntropyLoss();43;28;Tanh();0.1;0.1;30;5;VAL;94.5;0.184678;0.862069
cuda;48000;100;CrossEntropyLoss();43;28;Tanh();0.1;0.1;30;6;TRAIN;95.9;0.144100;3.097191
cuda;12000;100;CrossEntropyLoss();43;28;Tanh();0.1;0.1;30;6;VAL;94.8;0.177086;0.765151
cuda;48000;100;CrossEntropyLoss();43;28;Tanh();0.1;0.1;30;7;TRAIN;96.2;0.134144;3.535079
cuda;12000;100;CrossEntropyLoss();43;28;Tanh();0.1;0.1;30;7;VAL;94.8;0.173540;0.820661
cuda;48000;100;CrossEntropyLoss();43;28;Tanh();0.1;0.1;30;8;TRAIN;96.4;0.125487;3.231541
cuda;12000;100;CrossEntropyLoss();43;28;Tanh();0.1;0.1;30;8;VAL;95.0;0.170123;0.705067
cuda;48000;100;CrossEntropyLoss();43;28;Tanh();0.1;0.1;30;9;TRAIN;96.5;0.119243;3.489751
cuda;12000;100;CrossEntropyLoss();43;28;Tanh();0.1;0.1;30;9;VAL;95.2;0.165265;0.692707
cuda;48000;100;CrossEntropyLoss();43;28;Tanh();0.1;0.1;30;10;TRAIN;96.8;0.112114;2.680533
cuda;12000;100;CrossEntropyLoss();43;28;Tanh();0.1;0.1;30;10;VAL;95.4;0.163792;0.640279
cuda;48000;100;CrossEntropyLoss();43;28;Tanh();0.1;0.1;30;11;TRAIN;96.9;0.106152;3.118881
cuda;12000;100;CrossEntropyLoss();43;28;Tanh();0.1;0.1;30;11;VAL;95.3;0.164117;0.607304
cuda;48000;100;CrossEntropyLoss();43;28;Tanh();0.1;0.1;30;12;TRAIN;97.0;0.102271;2.394241
cuda;12000;100;CrossEntropyLoss();43;28;Tanh();0.1;0.1;30;12;VAL;95.1;0.164583;0.602866
cuda;48000;100;CrossEntropyLoss();43;28;Tanh();0.1;0.1;30;13;TRAIN;97.3;0.096770;2.692638
cuda;12000;100;CrossEntropyLoss();43;28;Tanh();0.1;0.1;30;13;VAL;95.2;0.165014;1.113279
cuda;48000;100;CrossEntropyLoss();43;28;Tanh();0.1;0.1;30;14;TRAIN;97.3;0.093595;2.433680
cuda;12000;100;CrossEntropyLoss();43;28;Tanh();0.1;0.1;30;14;VAL;95.2;0.164199;0.647297
cuda;48000;100;CrossEntropyLoss();43;28;Tanh();0.1;0.1;30;15;TRAIN;97.5;0.089282;2.641339
cuda;12000;100;CrossEntropyLoss();43;28;Tanh();0.1;0.1;30;15;VAL;95.4;0.161602;0.729808
cuda;48000;100;CrossEntropyLoss();43;28;Tanh();0.1;0.1;30;16;TRAIN;97.5;0.086359;2.632985
cuda;12000;100;CrossEntropyLoss();43;28;Tanh();0.1;0.1;30;16;VAL;95.4;0.160592;0.588200
cuda;48000;100;CrossEntropyLoss();43;28;Tanh();0.1;0.1;30;17;TRAIN;97.6;0.083078;2.625815
cuda;12000;100;CrossEntropyLoss();43;28;Tanh();0.1;0.1;30;17;VAL;95.4;0.159793;0.722078
cuda;48000;100;CrossEntropyLoss();43;28;Tanh();0.1;0.1;30;18;TRAIN;97.7;0.079246;2.640459
cuda;12000;100;CrossEntropyLoss();43;28;Tanh();0.1;0.1;30;18;VAL;95.2;0.166316;0.574220
cuda;48000;100;CrossEntropyLoss();43;28;Tanh();0.1;0.1;30;19;TRAIN;97.9;0.076311;2.859073
cuda;12000;100;CrossEntropyLoss();43;28;Tanh();0.1;0.1;30;19;VAL;95.4;0.162144;0.677466
cuda;48000;100;CrossEntropyLoss();43;28;Tanh();0.1;0.1;30;20;TRAIN;97.9;0.074828;2.629468
cuda;12000;100;CrossEntropyLoss();43;28;Tanh();0.1;0.1;30;20;VAL;95.4;0.161215;0.620350
cuda;48000;100;CrossEntropyLoss();43;28;Tanh();0.1;0.1;30;21;TRAIN;98.0;0.071911;2.357162
cuda;12000;100;CrossEntropyLoss();43;28;Tanh();0.1;0.1;30;21;VAL;95.4;0.161852;0.617133
cuda;48000;100;CrossEntropyLoss();43;28;Tanh();0.1;0.1;30;22;TRAIN;98.1;0.068562;2.722987
cuda;12000;100;CrossEntropyLoss();43;28;Tanh();0.1;0.1;30;22;VAL;95.0;0.171978;0.591129
cuda;48000;100;CrossEntropyLoss();43;28;Tanh();0.1;0.1;30;23;TRAIN;98.1;0.067384;2.395376
cuda;12000;100;CrossEntropyLoss();43;28;Tanh();0.1;0.1;30;23;VAL;95.2;0.168283;0.624165
cuda;48000;100;CrossEntropyLoss();43;28;Tanh();0.1;0.1;30;24;TRAIN;98.3;0.064526;2.932577
cuda;12000;100;CrossEntropyLoss();43;28;Tanh();0.1;0.1;30;24;VAL;95.4;0.163815;0.691352
cuda;48000;100;CrossEntropyLoss();43;28;Tanh();0.1;0.1;30;25;TRAIN;98.3;0.062522;2.430835
cuda;12000;100;CrossEntropyLoss();43;28;Tanh();0.1;0.1;30;25;VAL;95.3;0.163525;0.610462
cuda;48000;100;CrossEntropyLoss();43;28;Tanh();0.1;0.1;30;26;TRAIN;98.4;0.060208;3.318581
cuda;12000;100;CrossEntropyLoss();43;28;Tanh();0.1;0.1;30;26;VAL;95.1;0.171399;0.813643
cuda;48000;100;CrossEntropyLoss();43;28;Tanh();0.1;0.1;30;27;TRAIN;98.4;0.059046;2.838558
cuda;12000;100;CrossEntropyLoss();43;28;Tanh();0.1;0.1;30;27;VAL;95.3;0.164316;0.681940
cuda;48000;100;CrossEntropyLoss();43;28;Tanh();0.1;0.1;30;28;TRAIN;98.5;0.057413;3.769433
cuda;12000;100;CrossEntropyLoss();43;28;Tanh();0.1;0.1;30;28;VAL;95.2;0.168508;0.827514
cuda;48000;100;CrossEntropyLoss();43;28;Tanh();0.1;0.1;30;29;TRAIN;98.5;0.055985;2.889330
cuda;12000;100;CrossEntropyLoss();43;28;Tanh();0.1;0.1;30;29;VAL;95.2;0.170953;0.624917
cuda;48000;100;CrossEntropyLoss();43;28;Tanh();0.1;0.1;30;30;TRAIN;98.6;0.053772;3.198160
cuda;12000;100;CrossEntropyLoss();43;28;Tanh();0.1;0.1;30;30;VAL;95.1;0.171135;0.667303
cuda;48000;100;CrossEntropyLoss();43;28;Tanh();0.1;0.5;30;1;TRAIN;90.6;0.352687;2.349687
cuda;12000;100;CrossEntropyLoss();43;28;Tanh();0.1;0.5;30;1;VAL;93.4;0.239667;0.579173
cuda;48000;100;CrossEntropyLoss();43;28;Tanh();0.1;0.5;30;2;TRAIN;94.1;0.207462;2.516786
cuda;12000;100;CrossEntropyLoss();43;28;Tanh();0.1;0.5;30;2;VAL;93.9;0.209950;0.739326
cuda;48000;100;CrossEntropyLoss();43;28;Tanh();0.1;0.5;30;3;TRAIN;95.0;0.175034;2.461582
cuda;12000;100;CrossEntropyLoss();43;28;Tanh();0.1;0.5;30;3;VAL;94.5;0.189584;0.603739
cuda;48000;100;CrossEntropyLoss();43;28;Tanh();0.1;0.5;30;4;TRAIN;95.4;0.155688;2.441874
cuda;12000;100;CrossEntropyLoss();43;28;Tanh();0.1;0.5;30;4;VAL;94.8;0.183316;0.642346
cuda;48000;100;CrossEntropyLoss();43;28;Tanh();0.1;0.5;30;5;TRAIN;95.8;0.141501;2.662563
cuda;12000;100;CrossEntropyLoss();43;28;Tanh();0.1;0.5;30;5;VAL;94.8;0.177085;0.589485
cuda;48000;100;CrossEntropyLoss();43;28;Tanh();0.1;0.5;30;6;TRAIN;96.2;0.130161;2.399851
cuda;12000;100;CrossEntropyLoss();43;28;Tanh();0.1;0.5;30;6;VAL;95.1;0.176699;0.614046
cuda;48000;100;CrossEntropyLoss();43;28;Tanh();0.1;0.5;30;7;TRAIN;96.4;0.120195;2.663236
cuda;12000;100;CrossEntropyLoss();43;28;Tanh();0.1;0.5;30;7;VAL;95.1;0.169087;0.619689
cuda;48000;100;CrossEntropyLoss();43;28;Tanh();0.1;0.5;30;8;TRAIN;96.6;0.113716;2.352576
cuda;12000;100;CrossEntropyLoss();43;28;Tanh();0.1;0.5;30;8;VAL;95.2;0.164500;0.584624
cuda;48000;100;CrossEntropyLoss();43;28;Tanh();0.1;0.5;30;9;TRAIN;96.8;0.107420;2.573522
cuda;12000;100;CrossEntropyLoss();43;28;Tanh();0.1;0.5;30;9;VAL;95.2;0.166102;0.672138
cuda;48000;100;CrossEntropyLoss();43;28;Tanh();0.1;0.5;30;10;TRAIN;96.9;0.101277;2.358691
cuda;12000;100;CrossEntropyLoss();43;28;Tanh();0.1;0.5;30;10;VAL;95.2;0.164956;0.574595
cuda;48000;100;CrossEntropyLoss();43;28;Tanh();0.1;0.5;30;11;TRAIN;97.1;0.095458;2.421491
cuda;12000;100;CrossEntropyLoss();43;28;Tanh();0.1;0.5;30;11;VAL;95.0;0.168585;0.725636
cuda;48000;100;CrossEntropyLoss();43;28;Tanh();0.1;0.5;30;12;TRAIN;97.3;0.090258;2.462611
cuda;12000;100;CrossEntropyLoss();43;28;Tanh();0.1;0.5;30;12;VAL;95.2;0.164986;0.587541
cuda;48000;100;CrossEntropyLoss();43;28;Tanh();0.1;0.5;30;13;TRAIN;97.4;0.088158;2.375407
cuda;12000;100;CrossEntropyLoss();43;28;Tanh();0.1;0.5;30;13;VAL;95.3;0.165260;0.626479
cuda;48000;100;CrossEntropyLoss();43;28;Tanh();0.1;0.5;30;14;TRAIN;97.5;0.083276;2.717823
cuda;12000;100;CrossEntropyLoss();43;28;Tanh();0.1;0.5;30;14;VAL;94.9;0.176054;0.594705
cuda;48000;100;CrossEntropyLoss();43;28;Tanh();0.1;0.5;30;15;TRAIN;97.6;0.080153;2.815511
cuda;12000;100;CrossEntropyLoss();43;28;Tanh();0.1;0.5;30;15;VAL;95.1;0.169773;0.882102
cuda;48000;100;CrossEntropyLoss();43;28;Tanh();0.1;0.5;30;16;TRAIN;97.8;0.075999;3.005650
cuda;12000;100;CrossEntropyLoss();43;28;Tanh();0.1;0.5;30;16;VAL;95.4;0.165920;0.626694
cuda;48000;100;CrossEntropyLoss();43;28;Tanh();0.1;0.5;30;17;TRAIN;97.9;0.072948;2.333511
cuda;12000;100;CrossEntropyLoss();43;28;Tanh();0.1;0.5;30;17;VAL;95.0;0.170312;0.805516
cuda;48000;100;CrossEntropyLoss();43;28;Tanh();0.1;0.5;30;18;TRAIN;98.0;0.069396;3.288178
cuda;12000;100;CrossEntropyLoss();43;28;Tanh();0.1;0.5;30;18;VAL;95.1;0.170051;0.599878
cuda;48000;100;CrossEntropyLoss();43;28;Tanh();0.1;0.5;30;19;TRAIN;97.9;0.069091;2.608431
cuda;12000;100;CrossEntropyLoss();43;28;Tanh();0.1;0.5;30;19;VAL;95.3;0.170086;0.632108
cuda;48000;100;CrossEntropyLoss();43;28;Tanh();0.1;0.5;30;20;TRAIN;98.2;0.064418;2.713994
cuda;12000;100;CrossEntropyLoss();43;28;Tanh();0.1;0.5;30;20;VAL;95.0;0.176221;0.631276
cuda;48000;100;CrossEntropyLoss();43;28;Tanh();0.1;0.5;30;21;TRAIN;98.1;0.062874;2.349961
cuda;12000;100;CrossEntropyLoss();43;28;Tanh();0.1;0.5;30;21;VAL;95.3;0.171421;0.602480
cuda;48000;100;CrossEntropyLoss();43;28;Tanh();0.1;0.5;30;22;TRAIN;98.3;0.059254;2.449304
cuda;12000;100;CrossEntropyLoss();43;28;Tanh();0.1;0.5;30;22;VAL;95.0;0.176940;0.718730
cuda;48000;100;CrossEntropyLoss();43;28;Tanh();0.1;0.5;30;23;TRAIN;98.4;0.057188;2.478726
cuda;12000;100;CrossEntropyLoss();43;28;Tanh();0.1;0.5;30;23;VAL;95.2;0.173955;0.590273
cuda;48000;100;CrossEntropyLoss();43;28;Tanh();0.1;0.5;30;24;TRAIN;98.4;0.055132;2.345858
cuda;12000;100;CrossEntropyLoss();43;28;Tanh();0.1;0.5;30;24;VAL;95.3;0.173949;0.722147
cuda;48000;100;CrossEntropyLoss();43;28;Tanh();0.1;0.5;30;25;TRAIN;98.5;0.053340;2.583312
cuda;12000;100;CrossEntropyLoss();43;28;Tanh();0.1;0.5;30;25;VAL;95.3;0.175220;0.569139
cuda;48000;100;CrossEntropyLoss();43;28;Tanh();0.1;0.5;30;26;TRAIN;98.6;0.051333;2.373011
cuda;12000;100;CrossEntropyLoss();43;28;Tanh();0.1;0.5;30;26;VAL;95.2;0.180098;0.599190
cuda;48000;100;CrossEntropyLoss();43;28;Tanh();0.1;0.5;30;27;TRAIN;98.7;0.050056;2.680669
cuda;12000;100;CrossEntropyLoss();43;28;Tanh();0.1;0.5;30;27;VAL;95.3;0.178727;0.603693
cuda;48000;100;CrossEntropyLoss();43;28;Tanh();0.1;0.5;30;28;TRAIN;98.6;0.048280;3.236992
cuda;12000;100;CrossEntropyLoss();43;28;Tanh();0.1;0.5;30;28;VAL;95.0;0.184455;0.642105
cuda;48000;100;CrossEntropyLoss();43;28;Tanh();0.1;0.5;30;29;TRAIN;98.7;0.046100;3.007634
cuda;12000;100;CrossEntropyLoss();43;28;Tanh();0.1;0.5;30;29;VAL;95.2;0.183990;0.624582
cuda;48000;100;CrossEntropyLoss();43;28;Tanh();0.1;0.5;30;30;TRAIN;98.9;0.043876;2.564498
cuda;12000;100;CrossEntropyLoss();43;28;Tanh();0.1;0.5;30;30;VAL;95.2;0.182221;0.595269
cuda;48000;100;CrossEntropyLoss();43;28;Tanh();0.1;0.9;30;1;TRAIN;89.3;0.354083;2.594358
cuda;12000;100;CrossEntropyLoss();43;28;Tanh();0.1;0.9;30;1;VAL;92.1;0.274106;0.668827
cuda;48000;100;CrossEntropyLoss();43;28;Tanh();0.1;0.9;30;2;TRAIN;92.6;0.248892;2.406565
cuda;12000;100;CrossEntropyLoss();43;28;Tanh();0.1;0.9;30;2;VAL;92.4;0.258348;0.649357
cuda;48000;100;CrossEntropyLoss();43;28;Tanh();0.1;0.9;30;3;TRAIN;93.3;0.222069;2.529141
cuda;12000;100;CrossEntropyLoss();43;28;Tanh();0.1;0.9;30;3;VAL;93.0;0.236751;0.644338
cuda;48000;100;CrossEntropyLoss();43;28;Tanh();0.1;0.9;30;4;TRAIN;93.8;0.204530;2.463921
cuda;12000;100;CrossEntropyLoss();43;28;Tanh();0.1;0.9;30;4;VAL;92.7;0.249973;0.604581
cuda;48000;100;CrossEntropyLoss();43;28;Tanh();0.1;0.9;30;5;TRAIN;94.3;0.188240;2.389660
cuda;12000;100;CrossEntropyLoss();43;28;Tanh();0.1;0.9;30;5;VAL;93.6;0.219012;0.690061
cuda;48000;100;CrossEntropyLoss();43;28;Tanh();0.1;0.9;30;6;TRAIN;94.5;0.181533;2.603605
cuda;12000;100;CrossEntropyLoss();43;28;Tanh();0.1;0.9;30;6;VAL;93.5;0.237067;0.577978
cuda;48000;100;CrossEntropyLoss();43;28;Tanh();0.1;0.9;30;7;TRAIN;94.9;0.169602;2.350522
cuda;12000;100;CrossEntropyLoss();43;28;Tanh();0.1;0.9;30;7;VAL;93.9;0.212408;0.618632
cuda;48000;100;CrossEntropyLoss();43;28;Tanh();0.1;0.9;30;8;TRAIN;95.1;0.164805;3.430868
cuda;12000;100;CrossEntropyLoss();43;28;Tanh();0.1;0.9;30;8;VAL;93.8;0.210719;0.617278
cuda;48000;100;CrossEntropyLoss();43;28;Tanh();0.1;0.9;30;9;TRAIN;95.2;0.158795;2.558655
cuda;12000;100;CrossEntropyLoss();43;28;Tanh();0.1;0.9;30;9;VAL;94.2;0.208001;0.604912
cuda;48000;100;CrossEntropyLoss();43;28;Tanh();0.1;0.9;30;10;TRAIN;95.2;0.154190;2.613016
cuda;12000;100;CrossEntropyLoss();43;28;Tanh();0.1;0.9;30;10;VAL;94.1;0.205018;0.637146
cuda;48000;100;CrossEntropyLoss();43;28;Tanh();0.1;0.9;30;11;TRAIN;95.3;0.154705;2.337343
cuda;12000;100;CrossEntropyLoss();43;28;Tanh();0.1;0.9;30;11;VAL;94.1;0.204348;0.577072
cuda;48000;100;CrossEntropyLoss();43;28;Tanh();0.1;0.9;30;12;TRAIN;95.5;0.145062;2.517398
cuda;12000;100;CrossEntropyLoss();43;28;Tanh();0.1;0.9;30;12;VAL;94.4;0.198563;0.670661
cuda;48000;100;CrossEntropyLoss();43;28;Tanh();0.1;0.9;30;13;TRAIN;95.8;0.140242;2.422733
cuda;12000;100;CrossEntropyLoss();43;28;Tanh();0.1;0.9;30;13;VAL;94.5;0.201116;0.574335
cuda;48000;100;CrossEntropyLoss();43;28;Tanh();0.1;0.9;30;14;TRAIN;95.6;0.143558;3.182101
cuda;12000;100;CrossEntropyLoss();43;28;Tanh();0.1;0.9;30;14;VAL;94.6;0.198407;0.820644
cuda;48000;100;CrossEntropyLoss();43;28;Tanh();0.1;0.9;30;15;TRAIN;96.0;0.132589;2.561677
cuda;12000;100;CrossEntropyLoss();43;28;Tanh();0.1;0.9;30;15;VAL;94.7;0.194783;0.594897
cuda;48000;100;CrossEntropyLoss();43;28;Tanh();0.1;0.9;30;16;TRAIN;96.0;0.131013;2.326927
cuda;12000;100;CrossEntropyLoss();43;28;Tanh();0.1;0.9;30;16;VAL;94.4;0.196853;0.666299
cuda;48000;100;CrossEntropyLoss();43;28;Tanh();0.1;0.9;30;17;TRAIN;96.2;0.127429;2.611450
cuda;12000;100;CrossEntropyLoss();43;28;Tanh();0.1;0.9;30;17;VAL;94.4;0.202203;0.599881
cuda;48000;100;CrossEntropyLoss();43;28;Tanh();0.1;0.9;30;18;TRAIN;96.2;0.125278;2.362889
cuda;12000;100;CrossEntropyLoss();43;28;Tanh();0.1;0.9;30;18;VAL;94.6;0.197865;0.622256
cuda;48000;100;CrossEntropyLoss();43;28;Tanh();0.1;0.9;30;19;TRAIN;96.2;0.122070;2.657887
cuda;12000;100;CrossEntropyLoss();43;28;Tanh();0.1;0.9;30;19;VAL;94.7;0.194957;0.604658
cuda;48000;100;CrossEntropyLoss();43;28;Tanh();0.1;0.9;30;20;TRAIN;96.4;0.119607;2.362730
cuda;12000;100;CrossEntropyLoss();43;28;Tanh();0.1;0.9;30;20;VAL;94.4;0.202652;0.603978
cuda;48000;100;CrossEntropyLoss();43;28;Tanh();0.1;0.9;30;21;TRAIN;96.5;0.117286;2.687402
cuda;12000;100;CrossEntropyLoss();43;28;Tanh();0.1;0.9;30;21;VAL;94.6;0.196838;0.670074
cuda;48000;100;CrossEntropyLoss();43;28;Tanh();0.1;0.9;30;22;TRAIN;96.5;0.113003;2.330829
cuda;12000;100;CrossEntropyLoss();43;28;Tanh();0.1;0.9;30;22;VAL;94.7;0.198856;0.593181
cuda;48000;100;CrossEntropyLoss();43;28;Tanh();0.1;0.9;30;23;TRAIN;96.6;0.111701;3.252443
cuda;12000;100;CrossEntropyLoss();43;28;Tanh();0.1;0.9;30;23;VAL;94.3;0.215811;0.746574
cuda;48000;100;CrossEntropyLoss();43;28;Tanh();0.1;0.9;30;24;TRAIN;96.6;0.112211;3.261884
cuda;12000;100;CrossEntropyLoss();43;28;Tanh();0.1;0.9;30;24;VAL;94.8;0.195762;0.639907
cuda;48000;100;CrossEntropyLoss();43;28;Tanh();0.1;0.9;30;25;TRAIN;96.6;0.107287;2.805225
cuda;12000;100;CrossEntropyLoss();43;28;Tanh();0.1;0.9;30;25;VAL;94.3;0.208397;0.987552
cuda;48000;100;CrossEntropyLoss();43;28;Tanh();0.1;0.9;30;26;TRAIN;96.6;0.108736;2.811752
cuda;12000;100;CrossEntropyLoss();43;28;Tanh();0.1;0.9;30;26;VAL;94.6;0.203040;0.628532
cuda;48000;100;CrossEntropyLoss();43;28;Tanh();0.1;0.9;30;27;TRAIN;96.7;0.106707;2.484346
cuda;12000;100;CrossEntropyLoss();43;28;Tanh();0.1;0.9;30;27;VAL;94.6;0.204424;0.688111
cuda;48000;100;CrossEntropyLoss();43;28;Tanh();0.1;0.9;30;28;TRAIN;96.9;0.103529;2.433200
cuda;12000;100;CrossEntropyLoss();43;28;Tanh();0.1;0.9;30;28;VAL;94.6;0.194564;1.174305
cuda;48000;100;CrossEntropyLoss();43;28;Tanh();0.1;0.9;30;29;TRAIN;96.8;0.104121;2.666375
cuda;12000;100;CrossEntropyLoss();43;28;Tanh();0.1;0.9;30;29;VAL;94.5;0.205311;0.763307
cuda;48000;100;CrossEntropyLoss();43;28;Tanh();0.1;0.9;30;30;TRAIN;96.7;0.108521;2.549819
cuda;12000;100;CrossEntropyLoss();43;28;Tanh();0.1;0.9;30;30;VAL;94.8;0.203620;0.575906
cuda;48000;100;CrossEntropyLoss();43;397;Tanh();0.001;0.1;30;1;TRAIN;61.7;1.679429;3.178829
cuda;12000;100;CrossEntropyLoss();43;397;Tanh();0.001;0.1;30;1;VAL;77.8;1.216125;0.831652
cuda;48000;100;CrossEntropyLoss();43;397;Tanh();0.001;0.1;30;2;TRAIN;81.1;0.997069;3.296817
cuda;12000;100;CrossEntropyLoss();43;397;Tanh();0.001;0.1;30;2;VAL;83.0;0.842878;0.631608
cuda;48000;100;CrossEntropyLoss();43;397;Tanh();0.001;0.1;30;3;TRAIN;84.4;0.748555;3.248326
cuda;12000;100;CrossEntropyLoss();43;397;Tanh();0.001;0.1;30;3;VAL;85.0;0.680844;0.800467
cuda;48000;100;CrossEntropyLoss();43;397;Tanh();0.001;0.1;30;4;TRAIN;85.8;0.627743;3.256530
cuda;12000;100;CrossEntropyLoss();43;397;Tanh();0.001;0.1;30;4;VAL;86.1;0.592308;0.653340
cuda;48000;100;CrossEntropyLoss();43;397;Tanh();0.001;0.1;30;5;TRAIN;86.7;0.556475;3.105686
cuda;12000;100;CrossEntropyLoss();43;397;Tanh();0.001;0.1;30;5;VAL;86.6;0.536436;0.926264
cuda;48000;100;CrossEntropyLoss();43;397;Tanh();0.001;0.1;30;6;TRAIN;87.3;0.509240;2.707116
cuda;12000;100;CrossEntropyLoss();43;397;Tanh();0.001;0.1;30;6;VAL;87.4;0.497874;1.189660
cuda;48000;100;CrossEntropyLoss();43;397;Tanh();0.001;0.1;30;7;TRAIN;87.9;0.475428;2.834765
cuda;12000;100;CrossEntropyLoss();43;397;Tanh();0.001;0.1;30;7;VAL;87.8;0.469532;1.452189
cuda;48000;100;CrossEntropyLoss();43;397;Tanh();0.001;0.1;30;8;TRAIN;88.3;0.449895;4.478656
cuda;12000;100;CrossEntropyLoss();43;397;Tanh();0.001;0.1;30;8;VAL;88.2;0.447644;0.789747
cuda;48000;100;CrossEntropyLoss();43;397;Tanh();0.001;0.1;30;9;TRAIN;88.6;0.429812;3.581358
cuda;12000;100;CrossEntropyLoss();43;397;Tanh();0.001;0.1;30;9;VAL;88.5;0.430348;0.648297
cuda;48000;100;CrossEntropyLoss();43;397;Tanh();0.001;0.1;30;10;TRAIN;88.9;0.413560;3.118712
cuda;12000;100;CrossEntropyLoss();43;397;Tanh();0.001;0.1;30;10;VAL;88.7;0.416108;0.662863
cuda;48000;100;CrossEntropyLoss();43;397;Tanh();0.001;0.1;30;11;TRAIN;89.1;0.400070;3.679245
cuda;12000;100;CrossEntropyLoss();43;397;Tanh();0.001;0.1;30;11;VAL;88.9;0.404254;0.684966
cuda;48000;100;CrossEntropyLoss();43;397;Tanh();0.001;0.1;30;12;TRAIN;89.3;0.388609;3.136446
cuda;12000;100;CrossEntropyLoss();43;397;Tanh();0.001;0.1;30;12;VAL;89.2;0.394116;0.645972
cuda;48000;100;CrossEntropyLoss();43;397;Tanh();0.001;0.1;30;13;TRAIN;89.5;0.378797;3.357468
cuda;12000;100;CrossEntropyLoss();43;397;Tanh();0.001;0.1;30;13;VAL;89.3;0.385386;0.828159
cuda;48000;100;CrossEntropyLoss();43;397;Tanh();0.001;0.1;30;14;TRAIN;89.7;0.370145;2.598250
cuda;12000;100;CrossEntropyLoss();43;397;Tanh();0.001;0.1;30;14;VAL;89.5;0.377645;0.637402
cuda;48000;100;CrossEntropyLoss();43;397;Tanh();0.001;0.1;30;15;TRAIN;89.8;0.362545;2.737995
cuda;12000;100;CrossEntropyLoss();43;397;Tanh();0.001;0.1;30;15;VAL;89.5;0.370870;0.593614
cuda;48000;100;CrossEntropyLoss();43;397;Tanh();0.001;0.1;30;16;TRAIN;90.0;0.355729;2.373066
cuda;12000;100;CrossEntropyLoss();43;397;Tanh();0.001;0.1;30;16;VAL;89.7;0.364654;0.598712
cuda;48000;100;CrossEntropyLoss();43;397;Tanh();0.001;0.1;30;17;TRAIN;90.2;0.349598;2.604861
cuda;12000;100;CrossEntropyLoss();43;397;Tanh();0.001;0.1;30;17;VAL;89.8;0.359065;0.673248
cuda;48000;100;CrossEntropyLoss();43;397;Tanh();0.001;0.1;30;18;TRAIN;90.3;0.343984;2.345368
cuda;12000;100;CrossEntropyLoss();43;397;Tanh();0.001;0.1;30;18;VAL;90.0;0.354120;0.601098
cuda;48000;100;CrossEntropyLoss();43;397;Tanh();0.001;0.1;30;19;TRAIN;90.4;0.338839;2.481371
cuda;12000;100;CrossEntropyLoss();43;397;Tanh();0.001;0.1;30;19;VAL;90.0;0.349461;0.702876
cuda;48000;100;CrossEntropyLoss();43;397;Tanh();0.001;0.1;30;20;TRAIN;90.5;0.334145;2.421381
cuda;12000;100;CrossEntropyLoss();43;397;Tanh();0.001;0.1;30;20;VAL;90.1;0.345136;0.601780
cuda;48000;100;CrossEntropyLoss();43;397;Tanh();0.001;0.1;30;21;TRAIN;90.6;0.329750;2.361142
cuda;12000;100;CrossEntropyLoss();43;397;Tanh();0.001;0.1;30;21;VAL;90.3;0.341211;0.661536
cuda;48000;100;CrossEntropyLoss();43;397;Tanh();0.001;0.1;30;22;TRAIN;90.7;0.325627;2.615320
cuda;12000;100;CrossEntropyLoss();43;397;Tanh();0.001;0.1;30;22;VAL;90.4;0.337583;0.607575
cuda;48000;100;CrossEntropyLoss();43;397;Tanh();0.001;0.1;30;23;TRAIN;90.8;0.321825;2.338354
cuda;12000;100;CrossEntropyLoss();43;397;Tanh();0.001;0.1;30;23;VAL;90.5;0.333963;0.618074
cuda;48000;100;CrossEntropyLoss();43;397;Tanh();0.001;0.1;30;24;TRAIN;90.9;0.318246;2.767712
cuda;12000;100;CrossEntropyLoss();43;397;Tanh();0.001;0.1;30;24;VAL;90.5;0.330781;0.585434
cuda;48000;100;CrossEntropyLoss();43;397;Tanh();0.001;0.1;30;25;TRAIN;91.0;0.314848;2.347086
cuda;12000;100;CrossEntropyLoss();43;397;Tanh();0.001;0.1;30;25;VAL;90.6;0.327747;0.595195
cuda;48000;100;CrossEntropyLoss();43;397;Tanh();0.001;0.1;30;26;TRAIN;91.1;0.311622;2.538548
cuda;12000;100;CrossEntropyLoss();43;397;Tanh();0.001;0.1;30;26;VAL;90.7;0.324791;0.678289
cuda;48000;100;CrossEntropyLoss();43;397;Tanh();0.001;0.1;30;27;TRAIN;91.2;0.308568;3.181475
cuda;12000;100;CrossEntropyLoss();43;397;Tanh();0.001;0.1;30;27;VAL;90.8;0.321981;0.646070
cuda;48000;100;CrossEntropyLoss();43;397;Tanh();0.001;0.1;30;28;TRAIN;91.3;0.305660;2.843656
cuda;12000;100;CrossEntropyLoss();43;397;Tanh();0.001;0.1;30;28;VAL;90.9;0.319444;1.378675
cuda;48000;100;CrossEntropyLoss();43;397;Tanh();0.001;0.1;30;29;TRAIN;91.4;0.302882;2.663840
cuda;12000;100;CrossEntropyLoss();43;397;Tanh();0.001;0.1;30;29;VAL;91.0;0.316813;0.635693
cuda;48000;100;CrossEntropyLoss();43;397;Tanh();0.001;0.1;30;30;TRAIN;91.5;0.300198;3.718191
cuda;12000;100;CrossEntropyLoss();43;397;Tanh();0.001;0.1;30;30;VAL;91.0;0.314489;0.703997
cuda;48000;100;CrossEntropyLoss();43;397;Tanh();0.001;0.5;30;1;TRAIN;68.2;1.382647;3.247650
cuda;12000;100;CrossEntropyLoss();43;397;Tanh();0.001;0.5;30;1;VAL;81.5;0.889278;0.646498
cuda;48000;100;CrossEntropyLoss();43;397;Tanh();0.001;0.5;30;2;TRAIN;84.2;0.725379;3.618765
cuda;12000;100;CrossEntropyLoss();43;397;Tanh();0.001;0.5;30;2;VAL;85.5;0.622313;0.631271
cuda;48000;100;CrossEntropyLoss();43;397;Tanh();0.001;0.5;30;3;TRAIN;86.7;0.558419;3.200842
cuda;12000;100;CrossEntropyLoss();43;397;Tanh();0.001;0.5;30;3;VAL;86.9;0.519731;0.718051
cuda;48000;100;CrossEntropyLoss();43;397;Tanh();0.001;0.5;30;4;TRAIN;87.8;0.482338;3.610637
cuda;12000;100;CrossEntropyLoss();43;397;Tanh();0.001;0.5;30;4;VAL;87.7;0.465064;0.651734
cuda;48000;100;CrossEntropyLoss();43;397;Tanh();0.001;0.5;30;5;TRAIN;88.6;0.437939;3.177146
cuda;12000;100;CrossEntropyLoss();43;397;Tanh();0.001;0.5;30;5;VAL;88.5;0.430795;0.668969
cuda;48000;100;CrossEntropyLoss();43;397;Tanh();0.001;0.5;30;6;TRAIN;89.1;0.408424;3.583305
cuda;12000;100;CrossEntropyLoss();43;397;Tanh();0.001;0.5;30;6;VAL;88.8;0.406776;0.644523
cuda;48000;100;CrossEntropyLoss();43;397;Tanh();0.001;0.5;30;7;TRAIN;89.5;0.387035;3.190353
cuda;12000;100;CrossEntropyLoss();43;397;Tanh();0.001;0.5;30;7;VAL;89.2;0.389057;0.740281
cuda;48000;100;CrossEntropyLoss();43;397;Tanh();0.001;0.5;30;8;TRAIN;89.7;0.370554;3.566333
cuda;12000;100;CrossEntropyLoss();43;397;Tanh();0.001;0.5;30;8;VAL;89.5;0.374982;0.615367
cuda;48000;100;CrossEntropyLoss();43;397;Tanh();0.001;0.5;30;9;TRAIN;90.0;0.357402;3.245012
cuda;12000;100;CrossEntropyLoss();43;397;Tanh();0.001;0.5;30;9;VAL;89.8;0.363355;0.826351
cuda;48000;100;CrossEntropyLoss();43;397;Tanh();0.001;0.5;30;10;TRAIN;90.2;0.346451;3.472721
cuda;12000;100;CrossEntropyLoss();43;397;Tanh();0.001;0.5;30;10;VAL;90.0;0.354022;0.650858
cuda;48000;100;CrossEntropyLoss();43;397;Tanh();0.001;0.5;30;11;TRAIN;90.5;0.337154;3.202640
cuda;12000;100;CrossEntropyLoss();43;397;Tanh();0.001;0.5;30;11;VAL;90.1;0.345695;0.878028
cuda;48000;100;CrossEntropyLoss();43;397;Tanh();0.001;0.5;30;12;TRAIN;90.7;0.329069;2.787650
cuda;12000;100;CrossEntropyLoss();43;397;Tanh();0.001;0.5;30;12;VAL;90.4;0.338539;1.206773
cuda;48000;100;CrossEntropyLoss();43;397;Tanh();0.001;0.5;30;13;TRAIN;90.9;0.321899;2.826452
cuda;12000;100;CrossEntropyLoss();43;397;Tanh();0.001;0.5;30;13;VAL;90.6;0.332293;1.358385
cuda;48000;100;CrossEntropyLoss();43;397;Tanh();0.001;0.5;30;14;TRAIN;91.0;0.315514;2.764387
cuda;12000;100;CrossEntropyLoss();43;397;Tanh();0.001;0.5;30;14;VAL;90.7;0.326548;1.285064
cuda;48000;100;CrossEntropyLoss();43;397;Tanh();0.001;0.5;30;15;TRAIN;91.2;0.309648;2.934043
cuda;12000;100;CrossEntropyLoss();43;397;Tanh();0.001;0.5;30;15;VAL;90.8;0.321426;0.965996
cuda;48000;100;CrossEntropyLoss();43;397;Tanh();0.001;0.5;30;16;TRAIN;91.3;0.304361;3.031185
cuda;12000;100;CrossEntropyLoss();43;397;Tanh();0.001;0.5;30;16;VAL;90.9;0.316751;0.654178
cuda;48000;100;CrossEntropyLoss();43;397;Tanh();0.001;0.5;30;17;TRAIN;91.5;0.299419;3.838180
cuda;12000;100;CrossEntropyLoss();43;397;Tanh();0.001;0.5;30;17;VAL;91.1;0.312190;0.839967
cuda;48000;100;CrossEntropyLoss();43;397;Tanh();0.001;0.5;30;18;TRAIN;91.6;0.294834;3.461942
cuda;12000;100;CrossEntropyLoss();43;397;Tanh();0.001;0.5;30;18;VAL;91.2;0.308172;0.659331
cuda;48000;100;CrossEntropyLoss();43;397;Tanh();0.001;0.5;30;19;TRAIN;91.7;0.290575;3.690600
cuda;12000;100;CrossEntropyLoss();43;397;Tanh();0.001;0.5;30;19;VAL;91.2;0.304290;0.663069
cuda;48000;100;CrossEntropyLoss();43;397;Tanh();0.001;0.5;30;20;TRAIN;91.9;0.286506;3.187824
cuda;12000;100;CrossEntropyLoss();43;397;Tanh();0.001;0.5;30;20;VAL;91.4;0.300739;0.682962
cuda;48000;100;CrossEntropyLoss();43;397;Tanh();0.001;0.5;30;21;TRAIN;91.9;0.282665;3.663928
cuda;12000;100;CrossEntropyLoss();43;397;Tanh();0.001;0.5;30;21;VAL;91.5;0.296970;0.635370
cuda;48000;100;CrossEntropyLoss();43;397;Tanh();0.001;0.5;30;22;TRAIN;92.0;0.278988;3.122418
cuda;12000;100;CrossEntropyLoss();43;397;Tanh();0.001;0.5;30;22;VAL;91.6;0.293824;0.667537
cuda;48000;100;CrossEntropyLoss();43;397;Tanh();0.001;0.5;30;23;TRAIN;92.2;0.275519;3.588995
cuda;12000;100;CrossEntropyLoss();43;397;Tanh();0.001;0.5;30;23;VAL;91.6;0.290623;0.641479
cuda;48000;100;CrossEntropyLoss();43;397;Tanh();0.001;0.5;30;24;TRAIN;92.2;0.272155;3.265698
cuda;12000;100;CrossEntropyLoss();43;397;Tanh();0.001;0.5;30;24;VAL;91.8;0.287546;0.759855
cuda;48000;100;CrossEntropyLoss();43;397;Tanh();0.001;0.5;30;25;TRAIN;92.4;0.268907;3.557449
cuda;12000;100;CrossEntropyLoss();43;397;Tanh();0.001;0.5;30;25;VAL;91.9;0.284594;0.643948
cuda;48000;100;CrossEntropyLoss();43;397;Tanh();0.001;0.5;30;26;TRAIN;92.5;0.265770;2.514440
cuda;12000;100;CrossEntropyLoss();43;397;Tanh();0.001;0.5;30;26;VAL;92.0;0.281770;0.667272
cuda;48000;100;CrossEntropyLoss();43;397;Tanh();0.001;0.5;30;27;TRAIN;92.5;0.262704;3.417268
cuda;12000;100;CrossEntropyLoss();43;397;Tanh();0.001;0.5;30;27;VAL;92.1;0.279380;0.647627
cuda;48000;100;CrossEntropyLoss();43;397;Tanh();0.001;0.5;30;28;TRAIN;92.6;0.259812;3.218468
cuda;12000;100;CrossEntropyLoss();43;397;Tanh();0.001;0.5;30;28;VAL;92.2;0.276482;0.782834
cuda;48000;100;CrossEntropyLoss();43;397;Tanh();0.001;0.5;30;29;TRAIN;92.7;0.257009;3.465446
cuda;12000;100;CrossEntropyLoss();43;397;Tanh();0.001;0.5;30;29;VAL;92.3;0.273673;0.657918
cuda;48000;100;CrossEntropyLoss();43;397;Tanh();0.001;0.5;30;30;TRAIN;92.8;0.254205;3.289380
cuda;12000;100;CrossEntropyLoss();43;397;Tanh();0.001;0.5;30;30;VAL;92.4;0.271185;0.828080
cuda;48000;100;CrossEntropyLoss();43;397;Tanh();0.001;0.9;30;1;TRAIN;82.3;0.731049;3.327964
cuda;12000;100;CrossEntropyLoss();43;397;Tanh();0.001;0.9;30;1;VAL;88.4;0.434155;0.655414
cuda;48000;100;CrossEntropyLoss();43;397;Tanh();0.001;0.9;30;2;TRAIN;89.5;0.378656;3.506805
cuda;12000;100;CrossEntropyLoss();43;397;Tanh();0.001;0.9;30;2;VAL;89.9;0.356435;0.772527
cuda;48000;100;CrossEntropyLoss();43;397;Tanh();0.001;0.9;30;3;TRAIN;90.7;0.327309;3.224548
cuda;12000;100;CrossEntropyLoss();43;397;Tanh();0.001;0.9;30;3;VAL;90.7;0.323785;0.658173
cuda;48000;100;CrossEntropyLoss();43;397;Tanh();0.001;0.9;30;4;TRAIN;91.4;0.300095;3.527724
cuda;12000;100;CrossEntropyLoss();43;397;Tanh();0.001;0.9;30;4;VAL;91.2;0.303792;0.783562
cuda;48000;100;CrossEntropyLoss();43;397;Tanh();0.001;0.9;30;5;TRAIN;91.9;0.281106;3.178585
cuda;12000;100;CrossEntropyLoss();43;397;Tanh();0.001;0.9;30;5;VAL;91.7;0.288874;0.665480
cuda;48000;100;CrossEntropyLoss();43;397;Tanh();0.001;0.9;30;6;TRAIN;92.4;0.265365;3.504937
cuda;12000;100;CrossEntropyLoss();43;397;Tanh();0.001;0.9;30;6;VAL;92.0;0.276161;0.730519
cuda;48000;100;CrossEntropyLoss();43;397;Tanh();0.001;0.9;30;7;TRAIN;92.8;0.252184;2.828973
cuda;12000;100;CrossEntropyLoss();43;397;Tanh();0.001;0.9;30;7;VAL;92.5;0.263879;1.044012
cuda;48000;100;CrossEntropyLoss();43;397;Tanh();0.001;0.9;30;8;TRAIN;93.2;0.240178;3.030444
cuda;12000;100;CrossEntropyLoss();43;397;Tanh();0.001;0.9;30;8;VAL;92.8;0.252648;1.277585
cuda;48000;100;CrossEntropyLoss();43;397;Tanh();0.001;0.9;30;9;TRAIN;93.5;0.228860;2.671960
cuda;12000;100;CrossEntropyLoss();43;397;Tanh();0.001;0.9;30;9;VAL;93.0;0.243560;0.627560
cuda;48000;100;CrossEntropyLoss();43;397;Tanh();0.001;0.9;30;10;TRAIN;93.9;0.218779;2.617003
cuda;12000;100;CrossEntropyLoss();43;397;Tanh();0.001;0.9;30;10;VAL;93.2;0.234533;0.656326
cuda;48000;100;CrossEntropyLoss();43;397;Tanh();0.001;0.9;30;11;TRAIN;94.1;0.209192;3.151072
cuda;12000;100;CrossEntropyLoss();43;397;Tanh();0.001;0.9;30;11;VAL;93.5;0.225427;0.629333
cuda;48000;100;CrossEntropyLoss();43;397;Tanh();0.001;0.9;30;12;TRAIN;94.4;0.200447;3.498794
cuda;12000;100;CrossEntropyLoss();43;397;Tanh();0.001;0.9;30;12;VAL;93.8;0.216529;0.655617
cuda;48000;100;CrossEntropyLoss();43;397;Tanh();0.001;0.9;30;13;TRAIN;94.6;0.192012;2.504766
cuda;12000;100;CrossEntropyLoss();43;397;Tanh();0.001;0.9;30;13;VAL;93.9;0.209127;0.579018
cuda;48000;100;CrossEntropyLoss();43;397;Tanh();0.001;0.9;30;14;TRAIN;94.9;0.184382;2.558325
cuda;12000;100;CrossEntropyLoss();43;397;Tanh();0.001;0.9;30;14;VAL;94.2;0.201825;0.644872
cuda;48000;100;CrossEntropyLoss();43;397;Tanh();0.001;0.9;30;15;TRAIN;95.1;0.177067;3.052978
cuda;12000;100;CrossEntropyLoss();43;397;Tanh();0.001;0.9;30;15;VAL;94.4;0.195387;0.688742
cuda;48000;100;CrossEntropyLoss();43;397;Tanh();0.001;0.9;30;16;TRAIN;95.3;0.170034;2.782563
cuda;12000;100;CrossEntropyLoss();43;397;Tanh();0.001;0.9;30;16;VAL;94.6;0.188816;0.667216
cuda;48000;100;CrossEntropyLoss();43;397;Tanh();0.001;0.9;30;17;TRAIN;95.4;0.163797;2.375550
cuda;12000;100;CrossEntropyLoss();43;397;Tanh();0.001;0.9;30;17;VAL;94.9;0.183395;0.596398
cuda;48000;100;CrossEntropyLoss();43;397;Tanh();0.001;0.9;30;18;TRAIN;95.6;0.157659;2.436288
cuda;12000;100;CrossEntropyLoss();43;397;Tanh();0.001;0.9;30;18;VAL;94.9;0.178415;0.702037
cuda;48000;100;CrossEntropyLoss();43;397;Tanh();0.001;0.9;30;19;TRAIN;95.8;0.152103;2.519609
cuda;12000;100;CrossEntropyLoss();43;397;Tanh();0.001;0.9;30;19;VAL;95.1;0.172786;0.581228
cuda;48000;100;CrossEntropyLoss();43;397;Tanh();0.001;0.9;30;20;TRAIN;95.9;0.146808;2.331104
cuda;12000;100;CrossEntropyLoss();43;397;Tanh();0.001;0.9;30;20;VAL;95.2;0.168145;1.231234
cuda;48000;100;CrossEntropyLoss();43;397;Tanh();0.001;0.9;30;21;TRAIN;96.1;0.141806;3.025246
cuda;12000;100;CrossEntropyLoss();43;397;Tanh();0.001;0.9;30;21;VAL;95.5;0.163471;0.653263
cuda;48000;100;CrossEntropyLoss();43;397;Tanh();0.001;0.9;30;22;TRAIN;96.2;0.137235;3.084546
cuda;12000;100;CrossEntropyLoss();43;397;Tanh();0.001;0.9;30;22;VAL;95.5;0.159035;0.702841
cuda;48000;100;CrossEntropyLoss();43;397;Tanh();0.001;0.9;30;23;TRAIN;96.4;0.132656;3.548474
cuda;12000;100;CrossEntropyLoss();43;397;Tanh();0.001;0.9;30;23;VAL;95.7;0.155423;0.622225
cuda;48000;100;CrossEntropyLoss();43;397;Tanh();0.001;0.9;30;24;TRAIN;96.5;0.128404;2.987069
cuda;12000;100;CrossEntropyLoss();43;397;Tanh();0.001;0.9;30;24;VAL;95.7;0.152015;0.722673
cuda;48000;100;CrossEntropyLoss();43;397;Tanh();0.001;0.9;30;25;TRAIN;96.7;0.124369;3.411405
cuda;12000;100;CrossEntropyLoss();43;397;Tanh();0.001;0.9;30;25;VAL;95.8;0.148724;0.765993
cuda;48000;100;CrossEntropyLoss();43;397;Tanh();0.001;0.9;30;26;TRAIN;96.7;0.120725;2.689700
cuda;12000;100;CrossEntropyLoss();43;397;Tanh();0.001;0.9;30;26;VAL;95.9;0.145090;1.346646
cuda;48000;100;CrossEntropyLoss();43;397;Tanh();0.001;0.9;30;27;TRAIN;96.8;0.117143;2.893981
cuda;12000;100;CrossEntropyLoss();43;397;Tanh();0.001;0.9;30;27;VAL;96.0;0.141915;1.023256
cuda;48000;100;CrossEntropyLoss();43;397;Tanh();0.001;0.9;30;28;TRAIN;96.9;0.113638;2.737624
cuda;12000;100;CrossEntropyLoss();43;397;Tanh();0.001;0.9;30;28;VAL;96.0;0.139194;0.789516
cuda;48000;100;CrossEntropyLoss();43;397;Tanh();0.001;0.9;30;29;TRAIN;97.1;0.110434;3.420134
cuda;12000;100;CrossEntropyLoss();43;397;Tanh();0.001;0.9;30;29;VAL;96.1;0.136013;0.652716
cuda;48000;100;CrossEntropyLoss();43;397;Tanh();0.001;0.9;30;30;TRAIN;97.2;0.107292;3.167176
cuda;12000;100;CrossEntropyLoss();43;397;Tanh();0.001;0.9;30;30;VAL;96.2;0.133790;0.813345
cuda;48000;100;CrossEntropyLoss();43;397;Tanh();0.01;0.1;30;1;TRAIN;84.0;0.686697;3.398394
cuda;12000;100;CrossEntropyLoss();43;397;Tanh();0.01;0.1;30;1;VAL;88.5;0.420638;0.626863
cuda;48000;100;CrossEntropyLoss();43;397;Tanh();0.01;0.1;30;2;TRAIN;89.8;0.366841;3.267254
cuda;12000;100;CrossEntropyLoss();43;397;Tanh();0.01;0.1;30;2;VAL;90.0;0.348920;0.858403
cuda;48000;100;CrossEntropyLoss();43;397;Tanh();0.01;0.1;30;3;TRAIN;90.9;0.318957;3.328460
cuda;12000;100;CrossEntropyLoss();43;397;Tanh();0.01;0.1;30;3;VAL;90.8;0.318226;0.664238
cuda;48000;100;CrossEntropyLoss();43;397;Tanh();0.01;0.1;30;4;TRAIN;91.6;0.292538;3.213238
cuda;12000;100;CrossEntropyLoss();43;397;Tanh();0.01;0.1;30;4;VAL;91.3;0.297860;1.012188
cuda;48000;100;CrossEntropyLoss();43;397;Tanh();0.01;0.1;30;5;TRAIN;92.1;0.273451;2.620369
cuda;12000;100;CrossEntropyLoss();43;397;Tanh();0.01;0.1;30;5;VAL;91.9;0.280882;1.098659
cuda;48000;100;CrossEntropyLoss();43;397;Tanh();0.01;0.1;30;6;TRAIN;92.6;0.257521;2.930969
cuda;12000;100;CrossEntropyLoss();43;397;Tanh();0.01;0.1;30;6;VAL;92.3;0.269033;0.780618
cuda;48000;100;CrossEntropyLoss();43;397;Tanh();0.01;0.1;30;7;TRAIN;93.0;0.243788;2.937931
cuda;12000;100;CrossEntropyLoss();43;397;Tanh();0.01;0.1;30;7;VAL;92.7;0.255476;0.662005
cuda;48000;100;CrossEntropyLoss();43;397;Tanh();0.01;0.1;30;8;TRAIN;93.4;0.231262;2.772063
cuda;12000;100;CrossEntropyLoss();43;397;Tanh();0.01;0.1;30;8;VAL;93.0;0.244608;0.710074
cuda;48000;100;CrossEntropyLoss();43;397;Tanh();0.01;0.1;30;9;TRAIN;93.8;0.219766;2.343801
cuda;12000;100;CrossEntropyLoss();43;397;Tanh();0.01;0.1;30;9;VAL;93.3;0.233756;0.582309
cuda;48000;100;CrossEntropyLoss();43;397;Tanh();0.01;0.1;30;10;TRAIN;94.1;0.209174;2.442070
cuda;12000;100;CrossEntropyLoss();43;397;Tanh();0.01;0.1;30;10;VAL;93.5;0.224699;0.706484
cuda;48000;100;CrossEntropyLoss();43;397;Tanh();0.01;0.1;30;11;TRAIN;94.4;0.199293;2.522794
cuda;12000;100;CrossEntropyLoss();43;397;Tanh();0.01;0.1;30;11;VAL;93.9;0.215336;0.598744
cuda;48000;100;CrossEntropyLoss();43;397;Tanh();0.01;0.1;30;12;TRAIN;94.7;0.190173;2.720723
cuda;12000;100;CrossEntropyLoss();43;397;Tanh();0.01;0.1;30;12;VAL;94.1;0.207105;0.845693
cuda;48000;100;CrossEntropyLoss();43;397;Tanh();0.01;0.1;30;13;TRAIN;95.0;0.181666;3.676761
cuda;12000;100;CrossEntropyLoss();43;397;Tanh();0.01;0.1;30;13;VAL;94.4;0.198331;0.699284
cuda;48000;100;CrossEntropyLoss();43;397;Tanh();0.01;0.1;30;14;TRAIN;95.1;0.173860;2.497302
cuda;12000;100;CrossEntropyLoss();43;397;Tanh();0.01;0.1;30;14;VAL;94.6;0.191916;0.616369
cuda;48000;100;CrossEntropyLoss();43;397;Tanh();0.01;0.1;30;15;TRAIN;95.4;0.166361;2.759903
cuda;12000;100;CrossEntropyLoss();43;397;Tanh();0.01;0.1;30;15;VAL;94.8;0.184994;0.617777
cuda;48000;100;CrossEntropyLoss();43;397;Tanh();0.01;0.1;30;16;TRAIN;95.6;0.159505;2.353339
cuda;12000;100;CrossEntropyLoss();43;397;Tanh();0.01;0.1;30;16;VAL;95.0;0.178396;0.591184
cuda;48000;100;CrossEntropyLoss();43;397;Tanh();0.01;0.1;30;17;TRAIN;95.8;0.153257;2.720650
cuda;12000;100;CrossEntropyLoss();43;397;Tanh();0.01;0.1;30;17;VAL;95.1;0.172484;0.592662
cuda;48000;100;CrossEntropyLoss();43;397;Tanh();0.01;0.1;30;18;TRAIN;95.9;0.147161;2.367919
cuda;12000;100;CrossEntropyLoss();43;397;Tanh();0.01;0.1;30;18;VAL;95.3;0.167302;0.609529
cuda;48000;100;CrossEntropyLoss();43;397;Tanh();0.01;0.1;30;19;TRAIN;96.1;0.141639;2.536157
cuda;12000;100;CrossEntropyLoss();43;397;Tanh();0.01;0.1;30;19;VAL;95.3;0.162584;0.662599
cuda;48000;100;CrossEntropyLoss();43;397;Tanh();0.01;0.1;30;20;TRAIN;96.2;0.136120;3.182049
cuda;12000;100;CrossEntropyLoss();43;397;Tanh();0.01;0.1;30;20;VAL;95.5;0.157891;0.633356
cuda;48000;100;CrossEntropyLoss();43;397;Tanh();0.01;0.1;30;21;TRAIN;96.4;0.131370;3.685282
cuda;12000;100;CrossEntropyLoss();43;397;Tanh();0.01;0.1;30;21;VAL;95.7;0.153332;0.755691
cuda;48000;100;CrossEntropyLoss();43;397;Tanh();0.01;0.1;30;22;TRAIN;96.5;0.126684;2.864112
cuda;12000;100;CrossEntropyLoss();43;397;Tanh();0.01;0.1;30;22;VAL;95.8;0.149295;0.940683
cuda;48000;100;CrossEntropyLoss();43;397;Tanh();0.01;0.1;30;23;TRAIN;96.7;0.122198;2.999399
cuda;12000;100;CrossEntropyLoss();43;397;Tanh();0.01;0.1;30;23;VAL;95.8;0.145793;1.013218
cuda;48000;100;CrossEntropyLoss();43;397;Tanh();0.01;0.1;30;24;TRAIN;96.8;0.118211;2.824417
cuda;12000;100;CrossEntropyLoss();43;397;Tanh();0.01;0.1;30;24;VAL;96.0;0.142040;0.646415
cuda;48000;100;CrossEntropyLoss();43;397;Tanh();0.01;0.1;30;25;TRAIN;96.9;0.114140;3.535247
cuda;12000;100;CrossEntropyLoss();43;397;Tanh();0.01;0.1;30;25;VAL;96.0;0.138594;0.735209
cuda;48000;100;CrossEntropyLoss();43;397;Tanh();0.01;0.1;30;26;TRAIN;97.0;0.110637;3.149525
cuda;12000;100;CrossEntropyLoss();43;397;Tanh();0.01;0.1;30;26;VAL;96.1;0.135913;0.673452
cuda;48000;100;CrossEntropyLoss();43;397;Tanh();0.01;0.1;30;27;TRAIN;97.1;0.107146;3.575774
cuda;12000;100;CrossEntropyLoss();43;397;Tanh();0.01;0.1;30;27;VAL;96.2;0.132638;0.645971
cuda;48000;100;CrossEntropyLoss();43;397;Tanh();0.01;0.1;30;28;TRAIN;97.2;0.103721;2.513861
cuda;12000;100;CrossEntropyLoss();43;397;Tanh();0.01;0.1;30;28;VAL;96.2;0.130002;1.096615
cuda;48000;100;CrossEntropyLoss();43;397;Tanh();0.01;0.1;30;29;TRAIN;97.3;0.100542;3.219855
cuda;12000;100;CrossEntropyLoss();43;397;Tanh();0.01;0.1;30;29;VAL;96.3;0.127580;0.629898
cuda;48000;100;CrossEntropyLoss();43;397;Tanh();0.01;0.1;30;30;TRAIN;97.4;0.097434;3.073659
cuda;12000;100;CrossEntropyLoss();43;397;Tanh();0.01;0.1;30;30;VAL;96.4;0.124795;0.650859
cuda;48000;100;CrossEntropyLoss();43;397;Tanh();0.01;0.5;30;1;TRAIN;86.1;0.556714;3.611741
cuda;12000;100;CrossEntropyLoss();43;397;Tanh();0.01;0.5;30;1;VAL;89.9;0.358827;0.626096
cuda;48000;100;CrossEntropyLoss();43;397;Tanh();0.01;0.5;30;2;TRAIN;90.9;0.314840;3.174293
cuda;12000;100;CrossEntropyLoss();43;397;Tanh();0.01;0.5;30;2;VAL;91.5;0.305704;0.653904
cuda;48000;100;CrossEntropyLoss();43;397;Tanh();0.01;0.5;30;3;TRAIN;92.0;0.274958;3.559016
cuda;12000;100;CrossEntropyLoss();43;397;Tanh();0.01;0.5;30;3;VAL;92.2;0.275475;0.641290
cuda;48000;100;CrossEntropyLoss();43;397;Tanh();0.01;0.5;30;4;TRAIN;92.9;0.248100;2.799297
cuda;12000;100;CrossEntropyLoss();43;397;Tanh();0.01;0.5;30;4;VAL;92.8;0.253898;0.971777
cuda;48000;100;CrossEntropyLoss();43;397;Tanh();0.01;0.5;30;5;TRAIN;93.6;0.226137;2.987184
cuda;12000;100;CrossEntropyLoss();43;397;Tanh();0.01;0.5;30;5;VAL;93.2;0.233959;0.616391
cuda;48000;100;CrossEntropyLoss();43;397;Tanh();0.01;0.5;30;6;TRAIN;94.2;0.207260;2.985042
cuda;12000;100;CrossEntropyLoss();43;397;Tanh();0.01;0.5;30;6;VAL;93.7;0.218236;0.806069
cuda;48000;100;CrossEntropyLoss();43;397;Tanh();0.01;0.5;30;7;TRAIN;94.6;0.190636;3.505816
cuda;12000;100;CrossEntropyLoss();43;397;Tanh();0.01;0.5;30;7;VAL;94.2;0.202682;0.635970
cuda;48000;100;CrossEntropyLoss();43;397;Tanh();0.01;0.5;30;8;TRAIN;95.1;0.175787;2.602888
cuda;12000;100;CrossEntropyLoss();43;397;Tanh();0.01;0.5;30;8;VAL;94.5;0.190125;0.638236
cuda;48000;100;CrossEntropyLoss();43;397;Tanh();0.01;0.5;30;9;TRAIN;95.4;0.162729;2.620999
cuda;12000;100;CrossEntropyLoss();43;397;Tanh();0.01;0.5;30;9;VAL;95.0;0.177424;0.586906
cuda;48000;100;CrossEntropyLoss();43;397;Tanh();0.01;0.5;30;10;TRAIN;95.8;0.151322;2.322518
cuda;12000;100;CrossEntropyLoss();43;397;Tanh();0.01;0.5;30;10;VAL;95.3;0.167905;0.589008
cuda;48000;100;CrossEntropyLoss();43;397;Tanh();0.01;0.5;30;11;TRAIN;96.1;0.141475;2.683419
cuda;12000;100;CrossEntropyLoss();43;397;Tanh();0.01;0.5;30;11;VAL;95.5;0.158428;0.611834
cuda;48000;100;CrossEntropyLoss();43;397;Tanh();0.01;0.5;30;12;TRAIN;96.4;0.132401;2.365124
cuda;12000;100;CrossEntropyLoss();43;397;Tanh();0.01;0.5;30;12;VAL;95.7;0.150824;0.580178
cuda;48000;100;CrossEntropyLoss();43;397;Tanh();0.01;0.5;30;13;TRAIN;96.6;0.124272;3.212607
cuda;12000;100;CrossEntropyLoss();43;397;Tanh();0.01;0.5;30;13;VAL;95.9;0.143536;0.809882
cuda;48000;100;CrossEntropyLoss();43;397;Tanh();0.01;0.5;30;14;TRAIN;96.9;0.116982;2.709331
cuda;12000;100;CrossEntropyLoss();43;397;Tanh();0.01;0.5;30;14;VAL;96.2;0.137819;0.601517
cuda;48000;100;CrossEntropyLoss();43;397;Tanh();0.01;0.5;30;15;TRAIN;97.0;0.110453;2.527024
cuda;12000;100;CrossEntropyLoss();43;397;Tanh();0.01;0.5;30;15;VAL;96.1;0.133413;1.093595
cuda;48000;100;CrossEntropyLoss();43;397;Tanh();0.01;0.5;30;16;TRAIN;97.2;0.104234;2.923851
cuda;12000;100;CrossEntropyLoss();43;397;Tanh();0.01;0.5;30;16;VAL;96.4;0.127556;0.655927
cuda;48000;100;CrossEntropyLoss();43;397;Tanh();0.01;0.5;30;17;TRAIN;97.3;0.098827;2.363767
cuda;12000;100;CrossEntropyLoss();43;397;Tanh();0.01;0.5;30;17;VAL;96.5;0.122454;1.320450
cuda;48000;100;CrossEntropyLoss();43;397;Tanh();0.01;0.5;30;18;TRAIN;97.5;0.093626;2.918761
cuda;12000;100;CrossEntropyLoss();43;397;Tanh();0.01;0.5;30;18;VAL;96.6;0.119582;0.996387
cuda;48000;100;CrossEntropyLoss();43;397;Tanh();0.01;0.5;30;19;TRAIN;97.6;0.089074;2.770856
cuda;12000;100;CrossEntropyLoss();43;397;Tanh();0.01;0.5;30;19;VAL;96.7;0.116111;0.768683
cuda;48000;100;CrossEntropyLoss();43;397;Tanh();0.01;0.5;30;20;TRAIN;97.8;0.084642;3.478468
cuda;12000;100;CrossEntropyLoss();43;397;Tanh();0.01;0.5;30;20;VAL;96.9;0.111851;0.632670
cuda;48000;100;CrossEntropyLoss();43;397;Tanh();0.01;0.5;30;21;TRAIN;97.8;0.080669;3.179536
cuda;12000;100;CrossEntropyLoss();43;397;Tanh();0.01;0.5;30;21;VAL;97.0;0.109237;0.804917
cuda;48000;100;CrossEntropyLoss();43;397;Tanh();0.01;0.5;30;22;TRAIN;98.0;0.076865;3.460322
cuda;12000;100;CrossEntropyLoss();43;397;Tanh();0.01;0.5;30;22;VAL;97.1;0.106164;0.639622
cuda;48000;100;CrossEntropyLoss();43;397;Tanh();0.01;0.5;30;23;TRAIN;98.1;0.073326;3.592714
cuda;12000;100;CrossEntropyLoss();43;397;Tanh();0.01;0.5;30;23;VAL;97.0;0.103916;0.754875
cuda;48000;100;CrossEntropyLoss();43;397;Tanh();0.01;0.5;30;24;TRAIN;98.2;0.069989;3.235289
cuda;12000;100;CrossEntropyLoss();43;397;Tanh();0.01;0.5;30;24;VAL;97.2;0.101157;0.660120
cuda;48000;100;CrossEntropyLoss();43;397;Tanh();0.01;0.5;30;25;TRAIN;98.3;0.067029;3.506886
cuda;12000;100;CrossEntropyLoss();43;397;Tanh();0.01;0.5;30;25;VAL;97.2;0.098818;0.772219
cuda;48000;100;CrossEntropyLoss();43;397;Tanh();0.01;0.5;30;26;TRAIN;98.4;0.064070;2.543604
cuda;12000;100;CrossEntropyLoss();43;397;Tanh();0.01;0.5;30;26;VAL;97.3;0.097275;1.202305
cuda;48000;100;CrossEntropyLoss();43;397;Tanh();0.01;0.5;30;27;TRAIN;98.5;0.061488;2.928301
cuda;12000;100;CrossEntropyLoss();43;397;Tanh();0.01;0.5;30;27;VAL;97.3;0.095057;1.383736
cuda;48000;100;CrossEntropyLoss();43;397;Tanh();0.01;0.5;30;28;TRAIN;98.6;0.058832;2.584740
cuda;12000;100;CrossEntropyLoss();43;397;Tanh();0.01;0.5;30;28;VAL;97.4;0.093976;1.245487
cuda;48000;100;CrossEntropyLoss();43;397;Tanh();0.01;0.5;30;29;TRAIN;98.6;0.056608;2.951132
cuda;12000;100;CrossEntropyLoss();43;397;Tanh();0.01;0.5;30;29;VAL;97.5;0.092117;1.223269
cuda;48000;100;CrossEntropyLoss();43;397;Tanh();0.01;0.5;30;30;TRAIN;98.7;0.054261;2.646633
cuda;12000;100;CrossEntropyLoss();43;397;Tanh();0.01;0.5;30;30;VAL;97.4;0.091085;0.723810
cuda;48000;100;CrossEntropyLoss();43;397;Tanh();0.01;0.9;30;1;TRAIN;89.6;0.359352;2.646391
cuda;12000;100;CrossEntropyLoss();43;397;Tanh();0.01;0.9;30;1;VAL;93.1;0.238987;0.639311
cuda;48000;100;CrossEntropyLoss();43;397;Tanh();0.01;0.9;30;2;TRAIN;94.5;0.192378;2.326412
cuda;12000;100;CrossEntropyLoss();43;397;Tanh();0.01;0.9;30;2;VAL;95.0;0.174356;0.598293
cuda;48000;100;CrossEntropyLoss();43;397;Tanh();0.01;0.9;30;3;TRAIN;96.1;0.138233;3.208718
cuda;12000;100;CrossEntropyLoss();43;397;Tanh();0.01;0.9;30;3;VAL;95.9;0.141488;0.792513
cuda;48000;100;CrossEntropyLoss();43;397;Tanh();0.01;0.9;30;4;TRAIN;97.1;0.106933;2.618975
cuda;12000;100;CrossEntropyLoss();43;397;Tanh();0.01;0.9;30;4;VAL;96.7;0.116605;0.588627
cuda;48000;100;CrossEntropyLoss();43;397;Tanh();0.01;0.9;30;5;TRAIN;97.6;0.085708;2.363359
cuda;12000;100;CrossEntropyLoss();43;397;Tanh();0.01;0.9;30;5;VAL;97.0;0.105634;0.691530
cuda;48000;100;CrossEntropyLoss();43;397;Tanh();0.01;0.9;30;6;TRAIN;98.1;0.071105;2.574054
cuda;12000;100;CrossEntropyLoss();43;397;Tanh();0.01;0.9;30;6;VAL;97.3;0.094359;0.590166
cuda;48000;100;CrossEntropyLoss();43;397;Tanh();0.01;0.9;30;7;TRAIN;98.5;0.058798;2.338532
cuda;12000;100;CrossEntropyLoss();43;397;Tanh();0.01;0.9;30;7;VAL;97.2;0.090513;0.586542
cuda;48000;100;CrossEntropyLoss();43;397;Tanh();0.01;0.9;30;8;TRAIN;98.7;0.049327;2.692458
cuda;12000;100;CrossEntropyLoss();43;397;Tanh();0.01;0.9;30;8;VAL;97.5;0.082258;0.589052
cuda;48000;100;CrossEntropyLoss();43;397;Tanh();0.01;0.9;30;9;TRAIN;99.0;0.041688;3.026500
cuda;12000;100;CrossEntropyLoss();43;397;Tanh();0.01;0.9;30;9;VAL;97.6;0.081348;0.623227
cuda;48000;100;CrossEntropyLoss();43;397;Tanh();0.01;0.9;30;10;TRAIN;99.2;0.035582;3.670143
cuda;12000;100;CrossEntropyLoss();43;397;Tanh();0.01;0.9;30;10;VAL;97.6;0.077688;0.658130
cuda;48000;100;CrossEntropyLoss();43;397;Tanh();0.01;0.9;30;11;TRAIN;99.4;0.030777;3.171632
cuda;12000;100;CrossEntropyLoss();43;397;Tanh();0.01;0.9;30;11;VAL;97.6;0.076270;0.790357
cuda;48000;100;CrossEntropyLoss();43;397;Tanh();0.01;0.9;30;12;TRAIN;99.5;0.026363;3.385961
cuda;12000;100;CrossEntropyLoss();43;397;Tanh();0.01;0.9;30;12;VAL;97.8;0.072476;0.732449
cuda;48000;100;CrossEntropyLoss();43;397;Tanh();0.01;0.9;30;13;TRAIN;99.6;0.023162;2.738362
cuda;12000;100;CrossEntropyLoss();43;397;Tanh();0.01;0.9;30;13;VAL;97.8;0.071517;1.215875
cuda;48000;100;CrossEntropyLoss();43;397;Tanh();0.01;0.9;30;14;TRAIN;99.7;0.019914;2.849303
cuda;12000;100;CrossEntropyLoss();43;397;Tanh();0.01;0.9;30;14;VAL;97.9;0.069934;1.252120
cuda;48000;100;CrossEntropyLoss();43;397;Tanh();0.01;0.9;30;15;TRAIN;99.8;0.017487;2.604742
cuda;12000;100;CrossEntropyLoss();43;397;Tanh();0.01;0.9;30;15;VAL;97.8;0.070010;1.443411
cuda;48000;100;CrossEntropyLoss();43;397;Tanh();0.01;0.9;30;16;TRAIN;99.8;0.015433;2.834614
cuda;12000;100;CrossEntropyLoss();43;397;Tanh();0.01;0.9;30;16;VAL;97.9;0.069418;0.612067
cuda;48000;100;CrossEntropyLoss();43;397;Tanh();0.01;0.9;30;17;TRAIN;99.9;0.013594;3.345031
cuda;12000;100;CrossEntropyLoss();43;397;Tanh();0.01;0.9;30;17;VAL;97.8;0.067891;0.811262
cuda;48000;100;CrossEntropyLoss();43;397;Tanh();0.01;0.9;30;18;TRAIN;99.9;0.012189;3.281545
cuda;12000;100;CrossEntropyLoss();43;397;Tanh();0.01;0.9;30;18;VAL;97.9;0.067782;0.623768
cuda;48000;100;CrossEntropyLoss();43;397;Tanh();0.01;0.9;30;19;TRAIN;99.9;0.010937;3.427188
cuda;12000;100;CrossEntropyLoss();43;397;Tanh();0.01;0.9;30;19;VAL;97.9;0.068169;0.733614
cuda;48000;100;CrossEntropyLoss();43;397;Tanh();0.01;0.9;30;20;TRAIN;99.9;0.009881;3.256385
cuda;12000;100;CrossEntropyLoss();43;397;Tanh();0.01;0.9;30;20;VAL;97.9;0.068448;0.649552
cuda;48000;100;CrossEntropyLoss();43;397;Tanh();0.01;0.9;30;21;TRAIN;100.0;0.008885;3.528575
cuda;12000;100;CrossEntropyLoss();43;397;Tanh();0.01;0.9;30;21;VAL;97.9;0.067984;0.767983
cuda;48000;100;CrossEntropyLoss();43;397;Tanh();0.01;0.9;30;22;TRAIN;100.0;0.008150;2.474223
cuda;12000;100;CrossEntropyLoss();43;397;Tanh();0.01;0.9;30;22;VAL;97.9;0.067904;0.595424
cuda;48000;100;CrossEntropyLoss();43;397;Tanh();0.01;0.9;30;23;TRAIN;100.0;0.007519;3.496020
cuda;12000;100;CrossEntropyLoss();43;397;Tanh();0.01;0.9;30;23;VAL;97.9;0.065989;0.756718
cuda;48000;100;CrossEntropyLoss();43;397;Tanh();0.01;0.9;30;24;TRAIN;100.0;0.006931;3.168455
cuda;12000;100;CrossEntropyLoss();43;397;Tanh();0.01;0.9;30;24;VAL;98.0;0.066600;0.646550
cuda;48000;100;CrossEntropyLoss();43;397;Tanh();0.01;0.9;30;25;TRAIN;100.0;0.006357;3.752727
cuda;12000;100;CrossEntropyLoss();43;397;Tanh();0.01;0.9;30;25;VAL;98.0;0.067131;0.662011
cuda;48000;100;CrossEntropyLoss();43;397;Tanh();0.01;0.9;30;26;TRAIN;100.0;0.005911;3.145794
cuda;12000;100;CrossEntropyLoss();43;397;Tanh();0.01;0.9;30;26;VAL;98.0;0.066510;0.664760
cuda;48000;100;CrossEntropyLoss();43;397;Tanh();0.01;0.9;30;27;TRAIN;100.0;0.005521;3.644445
cuda;12000;100;CrossEntropyLoss();43;397;Tanh();0.01;0.9;30;27;VAL;98.0;0.067260;0.667339
cuda;48000;100;CrossEntropyLoss();43;397;Tanh();0.01;0.9;30;28;TRAIN;100.0;0.005172;3.152863
cuda;12000;100;CrossEntropyLoss();43;397;Tanh();0.01;0.9;30;28;VAL;98.0;0.066630;0.650764
cuda;48000;100;CrossEntropyLoss();43;397;Tanh();0.01;0.9;30;29;TRAIN;100.0;0.004827;3.636923
cuda;12000;100;CrossEntropyLoss();43;397;Tanh();0.01;0.9;30;29;VAL;98.0;0.067451;0.648572
cuda;48000;100;CrossEntropyLoss();43;397;Tanh();0.01;0.9;30;30;TRAIN;100.0;0.004565;3.160595
cuda;12000;100;CrossEntropyLoss();43;397;Tanh();0.01;0.9;30;30;VAL;98.0;0.067355;0.638965
cuda;48000;100;CrossEntropyLoss();43;397;Tanh();0.1;0.1;30;1;TRAIN;90.4;0.337889;3.661727
cuda;12000;100;CrossEntropyLoss();43;397;Tanh();0.1;0.1;30;1;VAL;93.1;0.236870;0.654821
cuda;48000;100;CrossEntropyLoss();43;397;Tanh();0.1;0.1;30;2;TRAIN;94.8;0.184628;3.250127
cuda;12000;100;CrossEntropyLoss();43;397;Tanh();0.1;0.1;30;2;VAL;94.8;0.173654;0.655421
cuda;48000;100;CrossEntropyLoss();43;397;Tanh();0.1;0.1;30;3;TRAIN;96.3;0.131214;3.673974
cuda;12000;100;CrossEntropyLoss();43;397;Tanh();0.1;0.1;30;3;VAL;96.2;0.131935;0.653148
cuda;48000;100;CrossEntropyLoss();43;397;Tanh();0.1;0.1;30;4;TRAIN;97.2;0.100075;3.211111
cuda;12000;100;CrossEntropyLoss();43;397;Tanh();0.1;0.1;30;4;VAL;96.8;0.110608;0.797594
cuda;48000;100;CrossEntropyLoss();43;397;Tanh();0.1;0.1;30;5;TRAIN;97.9;0.079090;3.508302
cuda;12000;100;CrossEntropyLoss();43;397;Tanh();0.1;0.1;30;5;VAL;97.1;0.097943;0.643392
cuda;48000;100;CrossEntropyLoss();43;397;Tanh();0.1;0.1;30;6;TRAIN;98.3;0.064530;2.614936
cuda;12000;100;CrossEntropyLoss();43;397;Tanh();0.1;0.1;30;6;VAL;97.3;0.090532;1.380943
cuda;48000;100;CrossEntropyLoss();43;397;Tanh();0.1;0.1;30;7;TRAIN;98.7;0.053130;2.831846
cuda;12000;100;CrossEntropyLoss();43;397;Tanh();0.1;0.1;30;7;VAL;97.4;0.086233;1.217288
cuda;48000;100;CrossEntropyLoss();43;397;Tanh();0.1;0.1;30;8;TRAIN;98.9;0.043801;2.721655
cuda;12000;100;CrossEntropyLoss();43;397;Tanh();0.1;0.1;30;8;VAL;97.6;0.079786;0.756363
cuda;48000;100;CrossEntropyLoss();43;397;Tanh();0.1;0.1;30;9;TRAIN;99.2;0.036601;3.228663
cuda;12000;100;CrossEntropyLoss();43;397;Tanh();0.1;0.1;30;9;VAL;97.7;0.078111;0.635499
cuda;48000;100;CrossEntropyLoss();43;397;Tanh();0.1;0.1;30;10;TRAIN;99.3;0.030958;3.570912
cuda;12000;100;CrossEntropyLoss();43;397;Tanh();0.1;0.1;30;10;VAL;97.7;0.074312;0.770149
cuda;48000;100;CrossEntropyLoss();43;397;Tanh();0.1;0.1;30;11;TRAIN;99.5;0.026086;3.270219
cuda;12000;100;CrossEntropyLoss();43;397;Tanh();0.1;0.1;30;11;VAL;97.7;0.073932;0.648836
cuda;48000;100;CrossEntropyLoss();43;397;Tanh();0.1;0.1;30;12;TRAIN;99.6;0.022251;3.519498
cuda;12000;100;CrossEntropyLoss();43;397;Tanh();0.1;0.1;30;12;VAL;97.8;0.071651;0.723477
cuda;48000;100;CrossEntropyLoss();43;397;Tanh();0.1;0.1;30;13;TRAIN;99.7;0.019073;3.176048
cuda;12000;100;CrossEntropyLoss();43;397;Tanh();0.1;0.1;30;13;VAL;97.8;0.071376;0.649512
cuda;48000;100;CrossEntropyLoss();43;397;Tanh();0.1;0.1;30;14;TRAIN;99.8;0.016621;3.676635
cuda;12000;100;CrossEntropyLoss();43;397;Tanh();0.1;0.1;30;14;VAL;98.0;0.069451;0.664593
cuda;48000;100;CrossEntropyLoss();43;397;Tanh();0.1;0.1;30;15;TRAIN;99.9;0.014324;2.539063
cuda;12000;100;CrossEntropyLoss();43;397;Tanh();0.1;0.1;30;15;VAL;97.9;0.069647;1.243497
cuda;48000;100;CrossEntropyLoss();43;397;Tanh();0.1;0.1;30;16;TRAIN;99.9;0.012757;3.078243
cuda;12000;100;CrossEntropyLoss();43;397;Tanh();0.1;0.1;30;16;VAL;97.9;0.068773;0.609952
cuda;48000;100;CrossEntropyLoss();43;397;Tanh();0.1;0.1;30;17;TRAIN;99.9;0.011251;3.196697
cuda;12000;100;CrossEntropyLoss();43;397;Tanh();0.1;0.1;30;17;VAL;97.9;0.067986;0.633762
cuda;48000;100;CrossEntropyLoss();43;397;Tanh();0.1;0.1;30;18;TRAIN;99.9;0.010087;3.576924
cuda;12000;100;CrossEntropyLoss();43;397;Tanh();0.1;0.1;30;18;VAL;97.9;0.067773;0.644018
cuda;48000;100;CrossEntropyLoss();43;397;Tanh();0.1;0.1;30;19;TRAIN;100.0;0.008954;3.187701
cuda;12000;100;CrossEntropyLoss();43;397;Tanh();0.1;0.1;30;19;VAL;98.0;0.067791;0.660349
cuda;48000;100;CrossEntropyLoss();43;397;Tanh();0.1;0.1;30;20;TRAIN;100.0;0.008110;3.653672
cuda;12000;100;CrossEntropyLoss();43;397;Tanh();0.1;0.1;30;20;VAL;98.0;0.067045;0.624051
cuda;48000;100;CrossEntropyLoss();43;397;Tanh();0.1;0.1;30;21;TRAIN;100.0;0.007392;3.209058
cuda;12000;100;CrossEntropyLoss();43;397;Tanh();0.1;0.1;30;21;VAL;97.9;0.067743;0.680344
cuda;48000;100;CrossEntropyLoss();43;397;Tanh();0.1;0.1;30;22;TRAIN;100.0;0.006720;3.613709
cuda;12000;100;CrossEntropyLoss();43;397;Tanh();0.1;0.1;30;22;VAL;97.9;0.067761;0.651708
cuda;48000;100;CrossEntropyLoss();43;397;Tanh();0.1;0.1;30;23;TRAIN;100.0;0.006225;3.210030
cuda;12000;100;CrossEntropyLoss();43;397;Tanh();0.1;0.1;30;23;VAL;97.9;0.067008;0.793429
cuda;48000;100;CrossEntropyLoss();43;397;Tanh();0.1;0.1;30;24;TRAIN;100.0;0.005698;3.354928
cuda;12000;100;CrossEntropyLoss();43;397;Tanh();0.1;0.1;30;24;VAL;98.0;0.066893;0.768897
cuda;48000;100;CrossEntropyLoss();43;397;Tanh();0.1;0.1;30;25;TRAIN;100.0;0.005303;2.945958
cuda;12000;100;CrossEntropyLoss();43;397;Tanh();0.1;0.1;30;25;VAL;97.9;0.067776;1.127792
cuda;48000;100;CrossEntropyLoss();43;397;Tanh();0.1;0.1;30;26;TRAIN;100.0;0.004887;2.740620
cuda;12000;100;CrossEntropyLoss();43;397;Tanh();0.1;0.1;30;26;VAL;97.9;0.067960;1.256471
cuda;48000;100;CrossEntropyLoss();43;397;Tanh();0.1;0.1;30;27;TRAIN;100.0;0.004568;2.649666
cuda;12000;100;CrossEntropyLoss();43;397;Tanh();0.1;0.1;30;27;VAL;98.0;0.067051;1.468365
cuda;48000;100;CrossEntropyLoss();43;397;Tanh();0.1;0.1;30;28;TRAIN;100.0;0.004308;2.913619
cuda;12000;100;CrossEntropyLoss();43;397;Tanh();0.1;0.1;30;28;VAL;98.0;0.067393;0.723722
cuda;48000;100;CrossEntropyLoss();43;397;Tanh();0.1;0.1;30;29;TRAIN;100.0;0.004043;3.147900
cuda;12000;100;CrossEntropyLoss();43;397;Tanh();0.1;0.1;30;29;VAL;97.9;0.067561;0.805550
cuda;48000;100;CrossEntropyLoss();43;397;Tanh();0.1;0.1;30;30;TRAIN;100.0;0.003809;3.331720
cuda;12000;100;CrossEntropyLoss();43;397;Tanh();0.1;0.1;30;30;VAL;98.0;0.067830;0.682610
cuda;48000;100;CrossEntropyLoss();43;397;Tanh();0.1;0.5;30;1;TRAIN;91.3;0.296402;3.569242
cuda;12000;100;CrossEntropyLoss();43;397;Tanh();0.1;0.5;30;1;VAL;94.4;0.188459;0.905895
cuda;48000;100;CrossEntropyLoss();43;397;Tanh();0.1;0.5;30;2;TRAIN;96.0;0.140885;3.413119
cuda;12000;100;CrossEntropyLoss();43;397;Tanh();0.1;0.5;30;2;VAL;96.1;0.132490;0.648127
cuda;48000;100;CrossEntropyLoss();43;397;Tanh();0.1;0.5;30;3;TRAIN;97.3;0.092505;3.481498
cuda;12000;100;CrossEntropyLoss();43;397;Tanh();0.1;0.5;30;3;VAL;97.2;0.096958;0.769216
cuda;48000;100;CrossEntropyLoss();43;397;Tanh();0.1;0.5;30;4;TRAIN;98.2;0.065835;3.212341
cuda;12000;100;CrossEntropyLoss();43;397;Tanh();0.1;0.5;30;4;VAL;97.3;0.091252;0.656774
cuda;48000;100;CrossEntropyLoss();43;397;Tanh();0.1;0.5;30;5;TRAIN;98.6;0.049197;3.518646
cuda;12000;100;CrossEntropyLoss();43;397;Tanh();0.1;0.5;30;5;VAL;97.5;0.081124;0.811891
cuda;48000;100;CrossEntropyLoss();43;397;Tanh();0.1;0.5;30;6;TRAIN;99.1;0.036751;3.047789
cuda;12000;100;CrossEntropyLoss();43;397;Tanh();0.1;0.5;30;6;VAL;97.7;0.077527;0.729083
cuda;48000;100;CrossEntropyLoss();43;397;Tanh();0.1;0.5;30;7;TRAIN;99.4;0.027815;2.998211
cuda;12000;100;CrossEntropyLoss();43;397;Tanh();0.1;0.5;30;7;VAL;97.8;0.073442;1.291409
cuda;48000;100;CrossEntropyLoss();43;397;Tanh();0.1;0.5;30;8;TRAIN;99.6;0.021110;2.569520
cuda;12000;100;CrossEntropyLoss();43;397;Tanh();0.1;0.5;30;8;VAL;97.7;0.074191;0.780083
cuda;48000;100;CrossEntropyLoss();43;397;Tanh();0.1;0.5;30;9;TRAIN;99.7;0.016694;3.345293
cuda;12000;100;CrossEntropyLoss();43;397;Tanh();0.1;0.5;30;9;VAL;97.8;0.070573;0.794817
cuda;48000;100;CrossEntropyLoss();43;397;Tanh();0.1;0.5;30;10;TRAIN;99.9;0.013178;3.148719
cuda;12000;100;CrossEntropyLoss();43;397;Tanh();0.1;0.5;30;10;VAL;97.8;0.070164;0.661328
cuda;48000;100;CrossEntropyLoss();43;397;Tanh();0.1;0.5;30;11;TRAIN;99.9;0.010562;3.553014
cuda;12000;100;CrossEntropyLoss();43;397;Tanh();0.1;0.5;30;11;VAL;97.8;0.071724;0.689395
cuda;48000;100;CrossEntropyLoss();43;397;Tanh();0.1;0.5;30;12;TRAIN;99.9;0.008541;3.247063
cuda;12000;100;CrossEntropyLoss();43;397;Tanh();0.1;0.5;30;12;VAL;97.9;0.069505;0.655030
cuda;48000;100;CrossEntropyLoss();43;397;Tanh();0.1;0.5;30;13;TRAIN;100.0;0.007157;3.746951
cuda;12000;100;CrossEntropyLoss();43;397;Tanh();0.1;0.5;30;13;VAL;97.8;0.068765;0.661081
cuda;48000;100;CrossEntropyLoss();43;397;Tanh();0.1;0.5;30;14;TRAIN;100.0;0.006040;2.776000
cuda;12000;100;CrossEntropyLoss();43;397;Tanh();0.1;0.5;30;14;VAL;97.9;0.067277;1.018953
cuda;48000;100;CrossEntropyLoss();43;397;Tanh();0.1;0.5;30;15;TRAIN;100.0;0.005233;3.028940
cuda;12000;100;CrossEntropyLoss();43;397;Tanh();0.1;0.5;30;15;VAL;97.9;0.068050;1.269886
cuda;48000;100;CrossEntropyLoss();43;397;Tanh();0.1;0.5;30;16;TRAIN;100.0;0.004586;2.597574
cuda;12000;100;CrossEntropyLoss();43;397;Tanh();0.1;0.5;30;16;VAL;98.0;0.068029;1.378284
cuda;48000;100;CrossEntropyLoss();43;397;Tanh();0.1;0.5;30;17;TRAIN;100.0;0.004065;3.040638
cuda;12000;100;CrossEntropyLoss();43;397;Tanh();0.1;0.5;30;17;VAL;97.9;0.069192;0.587770
cuda;48000;100;CrossEntropyLoss();43;397;Tanh();0.1;0.5;30;18;TRAIN;100.0;0.003636;3.185173
cuda;12000;100;CrossEntropyLoss();43;397;Tanh();0.1;0.5;30;18;VAL;98.0;0.068423;0.741288
cuda;48000;100;CrossEntropyLoss();43;397;Tanh();0.1;0.5;30;19;TRAIN;100.0;0.003329;3.530262
cuda;12000;100;CrossEntropyLoss();43;397;Tanh();0.1;0.5;30;19;VAL;98.0;0.069550;0.657528
cuda;48000;100;CrossEntropyLoss();43;397;Tanh();0.1;0.5;30;20;TRAIN;100.0;0.002970;3.119664
cuda;12000;100;CrossEntropyLoss();43;397;Tanh();0.1;0.5;30;20;VAL;98.0;0.069470;0.786077
cuda;48000;100;CrossEntropyLoss();43;397;Tanh();0.1;0.5;30;21;TRAIN;100.0;0.002777;3.487099
cuda;12000;100;CrossEntropyLoss();43;397;Tanh();0.1;0.5;30;21;VAL;98.0;0.070038;0.636771
cuda;48000;100;CrossEntropyLoss();43;397;Tanh();0.1;0.5;30;22;TRAIN;100.0;0.002545;3.216348
cuda;12000;100;CrossEntropyLoss();43;397;Tanh();0.1;0.5;30;22;VAL;98.0;0.069230;0.817946
cuda;48000;100;CrossEntropyLoss();43;397;Tanh();0.1;0.5;30;23;TRAIN;100.0;0.002361;3.488699
cuda;12000;100;CrossEntropyLoss();43;397;Tanh();0.1;0.5;30;23;VAL;98.0;0.069944;0.627062
cuda;48000;100;CrossEntropyLoss();43;397;Tanh();0.1;0.5;30;24;TRAIN;100.0;0.002205;3.285644
cuda;12000;100;CrossEntropyLoss();43;397;Tanh();0.1;0.5;30;24;VAL;98.0;0.069629;0.878126
cuda;48000;100;CrossEntropyLoss();43;397;Tanh();0.1;0.5;30;25;TRAIN;100.0;0.002078;3.400464
cuda;12000;100;CrossEntropyLoss();43;397;Tanh();0.1;0.5;30;25;VAL;98.0;0.069978;0.653393
cuda;48000;100;CrossEntropyLoss();43;397;Tanh();0.1;0.5;30;26;TRAIN;100.0;0.001957;3.378688
cuda;12000;100;CrossEntropyLoss();43;397;Tanh();0.1;0.5;30;26;VAL;98.0;0.069661;0.858046
cuda;48000;100;CrossEntropyLoss();43;397;Tanh();0.1;0.5;30;27;TRAIN;100.0;0.001839;2.605909
cuda;12000;100;CrossEntropyLoss();43;397;Tanh();0.1;0.5;30;27;VAL;98.0;0.071119;0.595082
cuda;48000;100;CrossEntropyLoss();43;397;Tanh();0.1;0.5;30;28;TRAIN;100.0;0.001747;2.404353
cuda;12000;100;CrossEntropyLoss();43;397;Tanh();0.1;0.5;30;28;VAL;98.0;0.070152;0.673670
cuda;48000;100;CrossEntropyLoss();43;397;Tanh();0.1;0.5;30;29;TRAIN;100.0;0.001656;2.610543
cuda;12000;100;CrossEntropyLoss();43;397;Tanh();0.1;0.5;30;29;VAL;98.0;0.071146;0.596455
cuda;48000;100;CrossEntropyLoss();43;397;Tanh();0.1;0.5;30;30;TRAIN;100.0;0.001578;2.364691
cuda;12000;100;CrossEntropyLoss();43;397;Tanh();0.1;0.5;30;30;VAL;98.0;0.070752;0.587449
cuda;48000;100;CrossEntropyLoss();43;397;Tanh();0.1;0.9;30;1;TRAIN;91.5;0.295235;2.680111
cuda;12000;100;CrossEntropyLoss();43;397;Tanh();0.1;0.9;30;1;VAL;94.0;0.206203;0.586528
cuda;48000;100;CrossEntropyLoss();43;397;Tanh();0.1;0.9;30;2;TRAIN;96.1;0.133116;2.321227
cuda;12000;100;CrossEntropyLoss();43;397;Tanh();0.1;0.9;30;2;VAL;95.7;0.163914;0.610007
cuda;48000;100;CrossEntropyLoss();43;397;Tanh();0.1;0.9;30;3;TRAIN;96.8;0.109452;2.700112
cuda;12000;100;CrossEntropyLoss();43;397;Tanh();0.1;0.9;30;3;VAL;96.2;0.140938;0.681482
cuda;48000;100;CrossEntropyLoss();43;397;Tanh();0.1;0.9;30;4;TRAIN;97.4;0.082851;2.344910
cuda;12000;100;CrossEntropyLoss();43;397;Tanh();0.1;0.9;30;4;VAL;96.9;0.122165;0.611332
cuda;48000;100;CrossEntropyLoss();43;397;Tanh();0.1;0.9;30;5;TRAIN;97.9;0.066523;2.470847
cuda;12000;100;CrossEntropyLoss();43;397;Tanh();0.1;0.9;30;5;VAL;96.9;0.123869;0.713789
cuda;48000;100;CrossEntropyLoss();43;397;Tanh();0.1;0.9;30;6;TRAIN;98.2;0.054694;2.482254
cuda;12000;100;CrossEntropyLoss();43;397;Tanh();0.1;0.9;30;6;VAL;97.0;0.121682;0.584137
cuda;48000;100;CrossEntropyLoss();43;397;Tanh();0.1;0.9;30;7;TRAIN;98.5;0.045756;2.325744
cuda;12000;100;CrossEntropyLoss();43;397;Tanh();0.1;0.9;30;7;VAL;97.2;0.117057;0.634899
cuda;48000;100;CrossEntropyLoss();43;397;Tanh();0.1;0.9;30;8;TRAIN;98.8;0.037129;2.752801
cuda;12000;100;CrossEntropyLoss();43;397;Tanh();0.1;0.9;30;8;VAL;96.7;0.146482;0.600874
cuda;48000;100;CrossEntropyLoss();43;397;Tanh();0.1;0.9;30;9;TRAIN;98.9;0.032554;2.723419
cuda;12000;100;CrossEntropyLoss();43;397;Tanh();0.1;0.9;30;9;VAL;97.6;0.106811;0.866784
cuda;48000;100;CrossEntropyLoss();43;397;Tanh();0.1;0.9;30;10;TRAIN;99.1;0.027005;3.018309
cuda;12000;100;CrossEntropyLoss();43;397;Tanh();0.1;0.9;30;10;VAL;97.2;0.124696;0.601484
cuda;48000;100;CrossEntropyLoss();43;397;Tanh();0.1;0.9;30;11;TRAIN;99.2;0.023350;3.147216
cuda;12000;100;CrossEntropyLoss();43;397;Tanh();0.1;0.9;30;11;VAL;97.5;0.114969;0.674228
cuda;48000;100;CrossEntropyLoss();43;397;Tanh();0.1;0.9;30;12;TRAIN;99.5;0.014350;3.658844
cuda;12000;100;CrossEntropyLoss();43;397;Tanh();0.1;0.9;30;12;VAL;97.5;0.120499;0.656943
cuda;48000;100;CrossEntropyLoss();43;397;Tanh();0.1;0.9;30;13;TRAIN;99.6;0.011014;3.136071
cuda;12000;100;CrossEntropyLoss();43;397;Tanh();0.1;0.9;30;13;VAL;97.7;0.113845;0.688801
cuda;48000;100;CrossEntropyLoss();43;397;Tanh();0.1;0.9;30;14;TRAIN;99.7;0.006918;3.555062
cuda;12000;100;CrossEntropyLoss();43;397;Tanh();0.1;0.9;30;14;VAL;97.9;0.105630;0.648402
cuda;48000;100;CrossEntropyLoss();43;397;Tanh();0.1;0.9;30;15;TRAIN;99.9;0.002439;3.193562
cuda;12000;100;CrossEntropyLoss();43;397;Tanh();0.1;0.9;30;15;VAL;98.0;0.099095;0.780467
cuda;48000;100;CrossEntropyLoss();43;397;Tanh();0.1;0.9;30;16;TRAIN;100.0;0.000611;3.166682
cuda;12000;100;CrossEntropyLoss();43;397;Tanh();0.1;0.9;30;16;VAL;98.0;0.094467;0.882588
cuda;48000;100;CrossEntropyLoss();43;397;Tanh();0.1;0.9;30;17;TRAIN;100.0;0.000244;2.623982
cuda;12000;100;CrossEntropyLoss();43;397;Tanh();0.1;0.9;30;17;VAL;98.1;0.094153;1.351186
cuda;48000;100;CrossEntropyLoss();43;397;Tanh();0.1;0.9;30;18;TRAIN;100.0;0.000166;2.903485
cuda;12000;100;CrossEntropyLoss();43;397;Tanh();0.1;0.9;30;18;VAL;98.0;0.094306;0.671721
cuda;48000;100;CrossEntropyLoss();43;397;Tanh();0.1;0.9;30;19;TRAIN;100.0;0.000143;3.039033
cuda;12000;100;CrossEntropyLoss();43;397;Tanh();0.1;0.9;30;19;VAL;98.0;0.094695;0.834688
cuda;48000;100;CrossEntropyLoss();43;397;Tanh();0.1;0.9;30;20;TRAIN;100.0;0.000129;3.515191
cuda;12000;100;CrossEntropyLoss();43;397;Tanh();0.1;0.9;30;20;VAL;98.1;0.094845;0.663457
cuda;48000;100;CrossEntropyLoss();43;397;Tanh();0.1;0.9;30;21;TRAIN;100.0;0.000118;3.226772
cuda;12000;100;CrossEntropyLoss();43;397;Tanh();0.1;0.9;30;21;VAL;98.1;0.094823;0.800941
cuda;48000;100;CrossEntropyLoss();43;397;Tanh();0.1;0.9;30;22;TRAIN;100.0;0.000110;3.289208
cuda;12000;100;CrossEntropyLoss();43;397;Tanh();0.1;0.9;30;22;VAL;98.1;0.094878;0.655955
cuda;48000;100;CrossEntropyLoss();43;397;Tanh();0.1;0.9;30;23;TRAIN;100.0;0.000103;3.497770
cuda;12000;100;CrossEntropyLoss();43;397;Tanh();0.1;0.9;30;23;VAL;98.1;0.095016;0.798658
cuda;48000;100;CrossEntropyLoss();43;397;Tanh();0.1;0.9;30;24;TRAIN;100.0;0.000097;3.235347
cuda;12000;100;CrossEntropyLoss();43;397;Tanh();0.1;0.9;30;24;VAL;98.1;0.095198;0.659428
cuda;48000;100;CrossEntropyLoss();43;397;Tanh();0.1;0.9;30;25;TRAIN;100.0;0.000093;2.795409
cuda;12000;100;CrossEntropyLoss();43;397;Tanh();0.1;0.9;30;25;VAL;98.1;0.095214;0.683183
cuda;48000;100;CrossEntropyLoss();43;397;Tanh();0.1;0.9;30;26;TRAIN;100.0;0.000088;2.852815
cuda;12000;100;CrossEntropyLoss();43;397;Tanh();0.1;0.9;30;26;VAL;98.1;0.095238;0.717347
cuda;48000;100;CrossEntropyLoss();43;397;Tanh();0.1;0.9;30;27;TRAIN;100.0;0.000085;2.821114
cuda;12000;100;CrossEntropyLoss();43;397;Tanh();0.1;0.9;30;27;VAL;98.1;0.095257;1.422195
cuda;48000;100;CrossEntropyLoss();43;397;Tanh();0.1;0.9;30;28;TRAIN;100.0;0.000081;2.707522
cuda;12000;100;CrossEntropyLoss();43;397;Tanh();0.1;0.9;30;28;VAL;98.1;0.095442;0.871378
cuda;48000;100;CrossEntropyLoss();43;397;Tanh();0.1;0.9;30;29;TRAIN;100.0;0.000078;3.255509
cuda;12000;100;CrossEntropyLoss();43;397;Tanh();0.1;0.9;30;29;VAL;98.1;0.095376;0.739297
cuda;48000;100;CrossEntropyLoss();43;397;Tanh();0.1;0.9;30;30;TRAIN;100.0;0.000075;3.208391
cuda;12000;100;CrossEntropyLoss();43;397;Tanh();0.1;0.9;30;30;VAL;98.1;0.095451;0.648749
cuda;48000;100;CrossEntropyLoss();43;784;Tanh();0.001;0.1;30;1;TRAIN;66.6;1.516375;3.480891
cuda;12000;100;CrossEntropyLoss();43;784;Tanh();0.001;0.1;30;1;VAL;80.3;1.048758;0.737704
cuda;48000;100;CrossEntropyLoss();43;784;Tanh();0.001;0.1;30;2;TRAIN;83.2;0.860968;3.186522
cuda;12000;100;CrossEntropyLoss();43;784;Tanh();0.001;0.1;30;2;VAL;84.1;0.737896;0.640986
cuda;48000;100;CrossEntropyLoss();43;784;Tanh();0.001;0.1;30;3;TRAIN;85.6;0.659691;3.444894
cuda;12000;100;CrossEntropyLoss();43;784;Tanh();0.001;0.1;30;3;VAL;85.8;0.610351;0.760121
cuda;48000;100;CrossEntropyLoss();43;784;Tanh();0.001;0.1;30;4;TRAIN;86.8;0.564179;3.158661
cuda;12000;100;CrossEntropyLoss();43;784;Tanh();0.001;0.1;30;4;VAL;86.6;0.540717;0.643804
cuda;48000;100;CrossEntropyLoss();43;784;Tanh();0.001;0.1;30;5;TRAIN;87.6;0.507708;3.257553
cuda;12000;100;CrossEntropyLoss();43;784;Tanh();0.001;0.1;30;5;VAL;87.2;0.496454;1.050794
cuda;48000;100;CrossEntropyLoss();43;784;Tanh();0.001;0.1;30;6;TRAIN;88.1;0.470053;2.623780
cuda;12000;100;CrossEntropyLoss();43;784;Tanh();0.001;0.1;30;6;VAL;87.8;0.465801;0.995449
cuda;48000;100;CrossEntropyLoss();43;784;Tanh();0.001;0.1;30;7;TRAIN;88.5;0.442937;3.213734
cuda;12000;100;CrossEntropyLoss();43;784;Tanh();0.001;0.1;30;7;VAL;88.2;0.443010;0.635854
cuda;48000;100;CrossEntropyLoss();43;784;Tanh();0.001;0.1;30;8;TRAIN;88.9;0.422340;3.123070
cuda;12000;100;CrossEntropyLoss();43;784;Tanh();0.001;0.1;30;8;VAL;88.4;0.425405;0.659526
cuda;48000;100;CrossEntropyLoss();43;784;Tanh();0.001;0.1;30;9;TRAIN;89.2;0.406061;3.537607
cuda;12000;100;CrossEntropyLoss();43;784;Tanh();0.001;0.1;30;9;VAL;88.7;0.411317;0.659743
cuda;48000;100;CrossEntropyLoss();43;784;Tanh();0.001;0.1;30;10;TRAIN;89.4;0.392849;3.068829
cuda;12000;100;CrossEntropyLoss();43;784;Tanh();0.001;0.1;30;10;VAL;88.9;0.399647;0.645477
cuda;48000;100;CrossEntropyLoss();43;784;Tanh();0.001;0.1;30;11;TRAIN;89.6;0.381742;3.611798
cuda;12000;100;CrossEntropyLoss();43;784;Tanh();0.001;0.1;30;11;VAL;89.1;0.389943;0.660718
cuda;48000;100;CrossEntropyLoss();43;784;Tanh();0.001;0.1;30;12;TRAIN;89.8;0.372339;2.726669
cuda;12000;100;CrossEntropyLoss();43;784;Tanh();0.001;0.1;30;12;VAL;89.3;0.381466;1.075306
cuda;48000;100;CrossEntropyLoss();43;784;Tanh();0.001;0.1;30;13;TRAIN;89.9;0.364189;3.103165
cuda;12000;100;CrossEntropyLoss();43;784;Tanh();0.001;0.1;30;13;VAL;89.5;0.374182;1.458940
cuda;48000;100;CrossEntropyLoss();43;784;Tanh();0.001;0.1;30;14;TRAIN;90.1;0.357040;4.813471
cuda;12000;100;CrossEntropyLoss();43;784;Tanh();0.001;0.1;30;14;VAL;89.6;0.367722;0.775148
cuda;48000;100;CrossEntropyLoss();43;784;Tanh();0.001;0.1;30;15;TRAIN;90.2;0.350616;5.662321
cuda;12000;100;CrossEntropyLoss();43;784;Tanh();0.001;0.1;30;15;VAL;89.8;0.362000;0.760878
cuda;48000;100;CrossEntropyLoss();43;784;Tanh();0.001;0.1;30;16;TRAIN;90.3;0.344913;5.073872
cuda;12000;100;CrossEntropyLoss();43;784;Tanh();0.001;0.1;30;16;VAL;90.0;0.356769;0.923771
cuda;48000;100;CrossEntropyLoss();43;784;Tanh();0.001;0.1;30;17;TRAIN;90.5;0.339752;4.195615
cuda;12000;100;CrossEntropyLoss();43;784;Tanh();0.001;0.1;30;17;VAL;90.1;0.352176;0.771083
cuda;48000;100;CrossEntropyLoss();43;784;Tanh();0.001;0.1;30;18;TRAIN;90.5;0.335010;4.695734
cuda;12000;100;CrossEntropyLoss();43;784;Tanh();0.001;0.1;30;18;VAL;90.2;0.347796;1.169666
cuda;48000;100;CrossEntropyLoss();43;784;Tanh();0.001;0.1;30;19;TRAIN;90.6;0.330660;3.203533
cuda;12000;100;CrossEntropyLoss();43;784;Tanh();0.001;0.1;30;19;VAL;90.3;0.343953;0.675575
cuda;48000;100;CrossEntropyLoss();43;784;Tanh();0.001;0.1;30;20;TRAIN;90.7;0.326647;2.853294
cuda;12000;100;CrossEntropyLoss();43;784;Tanh();0.001;0.1;30;20;VAL;90.4;0.340302;0.733958
cuda;48000;100;CrossEntropyLoss();43;784;Tanh();0.001;0.1;30;21;TRAIN;90.8;0.322890;2.715885
cuda;12000;100;CrossEntropyLoss();43;784;Tanh();0.001;0.1;30;21;VAL;90.5;0.336772;0.673877
cuda;48000;100;CrossEntropyLoss();43;784;Tanh();0.001;0.1;30;22;TRAIN;90.9;0.319403;3.366679
cuda;12000;100;CrossEntropyLoss();43;784;Tanh();0.001;0.1;30;22;VAL;90.5;0.333692;0.976718
cuda;48000;100;CrossEntropyLoss();43;784;Tanh();0.001;0.1;30;23;TRAIN;91.0;0.316122;3.480175
cuda;12000;100;CrossEntropyLoss();43;784;Tanh();0.001;0.1;30;23;VAL;90.6;0.330659;0.691714
cuda;48000;100;CrossEntropyLoss();43;784;Tanh();0.001;0.1;30;24;TRAIN;91.0;0.313013;2.585244
cuda;12000;100;CrossEntropyLoss();43;784;Tanh();0.001;0.1;30;24;VAL;90.7;0.327808;0.706236
cuda;48000;100;CrossEntropyLoss();43;784;Tanh();0.001;0.1;30;25;TRAIN;91.1;0.310098;3.281036
cuda;12000;100;CrossEntropyLoss();43;784;Tanh();0.001;0.1;30;25;VAL;90.7;0.325147;0.674625
cuda;48000;100;CrossEntropyLoss();43;784;Tanh();0.001;0.1;30;26;TRAIN;91.2;0.307290;2.693278
cuda;12000;100;CrossEntropyLoss();43;784;Tanh();0.001;0.1;30;26;VAL;90.8;0.322760;0.677903
cuda;48000;100;CrossEntropyLoss();43;784;Tanh();0.001;0.1;30;27;TRAIN;91.3;0.304683;2.694990
cuda;12000;100;CrossEntropyLoss();43;784;Tanh();0.001;0.1;30;27;VAL;90.9;0.320270;0.666298
cuda;48000;100;CrossEntropyLoss();43;784;Tanh();0.001;0.1;30;28;TRAIN;91.3;0.302118;2.364890
cuda;12000;100;CrossEntropyLoss();43;784;Tanh();0.001;0.1;30;28;VAL;91.0;0.317956;0.585491
cuda;48000;100;CrossEntropyLoss();43;784;Tanh();0.001;0.1;30;29;TRAIN;91.4;0.299709;3.767887
cuda;12000;100;CrossEntropyLoss();43;784;Tanh();0.001;0.1;30;29;VAL;91.1;0.315748;0.889315
cuda;48000;100;CrossEntropyLoss();43;784;Tanh();0.001;0.1;30;30;TRAIN;91.5;0.297371;2.716323
cuda;12000;100;CrossEntropyLoss();43;784;Tanh();0.001;0.1;30;30;VAL;91.1;0.313760;0.637902
cuda;48000;100;CrossEntropyLoss();43;784;Tanh();0.001;0.5;30;1;TRAIN;72.4;1.259900;2.380778
cuda;12000;100;CrossEntropyLoss();43;784;Tanh();0.001;0.5;30;1;VAL;82.7;0.791874;0.603839
cuda;48000;100;CrossEntropyLoss();43;784;Tanh();0.001;0.5;30;2;TRAIN;85.2;0.653454;2.674322
cuda;12000;100;CrossEntropyLoss();43;784;Tanh();0.001;0.5;30;2;VAL;85.8;0.572426;0.803115
cuda;48000;100;CrossEntropyLoss();43;784;Tanh();0.001;0.5;30;3;TRAIN;87.2;0.516253;2.795711
cuda;12000;100;CrossEntropyLoss();43;784;Tanh();0.001;0.5;30;3;VAL;87.1;0.488724;0.643791
cuda;48000;100;CrossEntropyLoss();43;784;Tanh();0.001;0.5;30;4;TRAIN;88.2;0.453405;3.170019
cuda;12000;100;CrossEntropyLoss();43;784;Tanh();0.001;0.5;30;4;VAL;88.0;0.442940;0.780259
cuda;48000;100;CrossEntropyLoss();43;784;Tanh();0.001;0.5;30;5;TRAIN;88.9;0.416406;2.812933
cuda;12000;100;CrossEntropyLoss();43;784;Tanh();0.001;0.5;30;5;VAL;88.6;0.414037;0.612534
cuda;48000;100;CrossEntropyLoss();43;784;Tanh();0.001;0.5;30;6;TRAIN;89.3;0.391520;2.893636
cuda;12000;100;CrossEntropyLoss();43;784;Tanh();0.001;0.5;30;6;VAL;88.9;0.393813;0.603107
cuda;48000;100;CrossEntropyLoss();43;784;Tanh();0.001;0.5;30;7;TRAIN;89.7;0.373357;2.652717
cuda;12000;100;CrossEntropyLoss();43;784;Tanh();0.001;0.5;30;7;VAL;89.3;0.378434;0.607127
cuda;48000;100;CrossEntropyLoss();43;784;Tanh();0.001;0.5;30;8;TRAIN;89.9;0.359376;3.163971
cuda;12000;100;CrossEntropyLoss();43;784;Tanh();0.001;0.5;30;8;VAL;89.7;0.366438;0.814479
cuda;48000;100;CrossEntropyLoss();43;784;Tanh();0.001;0.5;30;9;TRAIN;90.2;0.348045;2.760369
cuda;12000;100;CrossEntropyLoss();43;784;Tanh();0.001;0.5;30;9;VAL;89.9;0.356676;0.621570
cuda;48000;100;CrossEntropyLoss();43;784;Tanh();0.001;0.5;30;10;TRAIN;90.4;0.338647;2.552352
cuda;12000;100;CrossEntropyLoss();43;784;Tanh();0.001;0.5;30;10;VAL;90.0;0.348459;0.737643
cuda;48000;100;CrossEntropyLoss();43;784;Tanh();0.001;0.5;30;11;TRAIN;90.6;0.330610;3.448394
cuda;12000;100;CrossEntropyLoss();43;784;Tanh();0.001;0.5;30;11;VAL;90.3;0.341606;0.677218
cuda;48000;100;CrossEntropyLoss();43;784;Tanh();0.001;0.5;30;12;TRAIN;90.7;0.323622;2.751977
cuda;12000;100;CrossEntropyLoss();43;784;Tanh();0.001;0.5;30;12;VAL;90.3;0.335256;0.770687
cuda;48000;100;CrossEntropyLoss();43;784;Tanh();0.001;0.5;30;13;TRAIN;90.9;0.317452;2.658902
cuda;12000;100;CrossEntropyLoss();43;784;Tanh();0.001;0.5;30;13;VAL;90.6;0.329702;0.620146
cuda;48000;100;CrossEntropyLoss();43;784;Tanh();0.001;0.5;30;14;TRAIN;91.1;0.311906;2.405236
cuda;12000;100;CrossEntropyLoss();43;784;Tanh();0.001;0.5;30;14;VAL;90.8;0.324785;1.394617
cuda;48000;100;CrossEntropyLoss();43;784;Tanh();0.001;0.5;30;15;TRAIN;91.3;0.306875;3.033386
cuda;12000;100;CrossEntropyLoss();43;784;Tanh();0.001;0.5;30;15;VAL;90.8;0.320439;0.911309
cuda;48000;100;CrossEntropyLoss();43;784;Tanh();0.001;0.5;30;16;TRAIN;91.4;0.302300;3.040989
cuda;12000;100;CrossEntropyLoss();43;784;Tanh();0.001;0.5;30;16;VAL;91.0;0.316139;0.932825
cuda;48000;100;CrossEntropyLoss();43;784;Tanh();0.001;0.5;30;17;TRAIN;91.5;0.297970;3.748978
cuda;12000;100;CrossEntropyLoss();43;784;Tanh();0.001;0.5;30;17;VAL;91.0;0.312275;0.685345
cuda;48000;100;CrossEntropyLoss();43;784;Tanh();0.001;0.5;30;18;TRAIN;91.6;0.293994;3.273184
cuda;12000;100;CrossEntropyLoss();43;784;Tanh();0.001;0.5;30;18;VAL;91.2;0.308760;0.853866
cuda;48000;100;CrossEntropyLoss();43;784;Tanh();0.001;0.5;30;19;TRAIN;91.7;0.290264;2.707571
cuda;12000;100;CrossEntropyLoss();43;784;Tanh();0.001;0.5;30;19;VAL;91.3;0.305668;1.266880
cuda;48000;100;CrossEntropyLoss();43;784;Tanh();0.001;0.5;30;20;TRAIN;91.8;0.286668;2.852784
cuda;12000;100;CrossEntropyLoss();43;784;Tanh();0.001;0.5;30;20;VAL;91.3;0.302202;0.957534
cuda;48000;100;CrossEntropyLoss();43;784;Tanh();0.001;0.5;30;21;TRAIN;91.9;0.283342;3.069774
cuda;12000;100;CrossEntropyLoss();43;784;Tanh();0.001;0.5;30;21;VAL;91.4;0.299394;0.619483
cuda;48000;100;CrossEntropyLoss();43;784;Tanh();0.001;0.5;30;22;TRAIN;92.0;0.280132;3.048272
cuda;12000;100;CrossEntropyLoss();43;784;Tanh();0.001;0.5;30;22;VAL;91.6;0.296566;0.670345
cuda;48000;100;CrossEntropyLoss();43;784;Tanh();0.001;0.5;30;23;TRAIN;92.1;0.277059;2.500141
cuda;12000;100;CrossEntropyLoss();43;784;Tanh();0.001;0.5;30;23;VAL;91.6;0.294022;0.670353
cuda;48000;100;CrossEntropyLoss();43;784;Tanh();0.001;0.5;30;24;TRAIN;92.2;0.274161;3.247116
cuda;12000;100;CrossEntropyLoss();43;784;Tanh();0.001;0.5;30;24;VAL;91.7;0.291199;0.702289
cuda;48000;100;CrossEntropyLoss();43;784;Tanh();0.001;0.5;30;25;TRAIN;92.2;0.271319;3.530967
cuda;12000;100;CrossEntropyLoss();43;784;Tanh();0.001;0.5;30;25;VAL;91.8;0.288483;0.808264
cuda;48000;100;CrossEntropyLoss();43;784;Tanh();0.001;0.5;30;26;TRAIN;92.4;0.268568;3.459327
cuda;12000;100;CrossEntropyLoss();43;784;Tanh();0.001;0.5;30;26;VAL;91.9;0.286031;0.812931
cuda;48000;100;CrossEntropyLoss();43;784;Tanh();0.001;0.5;30;27;TRAIN;92.5;0.265863;3.105522
cuda;12000;100;CrossEntropyLoss();43;784;Tanh();0.001;0.5;30;27;VAL;91.9;0.283580;0.721197
cuda;48000;100;CrossEntropyLoss();43;784;Tanh();0.001;0.5;30;28;TRAIN;92.5;0.263282;2.612616
cuda;12000;100;CrossEntropyLoss();43;784;Tanh();0.001;0.5;30;28;VAL;92.0;0.281397;0.822622
cuda;48000;100;CrossEntropyLoss();43;784;Tanh();0.001;0.5;30;29;TRAIN;92.6;0.260781;3.257432
cuda;12000;100;CrossEntropyLoss();43;784;Tanh();0.001;0.5;30;29;VAL;92.0;0.279045;0.707545
cuda;48000;100;CrossEntropyLoss();43;784;Tanh();0.001;0.5;30;30;TRAIN;92.7;0.258274;2.649560
cuda;12000;100;CrossEntropyLoss();43;784;Tanh();0.001;0.5;30;30;VAL;92.1;0.276723;0.834610
cuda;48000;100;CrossEntropyLoss();43;784;Tanh();0.001;0.9;30;1;TRAIN;83.1;0.680036;3.987500
cuda;12000;100;CrossEntropyLoss();43;784;Tanh();0.001;0.9;30;1;VAL;88.4;0.414419;0.936839
cuda;48000;100;CrossEntropyLoss();43;784;Tanh();0.001;0.9;30;2;TRAIN;89.7;0.365694;3.666963
cuda;12000;100;CrossEntropyLoss();43;784;Tanh();0.001;0.9;30;2;VAL;90.1;0.348276;0.643312
cuda;48000;100;CrossEntropyLoss();43;784;Tanh();0.001;0.9;30;3;TRAIN;90.8;0.321111;3.628361
cuda;12000;100;CrossEntropyLoss();43;784;Tanh();0.001;0.9;30;3;VAL;90.7;0.321619;0.638399
cuda;48000;100;CrossEntropyLoss();43;784;Tanh();0.001;0.9;30;4;TRAIN;91.4;0.297092;2.628513
cuda;12000;100;CrossEntropyLoss();43;784;Tanh();0.001;0.9;30;4;VAL;91.4;0.302546;0.874427
cuda;48000;100;CrossEntropyLoss();43;784;Tanh();0.001;0.9;30;5;TRAIN;92.0;0.280220;3.203468
cuda;12000;100;CrossEntropyLoss();43;784;Tanh();0.001;0.9;30;5;VAL;91.9;0.288131;0.726419
cuda;48000;100;CrossEntropyLoss();43;784;Tanh();0.001;0.9;30;6;TRAIN;92.4;0.266569;3.094485
cuda;12000;100;CrossEntropyLoss();43;784;Tanh();0.001;0.9;30;6;VAL;92.2;0.277196;0.647613
cuda;48000;100;CrossEntropyLoss();43;784;Tanh();0.001;0.9;30;7;TRAIN;92.8;0.254486;3.280029
cuda;12000;100;CrossEntropyLoss();43;784;Tanh();0.001;0.9;30;7;VAL;92.4;0.268352;0.768540
cuda;48000;100;CrossEntropyLoss();43;784;Tanh();0.001;0.9;30;8;TRAIN;93.1;0.243820;2.571467
cuda;12000;100;CrossEntropyLoss();43;784;Tanh();0.001;0.9;30;8;VAL;92.8;0.257109;1.393097
cuda;48000;100;CrossEntropyLoss();43;784;Tanh();0.001;0.9;30;9;TRAIN;93.5;0.233433;2.933713
cuda;12000;100;CrossEntropyLoss();43;784;Tanh();0.001;0.9;30;9;VAL;93.0;0.248198;0.783294
cuda;48000;100;CrossEntropyLoss();43;784;Tanh();0.001;0.9;30;10;TRAIN;93.8;0.223918;2.898777
cuda;12000;100;CrossEntropyLoss();43;784;Tanh();0.001;0.9;30;10;VAL;93.3;0.238576;0.805476
cuda;48000;100;CrossEntropyLoss();43;784;Tanh();0.001;0.9;30;11;TRAIN;94.0;0.214638;3.602718
cuda;12000;100;CrossEntropyLoss();43;784;Tanh();0.001;0.9;30;11;VAL;93.5;0.231019;0.623142
cuda;48000;100;CrossEntropyLoss();43;784;Tanh();0.001;0.9;30;12;TRAIN;94.3;0.205825;3.050090
cuda;12000;100;CrossEntropyLoss();43;784;Tanh();0.001;0.9;30;12;VAL;93.7;0.222868;0.812993
cuda;48000;100;CrossEntropyLoss();43;784;Tanh();0.001;0.9;30;13;TRAIN;94.5;0.197380;3.538774
cuda;12000;100;CrossEntropyLoss();43;784;Tanh();0.001;0.9;30;13;VAL;94.0;0.215400;0.647309
cuda;48000;100;CrossEntropyLoss();43;784;Tanh();0.001;0.9;30;14;TRAIN;94.7;0.189631;3.383418
cuda;12000;100;CrossEntropyLoss();43;784;Tanh();0.001;0.9;30;14;VAL;94.1;0.207879;0.814848
cuda;48000;100;CrossEntropyLoss();43;784;Tanh();0.001;0.9;30;15;TRAIN;94.9;0.182164;3.262698
cuda;12000;100;CrossEntropyLoss();43;784;Tanh();0.001;0.9;30;15;VAL;94.4;0.200705;0.654742
cuda;48000;100;CrossEntropyLoss();43;784;Tanh();0.001;0.9;30;16;TRAIN;95.1;0.174934;3.360956
cuda;12000;100;CrossEntropyLoss();43;784;Tanh();0.001;0.9;30;16;VAL;94.5;0.195169;0.798465
cuda;48000;100;CrossEntropyLoss();43;784;Tanh();0.001;0.9;30;17;TRAIN;95.3;0.168455;2.722469
cuda;12000;100;CrossEntropyLoss();43;784;Tanh();0.001;0.9;30;17;VAL;94.7;0.188019;1.073567
cuda;48000;100;CrossEntropyLoss();43;784;Tanh();0.001;0.9;30;18;TRAIN;95.5;0.162050;2.823815
cuda;12000;100;CrossEntropyLoss();43;784;Tanh();0.001;0.9;30;18;VAL;94.8;0.182458;1.126945
cuda;48000;100;CrossEntropyLoss();43;784;Tanh();0.001;0.9;30;19;TRAIN;95.7;0.156048;2.901373
cuda;12000;100;CrossEntropyLoss();43;784;Tanh();0.001;0.9;30;19;VAL;95.0;0.177275;0.655535
cuda;48000;100;CrossEntropyLoss();43;784;Tanh();0.001;0.9;30;20;TRAIN;95.8;0.150540;3.445514
cuda;12000;100;CrossEntropyLoss();43;784;Tanh();0.001;0.9;30;20;VAL;95.3;0.172072;0.738370
cuda;48000;100;CrossEntropyLoss();43;784;Tanh();0.001;0.9;30;21;TRAIN;95.9;0.145158;3.333308
cuda;12000;100;CrossEntropyLoss();43;784;Tanh();0.001;0.9;30;21;VAL;95.3;0.168107;0.654888
cuda;48000;100;CrossEntropyLoss();43;784;Tanh();0.001;0.9;30;22;TRAIN;96.1;0.140341;3.665867
cuda;12000;100;CrossEntropyLoss();43;784;Tanh();0.001;0.9;30;22;VAL;95.4;0.162422;0.668362
cuda;48000;100;CrossEntropyLoss();43;784;Tanh();0.001;0.9;30;23;TRAIN;96.2;0.135502;3.082363
cuda;12000;100;CrossEntropyLoss();43;784;Tanh();0.001;0.9;30;23;VAL;95.5;0.158101;0.648431
cuda;48000;100;CrossEntropyLoss();43;784;Tanh();0.001;0.9;30;24;TRAIN;96.4;0.130885;3.674852
cuda;12000;100;CrossEntropyLoss();43;784;Tanh();0.001;0.9;30;24;VAL;95.6;0.154946;0.639402
cuda;48000;100;CrossEntropyLoss();43;784;Tanh();0.001;0.9;30;25;TRAIN;96.5;0.126661;3.176068
cuda;12000;100;CrossEntropyLoss();43;784;Tanh();0.001;0.9;30;25;VAL;95.8;0.150884;0.625278
cuda;48000;100;CrossEntropyLoss();43;784;Tanh();0.001;0.9;30;26;TRAIN;96.7;0.122756;2.953192
cuda;12000;100;CrossEntropyLoss();43;784;Tanh();0.001;0.9;30;26;VAL;95.8;0.147009;0.581384
cuda;48000;100;CrossEntropyLoss();43;784;Tanh();0.001;0.9;30;27;TRAIN;96.8;0.118777;3.111358
cuda;12000;100;CrossEntropyLoss();43;784;Tanh();0.001;0.9;30;27;VAL;95.9;0.143601;0.637008
cuda;48000;100;CrossEntropyLoss();43;784;Tanh();0.001;0.9;30;28;TRAIN;96.9;0.115220;3.709136
cuda;12000;100;CrossEntropyLoss();43;784;Tanh();0.001;0.9;30;28;VAL;96.0;0.140669;0.657874
cuda;48000;100;CrossEntropyLoss();43;784;Tanh();0.001;0.9;30;29;TRAIN;97.0;0.111897;3.245145
cuda;12000;100;CrossEntropyLoss();43;784;Tanh();0.001;0.9;30;29;VAL;96.2;0.137149;0.616906
cuda;48000;100;CrossEntropyLoss();43;784;Tanh();0.001;0.9;30;30;TRAIN;97.1;0.108293;3.616786
cuda;12000;100;CrossEntropyLoss();43;784;Tanh();0.001;0.9;30;30;VAL;96.2;0.134865;0.670960
cuda;48000;100;CrossEntropyLoss();43;784;Tanh();0.01;0.1;30;1;TRAIN;84.9;0.630250;3.050391
cuda;12000;100;CrossEntropyLoss();43;784;Tanh();0.01;0.1;30;1;VAL;88.8;0.399913;0.662305
cuda;48000;100;CrossEntropyLoss();43;784;Tanh();0.01;0.1;30;2;TRAIN;90.0;0.352956;3.332901
cuda;12000;100;CrossEntropyLoss();43;784;Tanh();0.01;0.1;30;2;VAL;90.3;0.340095;0.943049
cuda;48000;100;CrossEntropyLoss();43;784;Tanh();0.01;0.1;30;3;TRAIN;91.1;0.311684;2.604616
cuda;12000;100;CrossEntropyLoss();43;784;Tanh();0.01;0.1;30;3;VAL;91.0;0.314079;1.266784
cuda;48000;100;CrossEntropyLoss();43;784;Tanh();0.01;0.1;30;4;TRAIN;91.7;0.288968;2.904106
cuda;12000;100;CrossEntropyLoss();43;784;Tanh();0.01;0.1;30;4;VAL;91.7;0.294996;0.785241
cuda;48000;100;CrossEntropyLoss();43;784;Tanh();0.01;0.1;30;5;TRAIN;92.2;0.272049;2.976700
cuda;12000;100;CrossEntropyLoss();43;784;Tanh();0.01;0.1;30;5;VAL;92.0;0.282488;0.733985
cuda;48000;100;CrossEntropyLoss();43;784;Tanh();0.01;0.1;30;6;TRAIN;92.6;0.258245;3.586680
cuda;12000;100;CrossEntropyLoss();43;784;Tanh();0.01;0.1;30;6;VAL;92.3;0.270710;0.689921
cuda;48000;100;CrossEntropyLoss();43;784;Tanh();0.01;0.1;30;7;TRAIN;93.0;0.245934;3.141129
cuda;12000;100;CrossEntropyLoss();43;784;Tanh();0.01;0.1;30;7;VAL;92.6;0.259215;0.796379
cuda;48000;100;CrossEntropyLoss();43;784;Tanh();0.01;0.1;30;8;TRAIN;93.4;0.234431;3.525642
cuda;12000;100;CrossEntropyLoss();43;784;Tanh();0.01;0.1;30;8;VAL;93.0;0.249612;0.705359
cuda;48000;100;CrossEntropyLoss();43;784;Tanh();0.01;0.1;30;9;TRAIN;93.8;0.223795;2.459151
cuda;12000;100;CrossEntropyLoss();43;784;Tanh();0.01;0.1;30;9;VAL;93.2;0.238459;0.608645
cuda;48000;100;CrossEntropyLoss();43;784;Tanh();0.01;0.1;30;10;TRAIN;94.1;0.213462;2.660556
cuda;12000;100;CrossEntropyLoss();43;784;Tanh();0.01;0.1;30;10;VAL;93.5;0.228827;0.582941
cuda;48000;100;CrossEntropyLoss();43;784;Tanh();0.01;0.1;30;11;TRAIN;94.4;0.203972;2.352818
cuda;12000;100;CrossEntropyLoss();43;784;Tanh();0.01;0.1;30;11;VAL;93.7;0.221535;0.593440
cuda;48000;100;CrossEntropyLoss();43;784;Tanh();0.01;0.1;30;12;TRAIN;94.6;0.194880;2.640790
cuda;12000;100;CrossEntropyLoss();43;784;Tanh();0.01;0.1;30;12;VAL;94.0;0.211561;0.619142
cuda;48000;100;CrossEntropyLoss();43;784;Tanh();0.01;0.1;30;13;TRAIN;94.8;0.186104;2.952372
cuda;12000;100;CrossEntropyLoss();43;784;Tanh();0.01;0.1;30;13;VAL;94.2;0.204214;0.645898
cuda;48000;100;CrossEntropyLoss();43;784;Tanh();0.01;0.1;30;14;TRAIN;95.0;0.178063;2.868670
cuda;12000;100;CrossEntropyLoss();43;784;Tanh();0.01;0.1;30;14;VAL;94.4;0.197121;0.673425
cuda;48000;100;CrossEntropyLoss();43;784;Tanh();0.01;0.1;30;15;TRAIN;95.2;0.170562;2.365301
cuda;12000;100;CrossEntropyLoss();43;784;Tanh();0.01;0.1;30;15;VAL;94.7;0.189969;1.276237
cuda;48000;100;CrossEntropyLoss();43;784;Tanh();0.01;0.1;30;16;TRAIN;95.4;0.163575;2.994569
cuda;12000;100;CrossEntropyLoss();43;784;Tanh();0.01;0.1;30;16;VAL;94.9;0.183394;0.680009
cuda;48000;100;CrossEntropyLoss();43;784;Tanh();0.01;0.1;30;17;TRAIN;95.6;0.156892;2.344975
cuda;12000;100;CrossEntropyLoss();43;784;Tanh();0.01;0.1;30;17;VAL;95.1;0.177567;0.589482
cuda;48000;100;CrossEntropyLoss();43;784;Tanh();0.01;0.1;30;18;TRAIN;95.8;0.150597;2.458629
cuda;12000;100;CrossEntropyLoss();43;784;Tanh();0.01;0.1;30;18;VAL;95.2;0.171662;1.370771
cuda;48000;100;CrossEntropyLoss();43;784;Tanh();0.01;0.1;30;19;TRAIN;96.0;0.144712;2.746331
cuda;12000;100;CrossEntropyLoss();43;784;Tanh();0.01;0.1;30;19;VAL;95.3;0.165685;0.611740
cuda;48000;100;CrossEntropyLoss();43;784;Tanh();0.01;0.1;30;20;TRAIN;96.1;0.139146;3.212178
cuda;12000;100;CrossEntropyLoss();43;784;Tanh();0.01;0.1;30;20;VAL;95.5;0.163109;0.773340
cuda;48000;100;CrossEntropyLoss();43;784;Tanh();0.01;0.1;30;21;TRAIN;96.3;0.133932;3.287751
cuda;12000;100;CrossEntropyLoss();43;784;Tanh();0.01;0.1;30;21;VAL;95.6;0.157018;0.632192
cuda;48000;100;CrossEntropyLoss();43;784;Tanh();0.01;0.1;30;22;TRAIN;96.5;0.129209;3.478375
cuda;12000;100;CrossEntropyLoss();43;784;Tanh();0.01;0.1;30;22;VAL;95.8;0.152005;0.829710
cuda;48000;100;CrossEntropyLoss();43;784;Tanh();0.01;0.1;30;23;TRAIN;96.6;0.124565;3.185058
cuda;12000;100;CrossEntropyLoss();43;784;Tanh();0.01;0.1;30;23;VAL;95.9;0.147643;0.622891
cuda;48000;100;CrossEntropyLoss();43;784;Tanh();0.01;0.1;30;24;TRAIN;96.8;0.120306;3.559434
cuda;12000;100;CrossEntropyLoss();43;784;Tanh();0.01;0.1;30;24;VAL;96.0;0.144270;0.749886
cuda;48000;100;CrossEntropyLoss();43;784;Tanh();0.01;0.1;30;25;TRAIN;96.9;0.116196;3.171778
cuda;12000;100;CrossEntropyLoss();43;784;Tanh();0.01;0.1;30;25;VAL;96.0;0.140541;0.681173
cuda;48000;100;CrossEntropyLoss();43;784;Tanh();0.01;0.1;30;26;TRAIN;97.0;0.112165;3.585521
cuda;12000;100;CrossEntropyLoss();43;784;Tanh();0.01;0.1;30;26;VAL;96.1;0.137591;0.684897
cuda;48000;100;CrossEntropyLoss();43;784;Tanh();0.01;0.1;30;27;TRAIN;97.1;0.108517;3.254732
cuda;12000;100;CrossEntropyLoss();43;784;Tanh();0.01;0.1;30;27;VAL;96.3;0.133812;0.653713
cuda;48000;100;CrossEntropyLoss();43;784;Tanh();0.01;0.1;30;28;TRAIN;97.2;0.105041;3.697084
cuda;12000;100;CrossEntropyLoss();43;784;Tanh();0.01;0.1;30;28;VAL;96.3;0.131208;0.667812
cuda;48000;100;CrossEntropyLoss();43;784;Tanh();0.01;0.1;30;29;TRAIN;97.3;0.101732;2.849388
cuda;12000;100;CrossEntropyLoss();43;784;Tanh();0.01;0.1;30;29;VAL;96.3;0.129117;0.891497
cuda;48000;100;CrossEntropyLoss();43;784;Tanh();0.01;0.1;30;30;TRAIN;97.4;0.098600;3.150769
cuda;12000;100;CrossEntropyLoss();43;784;Tanh();0.01;0.1;30;30;VAL;96.4;0.125671;1.237040
cuda;48000;100;CrossEntropyLoss();43;784;Tanh();0.01;0.5;30;1;TRAIN;86.8;0.518554;2.604764
cuda;12000;100;CrossEntropyLoss();43;784;Tanh();0.01;0.5;30;1;VAL;90.1;0.349894;1.269806
cuda;48000;100;CrossEntropyLoss();43;784;Tanh();0.01;0.5;30;2;TRAIN;91.0;0.312589;3.050042
cuda;12000;100;CrossEntropyLoss();43;784;Tanh();0.01;0.5;30;2;VAL;91.1;0.307184;0.779516
cuda;48000;100;CrossEntropyLoss();43;784;Tanh();0.01;0.5;30;3;TRAIN;92.1;0.277542;3.077389
cuda;12000;100;CrossEntropyLoss();43;784;Tanh();0.01;0.5;30;3;VAL;91.9;0.280445;0.729627
cuda;48000;100;CrossEntropyLoss();43;784;Tanh();0.01;0.5;30;4;TRAIN;92.8;0.253338;3.775007
cuda;12000;100;CrossEntropyLoss();43;784;Tanh();0.01;0.5;30;4;VAL;92.4;0.260345;0.664605
cuda;48000;100;CrossEntropyLoss();43;784;Tanh();0.01;0.5;30;5;TRAIN;93.4;0.233050;3.225748
cuda;12000;100;CrossEntropyLoss();43;784;Tanh();0.01;0.5;30;5;VAL;93.1;0.241662;0.791172
cuda;48000;100;CrossEntropyLoss();43;784;Tanh();0.01;0.5;30;6;TRAIN;94.0;0.213816;3.354223
cuda;12000;100;CrossEntropyLoss();43;784;Tanh();0.01;0.5;30;6;VAL;93.6;0.225508;0.644773
cuda;48000;100;CrossEntropyLoss();43;784;Tanh();0.01;0.5;30;7;TRAIN;94.5;0.197300;3.311173
cuda;12000;100;CrossEntropyLoss();43;784;Tanh();0.01;0.5;30;7;VAL;94.0;0.208803;0.782584
cuda;48000;100;CrossEntropyLoss();43;784;Tanh();0.01;0.5;30;8;TRAIN;95.0;0.181696;3.440118
cuda;12000;100;CrossEntropyLoss();43;784;Tanh();0.01;0.5;30;8;VAL;94.5;0.196650;0.624738
cuda;48000;100;CrossEntropyLoss();43;784;Tanh();0.01;0.5;30;9;TRAIN;95.3;0.167998;3.264279
cuda;12000;100;CrossEntropyLoss();43;784;Tanh();0.01;0.5;30;9;VAL;95.0;0.183527;0.847734
cuda;48000;100;CrossEntropyLoss();43;784;Tanh();0.01;0.5;30;10;TRAIN;95.6;0.155693;3.256468
cuda;12000;100;CrossEntropyLoss();43;784;Tanh();0.01;0.5;30;10;VAL;95.1;0.172519;0.654388
cuda;48000;100;CrossEntropyLoss();43;784;Tanh();0.01;0.5;30;11;TRAIN;96.0;0.145029;3.415271
cuda;12000;100;CrossEntropyLoss();43;784;Tanh();0.01;0.5;30;11;VAL;95.5;0.163352;0.772767
cuda;48000;100;CrossEntropyLoss();43;784;Tanh();0.01;0.5;30;12;TRAIN;96.2;0.135412;2.889794
cuda;12000;100;CrossEntropyLoss();43;784;Tanh();0.01;0.5;30;12;VAL;95.6;0.155353;0.932857
cuda;48000;100;CrossEntropyLoss();43;784;Tanh();0.01;0.5;30;13;TRAIN;96.5;0.126670;2.774171
cuda;12000;100;CrossEntropyLoss();43;784;Tanh();0.01;0.5;30;13;VAL;95.9;0.146720;1.420378
cuda;48000;100;CrossEntropyLoss();43;784;Tanh();0.01;0.5;30;14;TRAIN;96.8;0.118932;2.622824
cuda;12000;100;CrossEntropyLoss();43;784;Tanh();0.01;0.5;30;14;VAL;96.1;0.139742;1.341121
cuda;48000;100;CrossEntropyLoss();43;784;Tanh();0.01;0.5;30;15;TRAIN;97.0;0.111860;4.109014
cuda;12000;100;CrossEntropyLoss();43;784;Tanh();0.01;0.5;30;15;VAL;96.2;0.135154;0.766728
cuda;48000;100;CrossEntropyLoss();43;784;Tanh();0.01;0.5;30;16;TRAIN;97.2;0.105322;3.048090
cuda;12000;100;CrossEntropyLoss();43;784;Tanh();0.01;0.5;30;16;VAL;96.3;0.130370;0.645734
cuda;48000;100;CrossEntropyLoss();43;784;Tanh();0.01;0.5;30;17;TRAIN;97.3;0.099616;3.702051
cuda;12000;100;CrossEntropyLoss();43;784;Tanh();0.01;0.5;30;17;VAL;96.5;0.124522;0.631783
cuda;48000;100;CrossEntropyLoss();43;784;Tanh();0.01;0.5;30;18;TRAIN;97.5;0.094224;3.182174
cuda;12000;100;CrossEntropyLoss();43;784;Tanh();0.01;0.5;30;18;VAL;96.6;0.120170;0.639540
cuda;48000;100;CrossEntropyLoss();43;784;Tanh();0.01;0.5;30;19;TRAIN;97.7;0.089187;3.573278
cuda;12000;100;CrossEntropyLoss();43;784;Tanh();0.01;0.5;30;19;VAL;96.7;0.116054;0.632624
cuda;48000;100;CrossEntropyLoss();43;784;Tanh();0.01;0.5;30;20;TRAIN;97.7;0.084759;3.114291
cuda;12000;100;CrossEntropyLoss();43;784;Tanh();0.01;0.5;30;20;VAL;96.8;0.112923;0.622932
cuda;48000;100;CrossEntropyLoss();43;784;Tanh();0.01;0.5;30;21;TRAIN;97.9;0.080595;3.690503
cuda;12000;100;CrossEntropyLoss();43;784;Tanh();0.01;0.5;30;21;VAL;96.9;0.109876;0.670709
cuda;48000;100;CrossEntropyLoss();43;784;Tanh();0.01;0.5;30;22;TRAIN;98.0;0.076638;3.253490
cuda;12000;100;CrossEntropyLoss();43;784;Tanh();0.01;0.5;30;22;VAL;97.0;0.106439;0.666281
cuda;48000;100;CrossEntropyLoss();43;784;Tanh();0.01;0.5;30;23;TRAIN;98.1;0.072968;3.646800
cuda;12000;100;CrossEntropyLoss();43;784;Tanh();0.01;0.5;30;23;VAL;97.1;0.103184;0.661342
cuda;48000;100;CrossEntropyLoss();43;784;Tanh();0.01;0.5;30;24;TRAIN;98.2;0.069633;3.208972
cuda;12000;100;CrossEntropyLoss();43;784;Tanh();0.01;0.5;30;24;VAL;97.1;0.101994;0.779477
cuda;48000;100;CrossEntropyLoss();43;784;Tanh();0.01;0.5;30;25;TRAIN;98.3;0.066328;3.600777
cuda;12000;100;CrossEntropyLoss();43;784;Tanh();0.01;0.5;30;25;VAL;97.1;0.101839;0.654151
cuda;48000;100;CrossEntropyLoss();43;784;Tanh();0.01;0.5;30;26;TRAIN;98.4;0.063357;3.293834
cuda;12000;100;CrossEntropyLoss();43;784;Tanh();0.01;0.5;30;26;VAL;97.2;0.098391;0.816903
cuda;48000;100;CrossEntropyLoss();43;784;Tanh();0.01;0.5;30;27;TRAIN;98.5;0.060741;2.726487
cuda;12000;100;CrossEntropyLoss();43;784;Tanh();0.01;0.5;30;27;VAL;97.2;0.094961;0.612125
cuda;48000;100;CrossEntropyLoss();43;784;Tanh();0.01;0.5;30;28;TRAIN;98.6;0.058011;2.570499
cuda;12000;100;CrossEntropyLoss();43;784;Tanh();0.01;0.5;30;28;VAL;97.2;0.093795;0.735756
cuda;48000;100;CrossEntropyLoss();43;784;Tanh();0.01;0.5;30;29;TRAIN;98.7;0.055543;2.864429
cuda;12000;100;CrossEntropyLoss();43;784;Tanh();0.01;0.5;30;29;VAL;97.3;0.092032;0.610433
cuda;48000;100;CrossEntropyLoss();43;784;Tanh();0.01;0.5;30;30;TRAIN;98.7;0.053331;2.567501
cuda;12000;100;CrossEntropyLoss();43;784;Tanh();0.01;0.5;30;30;VAL;97.4;0.090383;0.625209
cuda;48000;100;CrossEntropyLoss();43;784;Tanh();0.01;0.9;30;1;TRAIN;89.6;0.356561;3.512887
cuda;12000;100;CrossEntropyLoss();43;784;Tanh();0.01;0.9;30;1;VAL;92.7;0.255205;0.749301
cuda;48000;100;CrossEntropyLoss();43;784;Tanh();0.01;0.9;30;2;TRAIN;94.1;0.205937;2.636727
cuda;12000;100;CrossEntropyLoss();43;784;Tanh();0.01;0.9;30;2;VAL;94.9;0.183816;0.668398
cuda;48000;100;CrossEntropyLoss();43;784;Tanh();0.01;0.9;30;3;TRAIN;95.8;0.147398;2.572589
cuda;12000;100;CrossEntropyLoss();43;784;Tanh();0.01;0.9;30;3;VAL;96.0;0.141533;0.585114
cuda;48000;100;CrossEntropyLoss();43;784;Tanh();0.01;0.9;30;4;TRAIN;96.9;0.111993;3.043725
cuda;12000;100;CrossEntropyLoss();43;784;Tanh();0.01;0.9;30;4;VAL;96.4;0.125697;0.717445
cuda;48000;100;CrossEntropyLoss();43;784;Tanh();0.01;0.9;30;5;TRAIN;97.5;0.088221;2.950489
cuda;12000;100;CrossEntropyLoss();43;784;Tanh();0.01;0.9;30;5;VAL;96.9;0.104511;0.601020
cuda;48000;100;CrossEntropyLoss();43;784;Tanh();0.01;0.9;30;6;TRAIN;98.0;0.072002;2.347530
cuda;12000;100;CrossEntropyLoss();43;784;Tanh();0.01;0.9;30;6;VAL;97.1;0.095970;0.597964
cuda;48000;100;CrossEntropyLoss();43;784;Tanh();0.01;0.9;30;7;TRAIN;98.5;0.058397;2.675073
cuda;12000;100;CrossEntropyLoss();43;784;Tanh();0.01;0.9;30;7;VAL;97.3;0.089255;0.594103
cuda;48000;100;CrossEntropyLoss();43;784;Tanh();0.01;0.9;30;8;TRAIN;98.7;0.049038;2.951542
cuda;12000;100;CrossEntropyLoss();43;784;Tanh();0.01;0.9;30;8;VAL;97.5;0.084521;0.698824
cuda;48000;100;CrossEntropyLoss();43;784;Tanh();0.01;0.9;30;9;TRAIN;99.0;0.041396;3.013059
cuda;12000;100;CrossEntropyLoss();43;784;Tanh();0.01;0.9;30;9;VAL;97.7;0.079163;0.599031
cuda;48000;100;CrossEntropyLoss();43;784;Tanh();0.01;0.9;30;10;TRAIN;99.3;0.034355;3.090527
cuda;12000;100;CrossEntropyLoss();43;784;Tanh();0.01;0.9;30;10;VAL;97.6;0.081098;0.656692
cuda;48000;100;CrossEntropyLoss();43;784;Tanh();0.01;0.9;30;11;TRAIN;99.4;0.029387;3.593720
cuda;12000;100;CrossEntropyLoss();43;784;Tanh();0.01;0.9;30;11;VAL;97.8;0.074574;0.633244
cuda;48000;100;CrossEntropyLoss();43;784;Tanh();0.01;0.9;30;12;TRAIN;99.5;0.024706;3.154292
cuda;12000;100;CrossEntropyLoss();43;784;Tanh();0.01;0.9;30;12;VAL;97.8;0.072562;0.652582
cuda;48000;100;CrossEntropyLoss();43;784;Tanh();0.01;0.9;30;13;TRAIN;99.6;0.021486;3.301083
cuda;12000;100;CrossEntropyLoss();43;784;Tanh();0.01;0.9;30;13;VAL;97.8;0.072790;0.962093
cuda;48000;100;CrossEntropyLoss();43;784;Tanh();0.01;0.9;30;14;TRAIN;99.7;0.018514;2.636752
cuda;12000;100;CrossEntropyLoss();43;784;Tanh();0.01;0.9;30;14;VAL;97.9;0.068247;1.087642
cuda;48000;100;CrossEntropyLoss();43;784;Tanh();0.01;0.9;30;15;TRAIN;99.8;0.016190;3.291367
cuda;12000;100;CrossEntropyLoss();43;784;Tanh();0.01;0.9;30;15;VAL;97.7;0.069493;0.708566
cuda;48000;100;CrossEntropyLoss();43;784;Tanh();0.01;0.9;30;16;TRAIN;99.8;0.014304;3.130612
cuda;12000;100;CrossEntropyLoss();43;784;Tanh();0.01;0.9;30;16;VAL;97.8;0.068567;0.758251
cuda;48000;100;CrossEntropyLoss();43;784;Tanh();0.01;0.9;30;17;TRAIN;99.9;0.012560;3.597733
cuda;12000;100;CrossEntropyLoss();43;784;Tanh();0.01;0.9;30;17;VAL;97.9;0.067768;0.656671
cuda;48000;100;CrossEntropyLoss();43;784;Tanh();0.01;0.9;30;18;TRAIN;99.9;0.011041;3.154449
cuda;12000;100;CrossEntropyLoss();43;784;Tanh();0.01;0.9;30;18;VAL;97.9;0.067654;0.770219
cuda;48000;100;CrossEntropyLoss();43;784;Tanh();0.01;0.9;30;19;TRAIN;99.9;0.009933;3.466254
cuda;12000;100;CrossEntropyLoss();43;784;Tanh();0.01;0.9;30;19;VAL;97.9;0.067010;0.632777
cuda;48000;100;CrossEntropyLoss();43;784;Tanh();0.01;0.9;30;20;TRAIN;99.9;0.009024;3.174930
cuda;12000;100;CrossEntropyLoss();43;784;Tanh();0.01;0.9;30;20;VAL;97.9;0.068108;0.823486
cuda;48000;100;CrossEntropyLoss();43;784;Tanh();0.01;0.9;30;21;TRAIN;100.0;0.008061;2.823981
cuda;12000;100;CrossEntropyLoss();43;784;Tanh();0.01;0.9;30;21;VAL;97.9;0.067401;0.834104
cuda;48000;100;CrossEntropyLoss();43;784;Tanh();0.01;0.9;30;22;TRAIN;100.0;0.007271;2.982256
cuda;12000;100;CrossEntropyLoss();43;784;Tanh();0.01;0.9;30;22;VAL;98.0;0.067408;0.818741
cuda;48000;100;CrossEntropyLoss();43;784;Tanh();0.01;0.9;30;23;TRAIN;100.0;0.006712;3.220788
cuda;12000;100;CrossEntropyLoss();43;784;Tanh();0.01;0.9;30;23;VAL;97.9;0.067694;0.680959
cuda;48000;100;CrossEntropyLoss();43;784;Tanh();0.01;0.9;30;24;TRAIN;100.0;0.006152;3.693916
cuda;12000;100;CrossEntropyLoss();43;784;Tanh();0.01;0.9;30;24;VAL;98.0;0.067391;0.836555
cuda;48000;100;CrossEntropyLoss();43;784;Tanh();0.01;0.9;30;25;TRAIN;100.0;0.005746;3.208440
cuda;12000;100;CrossEntropyLoss();43;784;Tanh();0.01;0.9;30;25;VAL;98.0;0.066739;0.692817
cuda;48000;100;CrossEntropyLoss();43;784;Tanh();0.01;0.9;30;26;TRAIN;100.0;0.005227;3.595596
cuda;12000;100;CrossEntropyLoss();43;784;Tanh();0.01;0.9;30;26;VAL;98.0;0.067221;0.740429
cuda;48000;100;CrossEntropyLoss();43;784;Tanh();0.01;0.9;30;27;TRAIN;100.0;0.004909;2.907688
cuda;12000;100;CrossEntropyLoss();43;784;Tanh();0.01;0.9;30;27;VAL;98.0;0.066775;0.792562
cuda;48000;100;CrossEntropyLoss();43;784;Tanh();0.01;0.9;30;28;TRAIN;100.0;0.004524;3.049457
cuda;12000;100;CrossEntropyLoss();43;784;Tanh();0.01;0.9;30;28;VAL;98.0;0.066601;1.318993
cuda;48000;100;CrossEntropyLoss();43;784;Tanh();0.01;0.9;30;29;TRAIN;100.0;0.004303;2.706830
cuda;12000;100;CrossEntropyLoss();43;784;Tanh();0.01;0.9;30;29;VAL;98.0;0.067325;0.961579
cuda;48000;100;CrossEntropyLoss();43;784;Tanh();0.01;0.9;30;30;TRAIN;100.0;0.003997;3.237815
cuda;12000;100;CrossEntropyLoss();43;784;Tanh();0.01;0.9;30;30;VAL;98.0;0.067004;0.635811
cuda;48000;100;CrossEntropyLoss();43;784;Tanh();0.1;0.1;30;1;TRAIN;90.2;0.339465;3.198715
cuda;12000;100;CrossEntropyLoss();43;784;Tanh();0.1;0.1;30;1;VAL;92.5;0.256507;0.670092
cuda;48000;100;CrossEntropyLoss();43;784;Tanh();0.1;0.1;30;2;TRAIN;94.2;0.199885;3.758184
cuda;12000;100;CrossEntropyLoss();43;784;Tanh();0.1;0.1;30;2;VAL;94.8;0.179166;0.662080
cuda;48000;100;CrossEntropyLoss();43;784;Tanh();0.1;0.1;30;3;TRAIN;96.0;0.140253;3.144319
cuda;12000;100;CrossEntropyLoss();43;784;Tanh();0.1;0.1;30;3;VAL;96.1;0.138968;0.640530
cuda;48000;100;CrossEntropyLoss();43;784;Tanh();0.1;0.1;30;4;TRAIN;96.9;0.106155;3.592260
cuda;12000;100;CrossEntropyLoss();43;784;Tanh();0.1;0.1;30;4;VAL;96.3;0.124919;0.638342
cuda;48000;100;CrossEntropyLoss();43;784;Tanh();0.1;0.1;30;5;TRAIN;97.6;0.082696;3.120948
cuda;12000;100;CrossEntropyLoss();43;784;Tanh();0.1;0.1;30;5;VAL;96.9;0.106443;0.647634
cuda;48000;100;CrossEntropyLoss();43;784;Tanh();0.1;0.1;30;6;TRAIN;98.2;0.065923;3.624573
cuda;12000;100;CrossEntropyLoss();43;784;Tanh();0.1;0.1;30;6;VAL;97.3;0.093773;0.645592
cuda;48000;100;CrossEntropyLoss();43;784;Tanh();0.1;0.1;30;7;TRAIN;98.5;0.053594;3.101176
cuda;12000;100;CrossEntropyLoss();43;784;Tanh();0.1;0.1;30;7;VAL;97.4;0.086429;0.697287
cuda;48000;100;CrossEntropyLoss();43;784;Tanh();0.1;0.1;30;8;TRAIN;98.9;0.044183;3.579213
cuda;12000;100;CrossEntropyLoss();43;784;Tanh();0.1;0.1;30;8;VAL;97.5;0.079916;0.678471
cuda;48000;100;CrossEntropyLoss();43;784;Tanh();0.1;0.1;30;9;TRAIN;99.1;0.036307;2.901147
cuda;12000;100;CrossEntropyLoss();43;784;Tanh();0.1;0.1;30;9;VAL;97.6;0.077942;1.060046
cuda;48000;100;CrossEntropyLoss();43;784;Tanh();0.1;0.1;30;10;TRAIN;99.3;0.030284;2.949463
cuda;12000;100;CrossEntropyLoss();43;784;Tanh();0.1;0.1;30;10;VAL;97.8;0.072936;1.204478
cuda;48000;100;CrossEntropyLoss();43;784;Tanh();0.1;0.1;30;11;TRAIN;99.5;0.025671;2.552888
cuda;12000;100;CrossEntropyLoss();43;784;Tanh();0.1;0.1;30;11;VAL;97.7;0.073724;1.057440
cuda;48000;100;CrossEntropyLoss();43;784;Tanh();0.1;0.1;30;12;TRAIN;99.6;0.021608;3.165124
cuda;12000;100;CrossEntropyLoss();43;784;Tanh();0.1;0.1;30;12;VAL;97.9;0.068647;0.629224
cuda;48000;100;CrossEntropyLoss();43;784;Tanh();0.1;0.1;30;13;TRAIN;99.7;0.018332;3.129038
cuda;12000;100;CrossEntropyLoss();43;784;Tanh();0.1;0.1;30;13;VAL;97.9;0.070717;0.777168
cuda;48000;100;CrossEntropyLoss();43;784;Tanh();0.1;0.1;30;14;TRAIN;99.8;0.015598;3.449168
cuda;12000;100;CrossEntropyLoss();43;784;Tanh();0.1;0.1;30;14;VAL;97.9;0.070014;0.640284
cuda;48000;100;CrossEntropyLoss();43;784;Tanh();0.1;0.1;30;15;TRAIN;99.8;0.013480;3.185832
cuda;12000;100;CrossEntropyLoss();43;784;Tanh();0.1;0.1;30;15;VAL;97.9;0.067759;0.817229
cuda;48000;100;CrossEntropyLoss();43;784;Tanh();0.1;0.1;30;16;TRAIN;99.9;0.011869;3.460340
cuda;12000;100;CrossEntropyLoss();43;784;Tanh();0.1;0.1;30;16;VAL;97.9;0.067202;0.657446
cuda;48000;100;CrossEntropyLoss();43;784;Tanh();0.1;0.1;30;17;TRAIN;99.9;0.010298;3.431920
cuda;12000;100;CrossEntropyLoss();43;784;Tanh();0.1;0.1;30;17;VAL;97.9;0.066663;0.767328
cuda;48000;100;CrossEntropyLoss();43;784;Tanh();0.1;0.1;30;18;TRAIN;99.9;0.009122;3.184031
cuda;12000;100;CrossEntropyLoss();43;784;Tanh();0.1;0.1;30;18;VAL;98.0;0.066900;0.648018
cuda;48000;100;CrossEntropyLoss();43;784;Tanh();0.1;0.1;30;19;TRAIN;100.0;0.008202;3.403439
cuda;12000;100;CrossEntropyLoss();43;784;Tanh();0.1;0.1;30;19;VAL;98.0;0.066550;0.743190
cuda;48000;100;CrossEntropyLoss();43;784;Tanh();0.1;0.1;30;20;TRAIN;100.0;0.007423;2.843235
cuda;12000;100;CrossEntropyLoss();43;784;Tanh();0.1;0.1;30;20;VAL;97.9;0.066378;0.961820
cuda;48000;100;CrossEntropyLoss();43;784;Tanh();0.1;0.1;30;21;TRAIN;100.0;0.006595;2.782906
cuda;12000;100;CrossEntropyLoss();43;784;Tanh();0.1;0.1;30;21;VAL;97.9;0.066538;0.969121
cuda;48000;100;CrossEntropyLoss();43;784;Tanh();0.1;0.1;30;22;TRAIN;100.0;0.005978;3.017962
cuda;12000;100;CrossEntropyLoss();43;784;Tanh();0.1;0.1;30;22;VAL;98.0;0.066392;0.644622
cuda;48000;100;CrossEntropyLoss();43;784;Tanh();0.1;0.1;30;23;TRAIN;100.0;0.005512;3.426712
cuda;12000;100;CrossEntropyLoss();43;784;Tanh();0.1;0.1;30;23;VAL;98.0;0.066886;0.763692
cuda;48000;100;CrossEntropyLoss();43;784;Tanh();0.1;0.1;30;24;TRAIN;100.0;0.005082;3.297365
cuda;12000;100;CrossEntropyLoss();43;784;Tanh();0.1;0.1;30;24;VAL;97.9;0.066254;0.662872
cuda;48000;100;CrossEntropyLoss();43;784;Tanh();0.1;0.1;30;25;TRAIN;100.0;0.004695;3.498749
cuda;12000;100;CrossEntropyLoss();43;784;Tanh();0.1;0.1;30;25;VAL;98.0;0.065862;0.768311
cuda;48000;100;CrossEntropyLoss();43;784;Tanh();0.1;0.1;30;26;TRAIN;100.0;0.004294;3.156263
cuda;12000;100;CrossEntropyLoss();43;784;Tanh();0.1;0.1;30;26;VAL;97.9;0.066669;0.656406
cuda;48000;100;CrossEntropyLoss();43;784;Tanh();0.1;0.1;30;27;TRAIN;100.0;0.004025;3.529287
cuda;12000;100;CrossEntropyLoss();43;784;Tanh();0.1;0.1;30;27;VAL;98.0;0.066491;0.709509
cuda;48000;100;CrossEntropyLoss();43;784;Tanh();0.1;0.1;30;28;TRAIN;100.0;0.003784;3.149551
cuda;12000;100;CrossEntropyLoss();43;784;Tanh();0.1;0.1;30;28;VAL;98.0;0.066836;0.650446
cuda;48000;100;CrossEntropyLoss();43;784;Tanh();0.1;0.1;30;29;TRAIN;100.0;0.003551;3.231957
cuda;12000;100;CrossEntropyLoss();43;784;Tanh();0.1;0.1;30;29;VAL;98.1;0.066242;0.958423
cuda;48000;100;CrossEntropyLoss();43;784;Tanh();0.1;0.1;30;30;TRAIN;100.0;0.003343;2.588540
cuda;12000;100;CrossEntropyLoss();43;784;Tanh();0.1;0.1;30;30;VAL;98.0;0.067152;0.979264
cuda;48000;100;CrossEntropyLoss();43;784;Tanh();0.1;0.5;30;1;TRAIN;91.1;0.303999;3.169408
cuda;12000;100;CrossEntropyLoss();43;784;Tanh();0.1;0.5;30;1;VAL;94.4;0.197510;0.710409
cuda;48000;100;CrossEntropyLoss();43;784;Tanh();0.1;0.5;30;2;TRAIN;95.6;0.150306;3.138511
cuda;12000;100;CrossEntropyLoss();43;784;Tanh();0.1;0.5;30;2;VAL;96.4;0.127757;0.710026
cuda;48000;100;CrossEntropyLoss();43;784;Tanh();0.1;0.5;30;3;TRAIN;97.1;0.098967;3.615982
cuda;12000;100;CrossEntropyLoss();43;784;Tanh();0.1;0.5;30;3;VAL;96.6;0.116759;0.657086
cuda;48000;100;CrossEntropyLoss();43;784;Tanh();0.1;0.5;30;4;TRAIN;97.9;0.069932;3.318336
cuda;12000;100;CrossEntropyLoss();43;784;Tanh();0.1;0.5;30;4;VAL;97.3;0.091798;0.634545
cuda;48000;100;CrossEntropyLoss();43;784;Tanh();0.1;0.5;30;5;TRAIN;98.5;0.051093;3.561657
cuda;12000;100;CrossEntropyLoss();43;784;Tanh();0.1;0.5;30;5;VAL;97.2;0.088288;0.654038
cuda;48000;100;CrossEntropyLoss();43;784;Tanh();0.1;0.5;30;6;TRAIN;99.0;0.037377;3.178385
cuda;12000;100;CrossEntropyLoss();43;784;Tanh();0.1;0.5;30;6;VAL;97.5;0.078595;0.701659
cuda;48000;100;CrossEntropyLoss();43;784;Tanh();0.1;0.5;30;7;TRAIN;99.3;0.028453;3.032179
cuda;12000;100;CrossEntropyLoss();43;784;Tanh();0.1;0.5;30;7;VAL;97.6;0.077819;1.018103
cuda;48000;100;CrossEntropyLoss();43;784;Tanh();0.1;0.5;30;8;TRAIN;99.5;0.021267;2.636326
cuda;12000;100;CrossEntropyLoss();43;784;Tanh();0.1;0.5;30;8;VAL;97.7;0.075352;0.799099
cuda;48000;100;CrossEntropyLoss();43;784;Tanh();0.1;0.5;30;9;TRAIN;99.7;0.016207;3.566695
cuda;12000;100;CrossEntropyLoss();43;784;Tanh();0.1;0.5;30;9;VAL;97.9;0.067553;0.634515
cuda;48000;100;CrossEntropyLoss();43;784;Tanh();0.1;0.5;30;10;TRAIN;99.8;0.012489;3.144226
cuda;12000;100;CrossEntropyLoss();43;784;Tanh();0.1;0.5;30;10;VAL;98.0;0.065952;0.820794
cuda;48000;100;CrossEntropyLoss();43;784;Tanh();0.1;0.5;30;11;TRAIN;99.9;0.009704;3.372108
cuda;12000;100;CrossEntropyLoss();43;784;Tanh();0.1;0.5;30;11;VAL;98.0;0.065958;0.652774
cuda;48000;100;CrossEntropyLoss();43;784;Tanh();0.1;0.5;30;12;TRAIN;99.9;0.007689;3.478304
cuda;12000;100;CrossEntropyLoss();43;784;Tanh();0.1;0.5;30;12;VAL;98.1;0.063664;0.832196
cuda;48000;100;CrossEntropyLoss();43;784;Tanh();0.1;0.5;30;13;TRAIN;100.0;0.006359;3.247763
cuda;12000;100;CrossEntropyLoss();43;784;Tanh();0.1;0.5;30;13;VAL;98.1;0.064268;0.676793
cuda;48000;100;CrossEntropyLoss();43;784;Tanh();0.1;0.5;30;14;TRAIN;100.0;0.005305;2.937687
cuda;12000;100;CrossEntropyLoss();43;784;Tanh();0.1;0.5;30;14;VAL;98.1;0.063839;1.163615
cuda;48000;100;CrossEntropyLoss();43;784;Tanh();0.1;0.5;30;15;TRAIN;100.0;0.004452;2.631988
cuda;12000;100;CrossEntropyLoss();43;784;Tanh();0.1;0.5;30;15;VAL;98.1;0.064190;1.138253
cuda;48000;100;CrossEntropyLoss();43;784;Tanh();0.1;0.5;30;16;TRAIN;100.0;0.003902;2.793975
cuda;12000;100;CrossEntropyLoss();43;784;Tanh();0.1;0.5;30;16;VAL;98.2;0.063647;0.895552
cuda;48000;100;CrossEntropyLoss();43;784;Tanh();0.1;0.5;30;17;TRAIN;100.0;0.003458;3.222471
cuda;12000;100;CrossEntropyLoss();43;784;Tanh();0.1;0.5;30;17;VAL;98.2;0.063888;0.724670
cuda;48000;100;CrossEntropyLoss();43;784;Tanh();0.1;0.5;30;18;TRAIN;100.0;0.003083;3.813724
cuda;12000;100;CrossEntropyLoss();43;784;Tanh();0.1;0.5;30;18;VAL;98.1;0.063940;0.863306
cuda;48000;100;CrossEntropyLoss();43;784;Tanh();0.1;0.5;30;19;TRAIN;100.0;0.002789;3.192500
cuda;12000;100;CrossEntropyLoss();43;784;Tanh();0.1;0.5;30;19;VAL;98.2;0.064070;0.646903
cuda;48000;100;CrossEntropyLoss();43;784;Tanh();0.1;0.5;30;20;TRAIN;100.0;0.002561;3.464851
cuda;12000;100;CrossEntropyLoss();43;784;Tanh();0.1;0.5;30;20;VAL;98.2;0.064210;0.809897
cuda;48000;100;CrossEntropyLoss();43;784;Tanh();0.1;0.5;30;21;TRAIN;100.0;0.002354;3.075856
cuda;12000;100;CrossEntropyLoss();43;784;Tanh();0.1;0.5;30;21;VAL;98.1;0.064218;0.710422
cuda;48000;100;CrossEntropyLoss();43;784;Tanh();0.1;0.5;30;22;TRAIN;100.0;0.002168;3.101687
cuda;12000;100;CrossEntropyLoss();43;784;Tanh();0.1;0.5;30;22;VAL;98.2;0.064152;1.056269
cuda;48000;100;CrossEntropyLoss();43;784;Tanh();0.1;0.5;30;23;TRAIN;100.0;0.002010;2.578893
cuda;12000;100;CrossEntropyLoss();43;784;Tanh();0.1;0.5;30;23;VAL;98.2;0.065101;0.674734
cuda;48000;100;CrossEntropyLoss();43;784;Tanh();0.1;0.5;30;24;TRAIN;100.0;0.001894;3.881732
cuda;12000;100;CrossEntropyLoss();43;784;Tanh();0.1;0.5;30;24;VAL;98.1;0.065313;0.746314
cuda;48000;100;CrossEntropyLoss();43;784;Tanh();0.1;0.5;30;25;TRAIN;100.0;0.001753;3.058888
cuda;12000;100;CrossEntropyLoss();43;784;Tanh();0.1;0.5;30;25;VAL;98.2;0.065048;0.668964
cuda;48000;100;CrossEntropyLoss();43;784;Tanh();0.1;0.5;30;26;TRAIN;100.0;0.001660;3.660985
cuda;12000;100;CrossEntropyLoss();43;784;Tanh();0.1;0.5;30;26;VAL;98.2;0.065190;0.694814
cuda;48000;100;CrossEntropyLoss();43;784;Tanh();0.1;0.5;30;27;TRAIN;100.0;0.001565;3.155912
cuda;12000;100;CrossEntropyLoss();43;784;Tanh();0.1;0.5;30;27;VAL;98.2;0.064826;0.711195
cuda;48000;100;CrossEntropyLoss();43;784;Tanh();0.1;0.5;30;28;TRAIN;100.0;0.001491;3.544958
cuda;12000;100;CrossEntropyLoss();43;784;Tanh();0.1;0.5;30;28;VAL;98.2;0.065332;0.654924
cuda;48000;100;CrossEntropyLoss();43;784;Tanh();0.1;0.5;30;29;TRAIN;100.0;0.001414;3.183708
cuda;12000;100;CrossEntropyLoss();43;784;Tanh();0.1;0.5;30;29;VAL;98.2;0.065360;0.845903
cuda;48000;100;CrossEntropyLoss();43;784;Tanh();0.1;0.5;30;30;TRAIN;100.0;0.001339;3.194611
cuda;12000;100;CrossEntropyLoss();43;784;Tanh();0.1;0.5;30;30;VAL;98.2;0.065399;0.830588
cuda;48000;100;CrossEntropyLoss();43;784;Tanh();0.1;0.9;30;1;TRAIN;90.1;0.417354;2.676362
cuda;12000;100;CrossEntropyLoss();43;784;Tanh();0.1;0.9;30;1;VAL;93.1;0.295690;1.518069
cuda;48000;100;CrossEntropyLoss();43;784;Tanh();0.1;0.9;30;2;TRAIN;94.8;0.228840;2.927120
cuda;12000;100;CrossEntropyLoss();43;784;Tanh();0.1;0.9;30;2;VAL;93.9;0.302044;0.976244
cuda;48000;100;CrossEntropyLoss();43;784;Tanh();0.1;0.9;30;3;TRAIN;95.7;0.195802;3.068080
cuda;12000;100;CrossEntropyLoss();43;784;Tanh();0.1;0.9;30;3;VAL;96.1;0.197354;0.787244
cuda;48000;100;CrossEntropyLoss();43;784;Tanh();0.1;0.9;30;4;TRAIN;96.3;0.172520;3.193836
cuda;12000;100;CrossEntropyLoss();43;784;Tanh();0.1;0.9;30;4;VAL;96.4;0.201177;0.673449
cuda;48000;100;CrossEntropyLoss();43;784;Tanh();0.1;0.9;30;5;TRAIN;96.8;0.142476;3.478141
cuda;12000;100;CrossEntropyLoss();43;784;Tanh();0.1;0.9;30;5;VAL;96.6;0.188058;0.794926
cuda;48000;100;CrossEntropyLoss();43;784;Tanh();0.1;0.9;30;6;TRAIN;97.2;0.129983;3.403885
cuda;12000;100;CrossEntropyLoss();43;784;Tanh();0.1;0.9;30;6;VAL;95.4;0.274723;0.628548
cuda;48000;100;CrossEntropyLoss();43;784;Tanh();0.1;0.9;30;7;TRAIN;97.4;0.116740;3.594312
cuda;12000;100;CrossEntropyLoss();43;784;Tanh();0.1;0.9;30;7;VAL;95.2;0.275339;0.682214
cuda;48000;100;CrossEntropyLoss();43;784;Tanh();0.1;0.9;30;8;TRAIN;97.5;0.117346;3.134276
cuda;12000;100;CrossEntropyLoss();43;784;Tanh();0.1;0.9;30;8;VAL;96.6;0.212533;0.653075
cuda;48000;100;CrossEntropyLoss();43;784;Tanh();0.1;0.9;30;9;TRAIN;97.9;0.092054;3.547600
cuda;12000;100;CrossEntropyLoss();43;784;Tanh();0.1;0.9;30;9;VAL;97.2;0.177882;0.775593
cuda;48000;100;CrossEntropyLoss();43;784;Tanh();0.1;0.9;30;10;TRAIN;98.1;0.081429;2.664032
cuda;12000;100;CrossEntropyLoss();43;784;Tanh();0.1;0.9;30;10;VAL;96.8;0.205098;1.254515
cuda;48000;100;CrossEntropyLoss();43;784;Tanh();0.1;0.9;30;11;TRAIN;98.3;0.074031;3.127268
cuda;12000;100;CrossEntropyLoss();43;784;Tanh();0.1;0.9;30;11;VAL;97.0;0.188141;1.080263
cuda;48000;100;CrossEntropyLoss();43;784;Tanh();0.1;0.9;30;12;TRAIN;98.3;0.075564;2.706616
cuda;12000;100;CrossEntropyLoss();43;784;Tanh();0.1;0.9;30;12;VAL;96.3;0.237413;0.658894
cuda;48000;100;CrossEntropyLoss();43;784;Tanh();0.1;0.9;30;13;TRAIN;98.3;0.073695;3.589176
cuda;12000;100;CrossEntropyLoss();43;784;Tanh();0.1;0.9;30;13;VAL;96.9;0.219728;0.655830
cuda;48000;100;CrossEntropyLoss();43;784;Tanh();0.1;0.9;30;14;TRAIN;98.6;0.053579;2.405464
cuda;12000;100;CrossEntropyLoss();43;784;Tanh();0.1;0.9;30;14;VAL;97.0;0.215791;0.593925
cuda;48000;100;CrossEntropyLoss();43;784;Tanh();0.1;0.9;30;15;TRAIN;98.7;0.059109;2.641935
cuda;12000;100;CrossEntropyLoss();43;784;Tanh();0.1;0.9;30;15;VAL;97.3;0.186260;0.637115
cuda;48000;100;CrossEntropyLoss();43;784;Tanh();0.1;0.9;30;16;TRAIN;98.5;0.065408;2.338951
cuda;12000;100;CrossEntropyLoss();43;784;Tanh();0.1;0.9;30;16;VAL;97.0;0.211403;0.589960
cuda;48000;100;CrossEntropyLoss();43;784;Tanh();0.1;0.9;30;17;TRAIN;98.6;0.063079;2.503172
cuda;12000;100;CrossEntropyLoss();43;784;Tanh();0.1;0.9;30;17;VAL;96.7;0.238272;0.703596
cuda;48000;100;CrossEntropyLoss();43;784;Tanh();0.1;0.9;30;18;TRAIN;98.8;0.050258;2.407995
cuda;12000;100;CrossEntropyLoss();43;784;Tanh();0.1;0.9;30;18;VAL;97.0;0.230150;0.609756
cuda;48000;100;CrossEntropyLoss();43;784;Tanh();0.1;0.9;30;19;TRAIN;98.7;0.055710;2.361554
cuda;12000;100;CrossEntropyLoss();43;784;Tanh();0.1;0.9;30;19;VAL;97.0;0.220387;0.696147
cuda;48000;100;CrossEntropyLoss();43;784;Tanh();0.1;0.9;30;20;TRAIN;98.8;0.054182;2.580301
cuda;12000;100;CrossEntropyLoss();43;784;Tanh();0.1;0.9;30;20;VAL;96.8;0.233015;0.572577
cuda;48000;100;CrossEntropyLoss();43;784;Tanh();0.1;0.9;30;21;TRAIN;99.1;0.036751;2.376487
cuda;12000;100;CrossEntropyLoss();43;784;Tanh();0.1;0.9;30;21;VAL;96.9;0.233511;0.596904
cuda;48000;100;CrossEntropyLoss();43;784;Tanh();0.1;0.9;30;22;TRAIN;99.2;0.027574;2.644246
cuda;12000;100;CrossEntropyLoss();43;784;Tanh();0.1;0.9;30;22;VAL;97.6;0.193460;0.617064
cuda;48000;100;CrossEntropyLoss();43;784;Tanh();0.1;0.9;30;23;TRAIN;99.3;0.025837;2.396859
cuda;12000;100;CrossEntropyLoss();43;784;Tanh();0.1;0.9;30;23;VAL;97.3;0.216499;0.585378
cuda;48000;100;CrossEntropyLoss();43;784;Tanh();0.1;0.9;30;24;TRAIN;99.1;0.037917;2.578980
cuda;12000;100;CrossEntropyLoss();43;784;Tanh();0.1;0.9;30;24;VAL;97.2;0.208480;0.692469
cuda;48000;100;CrossEntropyLoss();43;784;Tanh();0.1;0.9;30;25;TRAIN;99.4;0.024961;2.394678
cuda;12000;100;CrossEntropyLoss();43;784;Tanh();0.1;0.9;30;25;VAL;97.4;0.207017;0.595660
cuda;48000;100;CrossEntropyLoss();43;784;Tanh();0.1;0.9;30;26;TRAIN;99.2;0.028774;2.488756
cuda;12000;100;CrossEntropyLoss();43;784;Tanh();0.1;0.9;30;26;VAL;97.2;0.228980;0.706017
cuda;48000;100;CrossEntropyLoss();43;784;Tanh();0.1;0.9;30;27;TRAIN;99.5;0.018958;3.359249
cuda;12000;100;CrossEntropyLoss();43;784;Tanh();0.1;0.9;30;27;VAL;97.1;0.221846;0.649861
cuda;48000;100;CrossEntropyLoss();43;784;Tanh();0.1;0.9;30;28;TRAIN;99.5;0.019217;3.515940
cuda;12000;100;CrossEntropyLoss();43;784;Tanh();0.1;0.9;30;28;VAL;97.2;0.230730;0.808456
cuda;48000;100;CrossEntropyLoss();43;784;Tanh();0.1;0.9;30;29;TRAIN;99.6;0.014945;3.125389
cuda;12000;100;CrossEntropyLoss();43;784;Tanh();0.1;0.9;30;29;VAL;97.4;0.222083;0.666183
cuda;48000;100;CrossEntropyLoss();43;784;Tanh();0.1;0.9;30;30;TRAIN;99.6;0.011476;3.121757
cuda;12000;100;CrossEntropyLoss();43;784;Tanh();0.1;0.9;30;30;VAL;97.3;0.217529;0.950945
cuda;48000;100;CrossEntropyLoss();43;1568;Tanh();0.001;0.1;30;1;TRAIN;71.2;1.356411;2.623434
cuda;12000;100;CrossEntropyLoss();43;1568;Tanh();0.001;0.1;30;1;VAL;82.1;0.889188;1.093853
cuda;48000;100;CrossEntropyLoss();43;1568;Tanh();0.001;0.1;30;2;TRAIN;84.4;0.738289;2.992103
cuda;12000;100;CrossEntropyLoss();43;1568;Tanh();0.001;0.1;30;2;VAL;85.0;0.644478;0.745297
cuda;48000;100;CrossEntropyLoss();43;1568;Tanh();0.001;0.1;30;3;TRAIN;86.4;0.582825;3.195904
cuda;12000;100;CrossEntropyLoss();43;1568;Tanh();0.001;0.1;30;3;VAL;86.4;0.547142;0.627600
cuda;48000;100;CrossEntropyLoss();43;1568;Tanh();0.001;0.1;30;4;TRAIN;87.4;0.509661;3.673954
cuda;12000;100;CrossEntropyLoss();43;1568;Tanh();0.001;0.1;30;4;VAL;87.2;0.493727;0.720236
cuda;48000;100;CrossEntropyLoss();43;1568;Tanh();0.001;0.1;30;5;TRAIN;88.1;0.465983;3.193334
cuda;12000;100;CrossEntropyLoss();43;1568;Tanh();0.001;0.1;30;5;VAL;87.6;0.459634;0.666254
cuda;48000;100;CrossEntropyLoss();43;1568;Tanh();0.001;0.1;30;6;TRAIN;88.5;0.436451;3.650716
cuda;12000;100;CrossEntropyLoss();43;1568;Tanh();0.001;0.1;30;6;VAL;88.2;0.435380;0.644082
cuda;48000;100;CrossEntropyLoss();43;1568;Tanh();0.001;0.1;30;7;TRAIN;88.9;0.414949;3.095445
cuda;12000;100;CrossEntropyLoss();43;1568;Tanh();0.001;0.1;30;7;VAL;88.5;0.417143;0.677529
cuda;48000;100;CrossEntropyLoss();43;1568;Tanh();0.001;0.1;30;8;TRAIN;89.2;0.398400;3.518458
cuda;12000;100;CrossEntropyLoss();43;1568;Tanh();0.001;0.1;30;8;VAL;88.7;0.403016;0.731320
cuda;48000;100;CrossEntropyLoss();43;1568;Tanh();0.001;0.1;30;9;TRAIN;89.4;0.385119;2.697047
cuda;12000;100;CrossEntropyLoss();43;1568;Tanh();0.001;0.1;30;9;VAL;89.0;0.391558;0.616495
cuda;48000;100;CrossEntropyLoss();43;1568;Tanh();0.001;0.1;30;10;TRAIN;89.6;0.374148;3.633812
cuda;12000;100;CrossEntropyLoss();43;1568;Tanh();0.001;0.1;30;10;VAL;89.2;0.381874;0.658548
cuda;48000;100;CrossEntropyLoss();43;1568;Tanh();0.001;0.1;30;11;TRAIN;89.8;0.364934;3.219792
cuda;12000;100;CrossEntropyLoss();43;1568;Tanh();0.001;0.1;30;11;VAL;89.4;0.373953;0.669226
cuda;48000;100;CrossEntropyLoss();43;1568;Tanh();0.001;0.1;30;12;TRAIN;90.0;0.357021;3.715363
cuda;12000;100;CrossEntropyLoss();43;1568;Tanh();0.001;0.1;30;12;VAL;89.6;0.366695;0.659208
cuda;48000;100;CrossEntropyLoss();43;1568;Tanh();0.001;0.1;30;13;TRAIN;90.1;0.350061;3.196757
cuda;12000;100;CrossEntropyLoss();43;1568;Tanh();0.001;0.1;30;13;VAL;89.8;0.360516;0.712236
cuda;48000;100;CrossEntropyLoss();43;1568;Tanh();0.001;0.1;30;14;TRAIN;90.3;0.343955;3.786687
cuda;12000;100;CrossEntropyLoss();43;1568;Tanh();0.001;0.1;30;14;VAL;90.0;0.354819;0.715131
cuda;48000;100;CrossEntropyLoss();43;1568;Tanh();0.001;0.1;30;15;TRAIN;90.4;0.338448;3.247228
cuda;12000;100;CrossEntropyLoss();43;1568;Tanh();0.001;0.1;30;15;VAL;90.1;0.349970;0.853242
cuda;48000;100;CrossEntropyLoss();43;1568;Tanh();0.001;0.1;30;16;TRAIN;90.5;0.333491;3.138507
cuda;12000;100;CrossEntropyLoss();43;1568;Tanh();0.001;0.1;30;16;VAL;90.3;0.345463;1.158850
cuda;48000;100;CrossEntropyLoss();43;1568;Tanh();0.001;0.1;30;17;TRAIN;90.6;0.328996;2.873821
cuda;12000;100;CrossEntropyLoss();43;1568;Tanh();0.001;0.1;30;17;VAL;90.3;0.341349;1.130812
cuda;48000;100;CrossEntropyLoss();43;1568;Tanh();0.001;0.1;30;18;TRAIN;90.7;0.324855;3.113752
cuda;12000;100;CrossEntropyLoss();43;1568;Tanh();0.001;0.1;30;18;VAL;90.4;0.337770;0.684239
cuda;48000;100;CrossEntropyLoss();43;1568;Tanh();0.001;0.1;30;19;TRAIN;90.8;0.321050;3.536913
cuda;12000;100;CrossEntropyLoss();43;1568;Tanh();0.001;0.1;30;19;VAL;90.5;0.334216;0.856670
cuda;48000;100;CrossEntropyLoss();43;1568;Tanh();0.001;0.1;30;20;TRAIN;90.9;0.317540;3.478743
cuda;12000;100;CrossEntropyLoss();43;1568;Tanh();0.001;0.1;30;20;VAL;90.6;0.331125;0.685818
cuda;48000;100;CrossEntropyLoss();43;1568;Tanh();0.001;0.1;30;21;TRAIN;91.0;0.314223;3.719333
cuda;12000;100;CrossEntropyLoss();43;1568;Tanh();0.001;0.1;30;21;VAL;90.6;0.328146;0.914101
cuda;48000;100;CrossEntropyLoss();43;1568;Tanh();0.001;0.1;30;22;TRAIN;91.1;0.311167;3.233492
cuda;12000;100;CrossEntropyLoss();43;1568;Tanh();0.001;0.1;30;22;VAL;90.8;0.325469;0.636399
cuda;48000;100;CrossEntropyLoss();43;1568;Tanh();0.001;0.1;30;23;TRAIN;91.1;0.308265;3.592218
cuda;12000;100;CrossEntropyLoss();43;1568;Tanh();0.001;0.1;30;23;VAL;90.8;0.322723;0.663674
cuda;48000;100;CrossEntropyLoss();43;1568;Tanh();0.001;0.1;30;24;TRAIN;91.2;0.305551;2.832128
cuda;12000;100;CrossEntropyLoss();43;1568;Tanh();0.001;0.1;30;24;VAL;90.9;0.320292;0.979392
cuda;48000;100;CrossEntropyLoss();43;1568;Tanh();0.001;0.1;30;25;TRAIN;91.3;0.302947;3.037284
cuda;12000;100;CrossEntropyLoss();43;1568;Tanh();0.001;0.1;30;25;VAL;90.9;0.317976;1.253569
cuda;48000;100;CrossEntropyLoss();43;1568;Tanh();0.001;0.1;30;26;TRAIN;91.4;0.300518;2.793257
cuda;12000;100;CrossEntropyLoss();43;1568;Tanh();0.001;0.1;30;26;VAL;90.9;0.315811;0.965402
cuda;48000;100;CrossEntropyLoss();43;1568;Tanh();0.001;0.1;30;27;TRAIN;91.5;0.298161;3.294307
cuda;12000;100;CrossEntropyLoss();43;1568;Tanh();0.001;0.1;30;27;VAL;91.0;0.313635;0.640627
cuda;48000;100;CrossEntropyLoss();43;1568;Tanh();0.001;0.1;30;28;TRAIN;91.5;0.295948;3.208680
cuda;12000;100;CrossEntropyLoss();43;1568;Tanh();0.001;0.1;30;28;VAL;91.1;0.311681;0.657594
cuda;48000;100;CrossEntropyLoss();43;1568;Tanh();0.001;0.1;30;29;TRAIN;91.6;0.293799;3.720359
cuda;12000;100;CrossEntropyLoss();43;1568;Tanh();0.001;0.1;30;29;VAL;91.1;0.309830;0.637241
cuda;48000;100;CrossEntropyLoss();43;1568;Tanh();0.001;0.1;30;30;TRAIN;91.6;0.291754;3.278125
cuda;12000;100;CrossEntropyLoss();43;1568;Tanh();0.001;0.1;30;30;VAL;91.2;0.307955;0.893614
cuda;48000;100;CrossEntropyLoss();43;1568;Tanh();0.001;0.5;30;1;TRAIN;77.7;1.068218;3.991813
cuda;12000;100;CrossEntropyLoss();43;1568;Tanh();0.001;0.5;30;1;VAL;84.5;0.669982;0.687739
cuda;48000;100;CrossEntropyLoss();43;1568;Tanh();0.001;0.5;30;2;TRAIN;86.4;0.568528;3.387216
cuda;12000;100;CrossEntropyLoss();43;1568;Tanh();0.001;0.5;30;2;VAL;86.7;0.511906;0.805401
cuda;48000;100;CrossEntropyLoss();43;1568;Tanh();0.001;0.5;30;3;TRAIN;87.9;0.468051;3.443892
cuda;12000;100;CrossEntropyLoss();43;1568;Tanh();0.001;0.5;30;3;VAL;87.8;0.449661;0.758523
cuda;48000;100;CrossEntropyLoss();43;1568;Tanh();0.001;0.5;30;4;TRAIN;88.8;0.420321;3.624048
cuda;12000;100;CrossEntropyLoss();43;1568;Tanh();0.001;0.5;30;4;VAL;88.5;0.414952;0.740067
cuda;48000;100;CrossEntropyLoss();43;1568;Tanh();0.001;0.5;30;5;TRAIN;89.3;0.391368;3.174114
cuda;12000;100;CrossEntropyLoss();43;1568;Tanh();0.001;0.5;30;5;VAL;89.0;0.392302;0.675179
cuda;48000;100;CrossEntropyLoss();43;1568;Tanh();0.001;0.5;30;6;TRAIN;89.7;0.371443;3.502403
cuda;12000;100;CrossEntropyLoss();43;1568;Tanh();0.001;0.5;30;6;VAL;89.3;0.376077;0.781852
cuda;48000;100;CrossEntropyLoss();43;1568;Tanh();0.001;0.5;30;7;TRAIN;90.0;0.356588;2.617171
cuda;12000;100;CrossEntropyLoss();43;1568;Tanh();0.001;0.5;30;7;VAL;89.6;0.363757;1.202500
cuda;48000;100;CrossEntropyLoss();43;1568;Tanh();0.001;0.5;30;8;TRAIN;90.3;0.344911;3.006344
cuda;12000;100;CrossEntropyLoss();43;1568;Tanh();0.001;0.5;30;8;VAL;89.9;0.353906;1.326401
cuda;48000;100;CrossEntropyLoss();43;1568;Tanh();0.001;0.5;30;9;TRAIN;90.5;0.335411;2.619781
cuda;12000;100;CrossEntropyLoss();43;1568;Tanh();0.001;0.5;30;9;VAL;90.2;0.345922;0.989200
cuda;48000;100;CrossEntropyLoss();43;1568;Tanh();0.001;0.5;30;10;TRAIN;90.7;0.327410;3.368623
cuda;12000;100;CrossEntropyLoss();43;1568;Tanh();0.001;0.5;30;10;VAL;90.4;0.338825;0.641664
cuda;48000;100;CrossEntropyLoss();43;1568;Tanh();0.001;0.5;30;11;TRAIN;90.9;0.320531;3.258282
cuda;12000;100;CrossEntropyLoss();43;1568;Tanh();0.001;0.5;30;11;VAL;90.5;0.333002;0.736261
cuda;48000;100;CrossEntropyLoss();43;1568;Tanh();0.001;0.5;30;12;TRAIN;91.0;0.314550;3.727316
cuda;12000;100;CrossEntropyLoss();43;1568;Tanh();0.001;0.5;30;12;VAL;90.6;0.327926;0.744060
cuda;48000;100;CrossEntropyLoss();43;1568;Tanh();0.001;0.5;30;13;TRAIN;91.2;0.309190;3.213547
cuda;12000;100;CrossEntropyLoss();43;1568;Tanh();0.001;0.5;30;13;VAL;90.7;0.323197;0.783860
cuda;48000;100;CrossEntropyLoss();43;1568;Tanh();0.001;0.5;30;14;TRAIN;91.3;0.304408;3.565940
cuda;12000;100;CrossEntropyLoss();43;1568;Tanh();0.001;0.5;30;14;VAL;90.9;0.318825;0.654250
cuda;48000;100;CrossEntropyLoss();43;1568;Tanh();0.001;0.5;30;15;TRAIN;91.5;0.300116;3.196129
cuda;12000;100;CrossEntropyLoss();43;1568;Tanh();0.001;0.5;30;15;VAL;91.0;0.315017;0.766042
cuda;48000;100;CrossEntropyLoss();43;1568;Tanh();0.001;0.5;30;16;TRAIN;91.6;0.296066;3.504097
cuda;12000;100;CrossEntropyLoss();43;1568;Tanh();0.001;0.5;30;16;VAL;91.0;0.311673;0.674165
cuda;48000;100;CrossEntropyLoss();43;1568;Tanh();0.001;0.5;30;17;TRAIN;91.7;0.292415;3.325231
cuda;12000;100;CrossEntropyLoss();43;1568;Tanh();0.001;0.5;30;17;VAL;91.1;0.308203;0.791534
cuda;48000;100;CrossEntropyLoss();43;1568;Tanh();0.001;0.5;30;18;TRAIN;91.7;0.288999;3.505776
cuda;12000;100;CrossEntropyLoss();43;1568;Tanh();0.001;0.5;30;18;VAL;91.3;0.305406;0.644661
cuda;48000;100;CrossEntropyLoss();43;1568;Tanh();0.001;0.5;30;19;TRAIN;91.8;0.285727;3.480351
cuda;12000;100;CrossEntropyLoss();43;1568;Tanh();0.001;0.5;30;19;VAL;91.4;0.302736;0.891729
cuda;48000;100;CrossEntropyLoss();43;1568;Tanh();0.001;0.5;30;20;TRAIN;92.0;0.282711;2.890712
cuda;12000;100;CrossEntropyLoss();43;1568;Tanh();0.001;0.5;30;20;VAL;91.5;0.299993;1.085642
cuda;48000;100;CrossEntropyLoss();43;1568;Tanh();0.001;0.5;30;21;TRAIN;92.0;0.279872;3.037549
cuda;12000;100;CrossEntropyLoss();43;1568;Tanh();0.001;0.5;30;21;VAL;91.5;0.297378;1.331024
cuda;48000;100;CrossEntropyLoss();43;1568;Tanh();0.001;0.5;30;22;TRAIN;92.1;0.277102;2.685612
cuda;12000;100;CrossEntropyLoss();43;1568;Tanh();0.001;0.5;30;22;VAL;91.6;0.295079;1.244220
cuda;48000;100;CrossEntropyLoss();43;1568;Tanh();0.001;0.5;30;23;TRAIN;92.2;0.274440;3.010090
cuda;12000;100;CrossEntropyLoss();43;1568;Tanh();0.001;0.5;30;23;VAL;91.6;0.292705;0.940914
cuda;48000;100;CrossEntropyLoss();43;1568;Tanh();0.001;0.5;30;24;TRAIN;92.2;0.271940;3.007592
cuda;12000;100;CrossEntropyLoss();43;1568;Tanh();0.001;0.5;30;24;VAL;91.7;0.290853;0.639553
cuda;48000;100;CrossEntropyLoss();43;1568;Tanh();0.001;0.5;30;25;TRAIN;92.3;0.269469;3.689003
cuda;12000;100;CrossEntropyLoss();43;1568;Tanh();0.001;0.5;30;25;VAL;91.8;0.288433;0.705396
cuda;48000;100;CrossEntropyLoss();43;1568;Tanh();0.001;0.5;30;26;TRAIN;92.4;0.267182;3.178551
cuda;12000;100;CrossEntropyLoss();43;1568;Tanh();0.001;0.5;30;26;VAL;91.8;0.286391;0.659628
cuda;48000;100;CrossEntropyLoss();43;1568;Tanh();0.001;0.5;30;27;TRAIN;92.5;0.264912;3.787257
cuda;12000;100;CrossEntropyLoss();43;1568;Tanh();0.001;0.5;30;27;VAL;91.9;0.284489;0.643560
cuda;48000;100;CrossEntropyLoss();43;1568;Tanh();0.001;0.5;30;28;TRAIN;92.5;0.262679;2.505729
cuda;12000;100;CrossEntropyLoss();43;1568;Tanh();0.001;0.5;30;28;VAL;91.9;0.282526;0.638001
cuda;48000;100;CrossEntropyLoss();43;1568;Tanh();0.001;0.5;30;29;TRAIN;92.6;0.260505;2.687247
cuda;12000;100;CrossEntropyLoss();43;1568;Tanh();0.001;0.5;30;29;VAL;92.0;0.280835;0.627332
cuda;48000;100;CrossEntropyLoss();43;1568;Tanh();0.001;0.5;30;30;TRAIN;92.6;0.258363;2.381028
cuda;12000;100;CrossEntropyLoss();43;1568;Tanh();0.001;0.5;30;30;VAL;92.1;0.278675;0.634366
cuda;48000;100;CrossEntropyLoss();43;1568;Tanh();0.001;0.9;30;1;TRAIN;84.7;0.605220;2.508825
cuda;12000;100;CrossEntropyLoss();43;1568;Tanh();0.001;0.9;30;1;VAL;89.0;0.392684;0.662293
cuda;48000;100;CrossEntropyLoss();43;1568;Tanh();0.001;0.9;30;2;TRAIN;90.1;0.349671;2.448162
cuda;12000;100;CrossEntropyLoss();43;1568;Tanh();0.001;0.9;30;2;VAL;90.5;0.339330;0.593755
cuda;48000;100;CrossEntropyLoss();43;1568;Tanh();0.001;0.9;30;3;TRAIN;91.0;0.312563;2.386841
cuda;12000;100;CrossEntropyLoss();43;1568;Tanh();0.001;0.9;30;3;VAL;91.0;0.317817;1.312539
cuda;48000;100;CrossEntropyLoss();43;1568;Tanh();0.001;0.9;30;4;TRAIN;91.6;0.291847;2.986810
cuda;12000;100;CrossEntropyLoss();43;1568;Tanh();0.001;0.9;30;4;VAL;91.5;0.300676;0.708760
cuda;48000;100;CrossEntropyLoss();43;1568;Tanh();0.001;0.9;30;5;TRAIN;92.1;0.277230;3.179335
cuda;12000;100;CrossEntropyLoss();43;1568;Tanh();0.001;0.9;30;5;VAL;91.8;0.288448;0.837563
cuda;48000;100;CrossEntropyLoss();43;1568;Tanh();0.001;0.9;30;6;TRAIN;92.4;0.265120;3.411351
cuda;12000;100;CrossEntropyLoss();43;1568;Tanh();0.001;0.9;30;6;VAL;92.2;0.279320;0.685778
cuda;48000;100;CrossEntropyLoss();43;1568;Tanh();0.001;0.9;30;7;TRAIN;92.7;0.254566;3.306144
cuda;12000;100;CrossEntropyLoss();43;1568;Tanh();0.001;0.9;30;7;VAL;92.4;0.269926;0.815138
cuda;48000;100;CrossEntropyLoss();43;1568;Tanh();0.001;0.9;30;8;TRAIN;93.1;0.244759;3.275391
cuda;12000;100;CrossEntropyLoss();43;1568;Tanh();0.001;0.9;30;8;VAL;92.6;0.261483;0.639371
cuda;48000;100;CrossEntropyLoss();43;1568;Tanh();0.001;0.9;30;9;TRAIN;93.4;0.235692;3.399268
cuda;12000;100;CrossEntropyLoss();43;1568;Tanh();0.001;0.9;30;9;VAL;92.8;0.254131;0.754295
cuda;48000;100;CrossEntropyLoss();43;1568;Tanh();0.001;0.9;30;10;TRAIN;93.7;0.226938;2.721180
cuda;12000;100;CrossEntropyLoss();43;1568;Tanh();0.001;0.9;30;10;VAL;93.0;0.245751;1.126871
cuda;48000;100;CrossEntropyLoss();43;1568;Tanh();0.001;0.9;30;11;TRAIN;93.9;0.218450;2.900921
cuda;12000;100;CrossEntropyLoss();43;1568;Tanh();0.001;0.9;30;11;VAL;93.2;0.238489;1.182840
cuda;48000;100;CrossEntropyLoss();43;1568;Tanh();0.001;0.9;30;12;TRAIN;94.2;0.210242;2.783272
cuda;12000;100;CrossEntropyLoss();43;1568;Tanh();0.001;0.9;30;12;VAL;93.6;0.230278;0.657255
cuda;48000;100;CrossEntropyLoss();43;1568;Tanh();0.001;0.9;30;13;TRAIN;94.5;0.202051;3.639430
cuda;12000;100;CrossEntropyLoss();43;1568;Tanh();0.001;0.9;30;13;VAL;93.6;0.223905;0.713645
cuda;48000;100;CrossEntropyLoss();43;1568;Tanh();0.001;0.9;30;14;TRAIN;94.7;0.194242;3.420731
cuda;12000;100;CrossEntropyLoss();43;1568;Tanh();0.001;0.9;30;14;VAL;93.9;0.216997;0.683635
cuda;48000;100;CrossEntropyLoss();43;1568;Tanh();0.001;0.9;30;15;TRAIN;94.9;0.187067;3.688802
cuda;12000;100;CrossEntropyLoss();43;1568;Tanh();0.001;0.9;30;15;VAL;94.1;0.211850;0.700404
cuda;48000;100;CrossEntropyLoss();43;1568;Tanh();0.001;0.9;30;16;TRAIN;95.0;0.179944;3.184240
cuda;12000;100;CrossEntropyLoss();43;1568;Tanh();0.001;0.9;30;16;VAL;94.4;0.202446;0.621618
cuda;48000;100;CrossEntropyLoss();43;1568;Tanh();0.001;0.9;30;17;TRAIN;95.2;0.173320;3.680127
cuda;12000;100;CrossEntropyLoss();43;1568;Tanh();0.001;0.9;30;17;VAL;94.6;0.196657;0.644949
cuda;48000;100;CrossEntropyLoss();43;1568;Tanh();0.001;0.9;30;18;TRAIN;95.4;0.166799;3.238357
cuda;12000;100;CrossEntropyLoss();43;1568;Tanh();0.001;0.9;30;18;VAL;94.8;0.190232;0.681876
cuda;48000;100;CrossEntropyLoss();43;1568;Tanh();0.001;0.9;30;19;TRAIN;95.6;0.160893;3.779965
cuda;12000;100;CrossEntropyLoss();43;1568;Tanh();0.001;0.9;30;19;VAL;95.0;0.184915;0.651801
cuda;48000;100;CrossEntropyLoss();43;1568;Tanh();0.001;0.9;30;20;TRAIN;95.7;0.155016;2.612877
cuda;12000;100;CrossEntropyLoss();43;1568;Tanh();0.001;0.9;30;20;VAL;95.0;0.179852;0.727181
cuda;48000;100;CrossEntropyLoss();43;1568;Tanh();0.001;0.9;30;21;TRAIN;95.9;0.149485;3.415310
cuda;12000;100;CrossEntropyLoss();43;1568;Tanh();0.001;0.9;30;21;VAL;95.1;0.175285;0.662214
cuda;48000;100;CrossEntropyLoss();43;1568;Tanh();0.001;0.9;30;22;TRAIN;96.0;0.144202;2.458136
cuda;12000;100;CrossEntropyLoss();43;1568;Tanh();0.001;0.9;30;22;VAL;95.3;0.169718;0.623397
cuda;48000;100;CrossEntropyLoss();43;1568;Tanh();0.001;0.9;30;23;TRAIN;96.2;0.139303;2.681426
cuda;12000;100;CrossEntropyLoss();43;1568;Tanh();0.001;0.9;30;23;VAL;95.4;0.165066;0.592128
cuda;48000;100;CrossEntropyLoss();43;1568;Tanh();0.001;0.9;30;24;TRAIN;96.4;0.134717;2.347841
cuda;12000;100;CrossEntropyLoss();43;1568;Tanh();0.001;0.9;30;24;VAL;95.5;0.160663;0.593070
cuda;48000;100;CrossEntropyLoss();43;1568;Tanh();0.001;0.9;30;25;TRAIN;96.5;0.130188;3.598204
cuda;12000;100;CrossEntropyLoss();43;1568;Tanh();0.001;0.9;30;25;VAL;95.6;0.157517;0.649685
cuda;48000;100;CrossEntropyLoss();43;1568;Tanh();0.001;0.9;30;26;TRAIN;96.6;0.125892;2.409721
cuda;12000;100;CrossEntropyLoss();43;1568;Tanh();0.001;0.9;30;26;VAL;95.8;0.152476;0.589953
cuda;48000;100;CrossEntropyLoss();43;1568;Tanh();0.001;0.9;30;27;TRAIN;96.7;0.121938;3.727493
cuda;12000;100;CrossEntropyLoss();43;1568;Tanh();0.001;0.9;30;27;VAL;95.8;0.149707;0.648900
cuda;48000;100;CrossEntropyLoss();43;1568;Tanh();0.001;0.9;30;28;TRAIN;96.9;0.118180;3.129355
cuda;12000;100;CrossEntropyLoss();43;1568;Tanh();0.001;0.9;30;28;VAL;95.9;0.146115;0.661421
cuda;48000;100;CrossEntropyLoss();43;1568;Tanh();0.001;0.9;30;29;TRAIN;97.0;0.114545;3.605848
cuda;12000;100;CrossEntropyLoss();43;1568;Tanh();0.001;0.9;30;29;VAL;95.9;0.143165;0.652464
cuda;48000;100;CrossEntropyLoss();43;1568;Tanh();0.001;0.9;30;30;TRAIN;97.0;0.111046;3.296974
cuda;12000;100;CrossEntropyLoss();43;1568;Tanh();0.001;0.9;30;30;VAL;96.0;0.139603;0.668244
cuda;48000;100;CrossEntropyLoss();43;1568;Tanh();0.01;0.1;30;1;TRAIN;85.7;0.575734;3.667198
cuda;12000;100;CrossEntropyLoss();43;1568;Tanh();0.01;0.1;30;1;VAL;89.0;0.382959;0.652752
cuda;48000;100;CrossEntropyLoss();43;1568;Tanh();0.01;0.1;30;2;TRAIN;90.3;0.342886;3.189310
cuda;12000;100;CrossEntropyLoss();43;1568;Tanh();0.01;0.1;30;2;VAL;90.5;0.332852;0.664253
cuda;48000;100;CrossEntropyLoss();43;1568;Tanh();0.01;0.1;30;3;TRAIN;91.2;0.307083;3.369682
cuda;12000;100;CrossEntropyLoss();43;1568;Tanh();0.01;0.1;30;3;VAL;91.1;0.310220;0.865110
cuda;48000;100;CrossEntropyLoss();43;1568;Tanh();0.01;0.1;30;4;TRAIN;91.8;0.287047;2.607851
cuda;12000;100;CrossEntropyLoss();43;1568;Tanh();0.01;0.1;30;4;VAL;91.6;0.294351;1.282567
cuda;48000;100;CrossEntropyLoss();43;1568;Tanh();0.01;0.1;30;5;TRAIN;92.2;0.272289;3.108761
cuda;12000;100;CrossEntropyLoss();43;1568;Tanh();0.01;0.1;30;5;VAL;92.0;0.283752;1.132122
cuda;48000;100;CrossEntropyLoss();43;1568;Tanh();0.01;0.1;30;6;TRAIN;92.6;0.260027;2.616876
cuda;12000;100;CrossEntropyLoss();43;1568;Tanh();0.01;0.1;30;6;VAL;92.3;0.273850;0.844943
cuda;48000;100;CrossEntropyLoss();43;1568;Tanh();0.01;0.1;30;7;TRAIN;92.9;0.248789;3.432036
cuda;12000;100;CrossEntropyLoss();43;1568;Tanh();0.01;0.1;30;7;VAL;92.7;0.263635;0.688076
cuda;48000;100;CrossEntropyLoss();43;1568;Tanh();0.01;0.1;30;8;TRAIN;93.3;0.238644;3.220633
cuda;12000;100;CrossEntropyLoss();43;1568;Tanh();0.01;0.1;30;8;VAL;92.9;0.254843;0.822495
cuda;48000;100;CrossEntropyLoss();43;1568;Tanh();0.01;0.1;30;9;TRAIN;93.6;0.228576;3.439428
cuda;12000;100;CrossEntropyLoss();43;1568;Tanh();0.01;0.1;30;9;VAL;93.0;0.245628;0.640333
cuda;48000;100;CrossEntropyLoss();43;1568;Tanh();0.01;0.1;30;10;TRAIN;93.9;0.219080;3.211000
cuda;12000;100;CrossEntropyLoss();43;1568;Tanh();0.01;0.1;30;10;VAL;93.4;0.237112;0.858050
cuda;48000;100;CrossEntropyLoss();43;1568;Tanh();0.01;0.1;30;11;TRAIN;94.2;0.209756;3.320562
cuda;12000;100;CrossEntropyLoss();43;1568;Tanh();0.01;0.1;30;11;VAL;93.6;0.229102;0.642813
cuda;48000;100;CrossEntropyLoss();43;1568;Tanh();0.01;0.1;30;12;TRAIN;94.5;0.200767;3.133113
cuda;12000;100;CrossEntropyLoss();43;1568;Tanh();0.01;0.1;30;12;VAL;93.8;0.220358;0.938061
cuda;48000;100;CrossEntropyLoss();43;1568;Tanh();0.01;0.1;30;13;TRAIN;94.7;0.192191;2.798660
cuda;12000;100;CrossEntropyLoss();43;1568;Tanh();0.01;0.1;30;13;VAL;94.0;0.212945;1.169959
cuda;48000;100;CrossEntropyLoss();43;1568;Tanh();0.01;0.1;30;14;TRAIN;94.9;0.184100;2.654624
cuda;12000;100;CrossEntropyLoss();43;1568;Tanh();0.01;0.1;30;14;VAL;94.2;0.205773;0.771388
cuda;48000;100;CrossEntropyLoss();43;1568;Tanh();0.01;0.1;30;15;TRAIN;95.1;0.176064;3.179584
cuda;12000;100;CrossEntropyLoss();43;1568;Tanh();0.01;0.1;30;15;VAL;94.4;0.197786;0.702459
cuda;48000;100;CrossEntropyLoss();43;1568;Tanh();0.01;0.1;30;16;TRAIN;95.3;0.168539;3.384833
cuda;12000;100;CrossEntropyLoss();43;1568;Tanh();0.01;0.1;30;16;VAL;94.7;0.192191;0.839058
cuda;48000;100;CrossEntropyLoss();43;1568;Tanh();0.01;0.1;30;17;TRAIN;95.5;0.161740;2.928471
cuda;12000;100;CrossEntropyLoss();43;1568;Tanh();0.01;0.1;30;17;VAL;94.9;0.185118;0.921215
cuda;48000;100;CrossEntropyLoss();43;1568;Tanh();0.01;0.1;30;18;TRAIN;95.7;0.155281;2.815878
cuda;12000;100;CrossEntropyLoss();43;1568;Tanh();0.01;0.1;30;18;VAL;95.0;0.178680;1.155523
cuda;48000;100;CrossEntropyLoss();43;1568;Tanh();0.01;0.1;30;19;TRAIN;95.9;0.149034;2.938144
cuda;12000;100;CrossEntropyLoss();43;1568;Tanh();0.01;0.1;30;19;VAL;95.1;0.173383;0.647323
cuda;48000;100;CrossEntropyLoss();43;1568;Tanh();0.01;0.1;30;20;TRAIN;96.1;0.143050;2.469249
cuda;12000;100;CrossEntropyLoss();43;1568;Tanh();0.01;0.1;30;20;VAL;95.3;0.171057;0.728878
cuda;48000;100;CrossEntropyLoss();43;1568;Tanh();0.01;0.1;30;21;TRAIN;96.2;0.137491;3.593704
cuda;12000;100;CrossEntropyLoss();43;1568;Tanh();0.01;0.1;30;21;VAL;95.5;0.163179;0.647859
cuda;48000;100;CrossEntropyLoss();43;1568;Tanh();0.01;0.1;30;22;TRAIN;96.4;0.132322;3.152951
cuda;12000;100;CrossEntropyLoss();43;1568;Tanh();0.01;0.1;30;22;VAL;95.6;0.158822;0.792341
cuda;48000;100;CrossEntropyLoss();43;1568;Tanh();0.01;0.1;30;23;TRAIN;96.6;0.127544;3.462926
cuda;12000;100;CrossEntropyLoss();43;1568;Tanh();0.01;0.1;30;23;VAL;95.6;0.154900;0.630603
cuda;48000;100;CrossEntropyLoss();43;1568;Tanh();0.01;0.1;30;24;TRAIN;96.7;0.122961;3.316909
cuda;12000;100;CrossEntropyLoss();43;1568;Tanh();0.01;0.1;30;24;VAL;95.8;0.150206;0.857367
cuda;48000;100;CrossEntropyLoss();43;1568;Tanh();0.01;0.1;30;25;TRAIN;96.8;0.118597;3.276833
cuda;12000;100;CrossEntropyLoss();43;1568;Tanh();0.01;0.1;30;25;VAL;96.0;0.146780;0.654759
cuda;48000;100;CrossEntropyLoss();43;1568;Tanh();0.01;0.1;30;26;TRAIN;96.9;0.114492;3.579538
cuda;12000;100;CrossEntropyLoss();43;1568;Tanh();0.01;0.1;30;26;VAL;96.0;0.142689;0.757385
cuda;48000;100;CrossEntropyLoss();43;1568;Tanh();0.01;0.1;30;27;TRAIN;97.1;0.110629;2.754045
cuda;12000;100;CrossEntropyLoss();43;1568;Tanh();0.01;0.1;30;27;VAL;96.0;0.138755;1.245458
cuda;48000;100;CrossEntropyLoss();43;1568;Tanh();0.01;0.1;30;28;TRAIN;97.1;0.106776;2.965383
cuda;12000;100;CrossEntropyLoss();43;1568;Tanh();0.01;0.1;30;28;VAL;96.1;0.135958;1.333552
cuda;48000;100;CrossEntropyLoss();43;1568;Tanh();0.01;0.1;30;29;TRAIN;97.2;0.103450;2.652105
cuda;12000;100;CrossEntropyLoss();43;1568;Tanh();0.01;0.1;30;29;VAL;96.2;0.133956;0.625934
cuda;48000;100;CrossEntropyLoss();43;1568;Tanh();0.01;0.1;30;30;TRAIN;97.3;0.099986;3.529585
cuda;12000;100;CrossEntropyLoss();43;1568;Tanh();0.01;0.1;30;30;VAL;96.3;0.130888;0.755538
cuda;48000;100;CrossEntropyLoss();43;1568;Tanh();0.01;0.5;30;1;TRAIN;87.4;0.477092;3.200340
cuda;12000;100;CrossEntropyLoss();43;1568;Tanh();0.01;0.5;30;1;VAL;90.4;0.340263;0.643549
cuda;48000;100;CrossEntropyLoss();43;1568;Tanh();0.01;0.5;30;2;TRAIN;91.2;0.305489;3.660231
cuda;12000;100;CrossEntropyLoss();43;1568;Tanh();0.01;0.5;30;2;VAL;91.5;0.300930;0.663947
cuda;48000;100;CrossEntropyLoss();43;1568;Tanh();0.01;0.5;30;3;TRAIN;92.0;0.275308;3.193386
cuda;12000;100;CrossEntropyLoss();43;1568;Tanh();0.01;0.5;30;3;VAL;92.0;0.280474;0.657785
cuda;48000;100;CrossEntropyLoss();43;1568;Tanh();0.01;0.5;30;4;TRAIN;92.7;0.254159;3.694174
cuda;12000;100;CrossEntropyLoss();43;1568;Tanh();0.01;0.5;30;4;VAL;92.3;0.264264;0.628415
cuda;48000;100;CrossEntropyLoss();43;1568;Tanh();0.01;0.5;30;5;TRAIN;93.4;0.236011;3.321889
cuda;12000;100;CrossEntropyLoss();43;1568;Tanh();0.01;0.5;30;5;VAL;93.0;0.247553;0.625126
cuda;48000;100;CrossEntropyLoss();43;1568;Tanh();0.01;0.5;30;6;TRAIN;93.9;0.219165;3.732198
cuda;12000;100;CrossEntropyLoss();43;1568;Tanh();0.01;0.5;30;6;VAL;93.3;0.233330;0.658328
cuda;48000;100;CrossEntropyLoss();43;1568;Tanh();0.01;0.5;30;7;TRAIN;94.4;0.203240;3.148741
cuda;12000;100;CrossEntropyLoss();43;1568;Tanh();0.01;0.5;30;7;VAL;93.8;0.217111;0.654361
cuda;48000;100;CrossEntropyLoss();43;1568;Tanh();0.01;0.5;30;8;TRAIN;94.8;0.188255;2.980792
cuda;12000;100;CrossEntropyLoss();43;1568;Tanh();0.01;0.5;30;8;VAL;94.3;0.203084;0.578673
cuda;48000;100;CrossEntropyLoss();43;1568;Tanh();0.01;0.5;30;9;TRAIN;95.1;0.174835;3.161430
cuda;12000;100;CrossEntropyLoss();43;1568;Tanh();0.01;0.5;30;9;VAL;94.6;0.192129;0.637479
cuda;48000;100;CrossEntropyLoss();43;1568;Tanh();0.01;0.5;30;10;TRAIN;95.5;0.162601;2.771966
cuda;12000;100;CrossEntropyLoss();43;1568;Tanh();0.01;0.5;30;10;VAL;94.9;0.181419;0.602979
cuda;48000;100;CrossEntropyLoss();43;1568;Tanh();0.01;0.5;30;11;TRAIN;95.8;0.151110;2.360979
cuda;12000;100;CrossEntropyLoss();43;1568;Tanh();0.01;0.5;30;11;VAL;95.3;0.171324;0.598639
cuda;48000;100;CrossEntropyLoss();43;1568;Tanh();0.01;0.5;30;12;TRAIN;96.1;0.141511;2.632418
cuda;12000;100;CrossEntropyLoss();43;1568;Tanh();0.01;0.5;30;12;VAL;95.5;0.161706;0.639741
cuda;48000;100;CrossEntropyLoss();43;1568;Tanh();0.01;0.5;30;13;TRAIN;96.4;0.132350;2.628531
cuda;12000;100;CrossEntropyLoss();43;1568;Tanh();0.01;0.5;30;13;VAL;95.5;0.158715;0.611650
cuda;48000;100;CrossEntropyLoss();43;1568;Tanh();0.01;0.5;30;14;TRAIN;96.7;0.123869;2.581790
cuda;12000;100;CrossEntropyLoss();43;1568;Tanh();0.01;0.5;30;14;VAL;96.0;0.147755;0.651591
cuda;48000;100;CrossEntropyLoss();43;1568;Tanh();0.01;0.5;30;15;TRAIN;96.8;0.116304;2.395403
cuda;12000;100;CrossEntropyLoss();43;1568;Tanh();0.01;0.5;30;15;VAL;95.9;0.142273;0.594927
cuda;48000;100;CrossEntropyLoss();43;1568;Tanh();0.01;0.5;30;16;TRAIN;97.1;0.109466;2.461670
cuda;12000;100;CrossEntropyLoss();43;1568;Tanh();0.01;0.5;30;16;VAL;96.2;0.137462;0.742315
cuda;48000;100;CrossEntropyLoss();43;1568;Tanh();0.01;0.5;30;17;TRAIN;97.2;0.103296;2.713748
cuda;12000;100;CrossEntropyLoss();43;1568;Tanh();0.01;0.5;30;17;VAL;96.3;0.130795;0.617076
cuda;48000;100;CrossEntropyLoss();43;1568;Tanh();0.01;0.5;30;18;TRAIN;97.4;0.097637;2.359093
cuda;12000;100;CrossEntropyLoss();43;1568;Tanh();0.01;0.5;30;18;VAL;96.5;0.126846;0.584126
cuda;48000;100;CrossEntropyLoss();43;1568;Tanh();0.01;0.5;30;19;TRAIN;97.6;0.092123;2.672140
cuda;12000;100;CrossEntropyLoss();43;1568;Tanh();0.01;0.5;30;19;VAL;96.5;0.123424;0.620735
cuda;48000;100;CrossEntropyLoss();43;1568;Tanh();0.01;0.5;30;20;TRAIN;97.7;0.087545;2.397990
cuda;12000;100;CrossEntropyLoss();43;1568;Tanh();0.01;0.5;30;20;VAL;96.7;0.117567;0.581417
cuda;48000;100;CrossEntropyLoss();43;1568;Tanh();0.01;0.5;30;21;TRAIN;97.8;0.082936;2.655994
cuda;12000;100;CrossEntropyLoss();43;1568;Tanh();0.01;0.5;30;21;VAL;96.9;0.114148;0.611315
cuda;48000;100;CrossEntropyLoss();43;1568;Tanh();0.01;0.5;30;22;TRAIN;97.9;0.078688;2.345867
cuda;12000;100;CrossEntropyLoss();43;1568;Tanh();0.01;0.5;30;22;VAL;96.8;0.113850;0.602000
cuda;48000;100;CrossEntropyLoss();43;1568;Tanh();0.01;0.5;30;23;TRAIN;98.1;0.074807;2.632909
cuda;12000;100;CrossEntropyLoss();43;1568;Tanh();0.01;0.5;30;23;VAL;96.9;0.107820;0.653660
cuda;48000;100;CrossEntropyLoss();43;1568;Tanh();0.01;0.5;30;24;TRAIN;98.2;0.071279;2.460302
cuda;12000;100;CrossEntropyLoss();43;1568;Tanh();0.01;0.5;30;24;VAL;97.0;0.104995;0.592400
cuda;48000;100;CrossEntropyLoss();43;1568;Tanh();0.01;0.5;30;25;TRAIN;98.3;0.067815;2.360697
cuda;12000;100;CrossEntropyLoss();43;1568;Tanh();0.01;0.5;30;25;VAL;97.1;0.102895;0.698644
cuda;48000;100;CrossEntropyLoss();43;1568;Tanh();0.01;0.5;30;26;TRAIN;98.4;0.064774;2.596092
cuda;12000;100;CrossEntropyLoss();43;1568;Tanh();0.01;0.5;30;26;VAL;97.1;0.101590;0.617502
cuda;48000;100;CrossEntropyLoss();43;1568;Tanh();0.01;0.5;30;27;TRAIN;98.5;0.061768;2.354487
cuda;12000;100;CrossEntropyLoss();43;1568;Tanh();0.01;0.5;30;27;VAL;97.1;0.099671;0.613473
cuda;48000;100;CrossEntropyLoss();43;1568;Tanh();0.01;0.5;30;28;TRAIN;98.5;0.059184;2.670542
cuda;12000;100;CrossEntropyLoss();43;1568;Tanh();0.01;0.5;30;28;VAL;97.3;0.097387;0.601144
cuda;48000;100;CrossEntropyLoss();43;1568;Tanh();0.01;0.5;30;29;TRAIN;98.6;0.056291;2.385332
cuda;12000;100;CrossEntropyLoss();43;1568;Tanh();0.01;0.5;30;29;VAL;97.3;0.095699;0.593857
cuda;48000;100;CrossEntropyLoss();43;1568;Tanh();0.01;0.5;30;30;TRAIN;98.7;0.054077;2.686984
cuda;12000;100;CrossEntropyLoss();43;1568;Tanh();0.01;0.5;30;30;VAL;97.3;0.093587;0.662780
cuda;48000;100;CrossEntropyLoss();43;1568;Tanh();0.01;0.9;30;1;TRAIN;89.7;0.351865;2.337234
cuda;12000;100;CrossEntropyLoss();43;1568;Tanh();0.01;0.9;30;1;VAL;92.2;0.266453;0.624771
cuda;48000;100;CrossEntropyLoss();43;1568;Tanh();0.01;0.9;30;2;TRAIN;93.7;0.218728;2.502377
cuda;12000;100;CrossEntropyLoss();43;1568;Tanh();0.01;0.9;30;2;VAL;94.6;0.197467;0.823141
cuda;48000;100;CrossEntropyLoss();43;1568;Tanh();0.01;0.9;30;3;TRAIN;95.5;0.156811;2.417169
cuda;12000;100;CrossEntropyLoss();43;1568;Tanh();0.01;0.9;30;3;VAL;95.6;0.154075;0.608616
cuda;48000;100;CrossEntropyLoss();43;1568;Tanh();0.01;0.9;30;4;TRAIN;96.6;0.119483;2.395924
cuda;12000;100;CrossEntropyLoss();43;1568;Tanh();0.01;0.9;30;4;VAL;96.0;0.136763;0.692232
cuda;48000;100;CrossEntropyLoss();43;1568;Tanh();0.01;0.9;30;5;TRAIN;97.3;0.092514;2.597794
cuda;12000;100;CrossEntropyLoss();43;1568;Tanh();0.01;0.9;30;5;VAL;96.8;0.113204;0.596122
cuda;48000;100;CrossEntropyLoss();43;1568;Tanh();0.01;0.9;30;6;TRAIN;97.9;0.073968;2.376876
cuda;12000;100;CrossEntropyLoss();43;1568;Tanh();0.01;0.9;30;6;VAL;97.1;0.097514;0.640369
cuda;48000;100;CrossEntropyLoss();43;1568;Tanh();0.01;0.9;30;7;TRAIN;98.2;0.061944;2.766943
cuda;12000;100;CrossEntropyLoss();43;1568;Tanh();0.01;0.9;30;7;VAL;97.3;0.093496;0.619735
cuda;48000;100;CrossEntropyLoss();43;1568;Tanh();0.01;0.9;30;8;TRAIN;98.7;0.050194;2.364147
cuda;12000;100;CrossEntropyLoss();43;1568;Tanh();0.01;0.9;30;8;VAL;97.4;0.086240;0.600931
cuda;48000;100;CrossEntropyLoss();43;1568;Tanh();0.01;0.9;30;9;TRAIN;98.9;0.042622;2.600584
cuda;12000;100;CrossEntropyLoss();43;1568;Tanh();0.01;0.9;30;9;VAL;97.6;0.080550;0.649620
cuda;48000;100;CrossEntropyLoss();43;1568;Tanh();0.01;0.9;30;10;TRAIN;99.1;0.035276;2.341632
cuda;12000;100;CrossEntropyLoss();43;1568;Tanh();0.01;0.9;30;10;VAL;97.5;0.078516;0.612122
cuda;48000;100;CrossEntropyLoss();43;1568;Tanh();0.01;0.9;30;11;TRAIN;99.4;0.029408;2.512276
cuda;12000;100;CrossEntropyLoss();43;1568;Tanh();0.01;0.9;30;11;VAL;97.8;0.074411;0.705567
cuda;48000;100;CrossEntropyLoss();43;1568;Tanh();0.01;0.9;30;12;TRAIN;99.5;0.025341;2.534081
cuda;12000;100;CrossEntropyLoss();43;1568;Tanh();0.01;0.9;30;12;VAL;97.7;0.075056;0.615690
cuda;48000;100;CrossEntropyLoss();43;1568;Tanh();0.01;0.9;30;13;TRAIN;99.6;0.021427;2.423413
cuda;12000;100;CrossEntropyLoss();43;1568;Tanh();0.01;0.9;30;13;VAL;97.8;0.072951;0.745278
cuda;48000;100;CrossEntropyLoss();43;1568;Tanh();0.01;0.9;30;14;TRAIN;99.7;0.017979;2.561017
cuda;12000;100;CrossEntropyLoss();43;1568;Tanh();0.01;0.9;30;14;VAL;97.8;0.068912;0.604856
cuda;48000;100;CrossEntropyLoss();43;1568;Tanh();0.01;0.9;30;15;TRAIN;99.7;0.015929;2.433646
cuda;12000;100;CrossEntropyLoss();43;1568;Tanh();0.01;0.9;30;15;VAL;97.9;0.070532;0.610776
cuda;48000;100;CrossEntropyLoss();43;1568;Tanh();0.01;0.9;30;16;TRAIN;99.8;0.013808;2.739418
cuda;12000;100;CrossEntropyLoss();43;1568;Tanh();0.01;0.9;30;16;VAL;97.9;0.068972;0.583913
cuda;48000;100;CrossEntropyLoss();43;1568;Tanh();0.01;0.9;30;17;TRAIN;99.9;0.012177;2.376864
cuda;12000;100;CrossEntropyLoss();43;1568;Tanh();0.01;0.9;30;17;VAL;98.0;0.068689;0.602814
cuda;48000;100;CrossEntropyLoss();43;1568;Tanh();0.01;0.9;30;18;TRAIN;99.9;0.010624;2.621533
cuda;12000;100;CrossEntropyLoss();43;1568;Tanh();0.01;0.9;30;18;VAL;98.0;0.066903;0.672750
cuda;48000;100;CrossEntropyLoss();43;1568;Tanh();0.01;0.9;30;19;TRAIN;99.9;0.009383;2.353939
cuda;12000;100;CrossEntropyLoss();43;1568;Tanh();0.01;0.9;30;19;VAL;97.9;0.069289;0.579645
cuda;48000;100;CrossEntropyLoss();43;1568;Tanh();0.01;0.9;30;20;TRAIN;99.9;0.008469;2.439653
cuda;12000;100;CrossEntropyLoss();43;1568;Tanh();0.01;0.9;30;20;VAL;97.9;0.067000;0.733943
cuda;48000;100;CrossEntropyLoss();43;1568;Tanh();0.01;0.9;30;21;TRAIN;100.0;0.007703;2.469479
cuda;12000;100;CrossEntropyLoss();43;1568;Tanh();0.01;0.9;30;21;VAL;97.9;0.068033;0.607729
cuda;48000;100;CrossEntropyLoss();43;1568;Tanh();0.01;0.9;30;22;TRAIN;100.0;0.006871;2.362067
cuda;12000;100;CrossEntropyLoss();43;1568;Tanh();0.01;0.9;30;22;VAL;98.0;0.068125;0.636057
cuda;48000;100;CrossEntropyLoss();43;1568;Tanh();0.01;0.9;30;23;TRAIN;100.0;0.006296;2.600153
cuda;12000;100;CrossEntropyLoss();43;1568;Tanh();0.01;0.9;30;23;VAL;98.1;0.067017;0.581821
cuda;48000;100;CrossEntropyLoss();43;1568;Tanh();0.01;0.9;30;24;TRAIN;100.0;0.005770;2.376983
cuda;12000;100;CrossEntropyLoss();43;1568;Tanh();0.01;0.9;30;24;VAL;98.0;0.066434;0.608870
cuda;48000;100;CrossEntropyLoss();43;1568;Tanh();0.01;0.9;30;25;TRAIN;100.0;0.005264;2.724351
cuda;12000;100;CrossEntropyLoss();43;1568;Tanh();0.01;0.9;30;25;VAL;98.1;0.066432;0.630920
cuda;48000;100;CrossEntropyLoss();43;1568;Tanh();0.01;0.9;30;26;TRAIN;100.0;0.004950;2.367759
cuda;12000;100;CrossEntropyLoss();43;1568;Tanh();0.01;0.9;30;26;VAL;98.0;0.067777;0.575009
cuda;48000;100;CrossEntropyLoss();43;1568;Tanh();0.01;0.9;30;27;TRAIN;100.0;0.004577;2.603559
cuda;12000;100;CrossEntropyLoss();43;1568;Tanh();0.01;0.9;30;27;VAL;98.1;0.066759;0.671561
cuda;48000;100;CrossEntropyLoss();43;1568;Tanh();0.01;0.9;30;28;TRAIN;100.0;0.004250;2.435322
cuda;12000;100;CrossEntropyLoss();43;1568;Tanh();0.01;0.9;30;28;VAL;98.0;0.066952;0.604615
cuda;48000;100;CrossEntropyLoss();43;1568;Tanh();0.01;0.9;30;29;TRAIN;100.0;0.003980;2.462150
cuda;12000;100;CrossEntropyLoss();43;1568;Tanh();0.01;0.9;30;29;VAL;98.1;0.066848;0.711337
cuda;48000;100;CrossEntropyLoss();43;1568;Tanh();0.01;0.9;30;30;TRAIN;100.0;0.003726;2.462708
cuda;12000;100;CrossEntropyLoss();43;1568;Tanh();0.01;0.9;30;30;VAL;98.0;0.067876;0.598707
cuda;48000;100;CrossEntropyLoss();43;1568;Tanh();0.1;0.1;30;1;TRAIN;90.2;0.337662;2.462462
cuda;12000;100;CrossEntropyLoss();43;1568;Tanh();0.1;0.1;30;1;VAL;92.3;0.267388;0.612409
cuda;48000;100;CrossEntropyLoss();43;1568;Tanh();0.1;0.1;30;2;TRAIN;93.9;0.212992;2.661253
cuda;12000;100;CrossEntropyLoss();43;1568;Tanh();0.1;0.1;30;2;VAL;94.5;0.186041;0.606120
cuda;48000;100;CrossEntropyLoss();43;1568;Tanh();0.1;0.1;30;3;TRAIN;95.7;0.148971;2.356790
cuda;12000;100;CrossEntropyLoss();43;1568;Tanh();0.1;0.1;30;3;VAL;95.1;0.160732;0.589286
cuda;48000;100;CrossEntropyLoss();43;1568;Tanh();0.1;0.1;30;4;TRAIN;96.8;0.111897;2.780796
cuda;12000;100;CrossEntropyLoss();43;1568;Tanh();0.1;0.1;30;4;VAL;96.4;0.122237;0.613396
cuda;48000;100;CrossEntropyLoss();43;1568;Tanh();0.1;0.1;30;5;TRAIN;97.5;0.086438;2.379211
cuda;12000;100;CrossEntropyLoss();43;1568;Tanh();0.1;0.1;30;5;VAL;96.7;0.110271;0.582269
cuda;48000;100;CrossEntropyLoss();43;1568;Tanh();0.1;0.1;30;6;TRAIN;98.0;0.069360;2.619527
cuda;12000;100;CrossEntropyLoss();43;1568;Tanh();0.1;0.1;30;6;VAL;97.1;0.096248;0.654360
cuda;48000;100;CrossEntropyLoss();43;1568;Tanh();0.1;0.1;30;7;TRAIN;98.4;0.056154;2.398383
cuda;12000;100;CrossEntropyLoss();43;1568;Tanh();0.1;0.1;30;7;VAL;97.4;0.087582;0.598409
cuda;48000;100;CrossEntropyLoss();43;1568;Tanh();0.1;0.1;30;8;TRAIN;98.8;0.045476;2.397234
cuda;12000;100;CrossEntropyLoss();43;1568;Tanh();0.1;0.1;30;8;VAL;97.6;0.082775;0.705763
cuda;48000;100;CrossEntropyLoss();43;1568;Tanh();0.1;0.1;30;9;TRAIN;99.0;0.037099;2.541713
cuda;12000;100;CrossEntropyLoss();43;1568;Tanh();0.1;0.1;30;9;VAL;97.6;0.078161;0.602584
cuda;48000;100;CrossEntropyLoss();43;1568;Tanh();0.1;0.1;30;10;TRAIN;99.3;0.030873;2.344345
cuda;12000;100;CrossEntropyLoss();43;1568;Tanh();0.1;0.1;30;10;VAL;97.5;0.079700;0.579919
cuda;48000;100;CrossEntropyLoss();43;1568;Tanh();0.1;0.1;30;11;TRAIN;99.4;0.025599;2.808307
cuda;12000;100;CrossEntropyLoss();43;1568;Tanh();0.1;0.1;30;11;VAL;97.9;0.075036;0.593135
cuda;48000;100;CrossEntropyLoss();43;1568;Tanh();0.1;0.1;30;12;TRAIN;99.6;0.021425;2.359714
cuda;12000;100;CrossEntropyLoss();43;1568;Tanh();0.1;0.1;30;12;VAL;97.8;0.074331;0.583094
cuda;48000;100;CrossEntropyLoss();43;1568;Tanh();0.1;0.1;30;13;TRAIN;99.7;0.017870;2.621627
cuda;12000;100;CrossEntropyLoss();43;1568;Tanh();0.1;0.1;30;13;VAL;97.9;0.069794;0.703937
cuda;48000;100;CrossEntropyLoss();43;1568;Tanh();0.1;0.1;30;14;TRAIN;99.8;0.015339;2.391569
cuda;12000;100;CrossEntropyLoss();43;1568;Tanh();0.1;0.1;30;14;VAL;97.8;0.074721;0.594881
cuda;48000;100;CrossEntropyLoss();43;1568;Tanh();0.1;0.1;30;15;TRAIN;99.8;0.013092;2.592573
cuda;12000;100;CrossEntropyLoss();43;1568;Tanh();0.1;0.1;30;15;VAL;97.8;0.073381;0.737822
cuda;48000;100;CrossEntropyLoss();43;1568;Tanh();0.1;0.1;30;16;TRAIN;99.9;0.011359;2.432125
cuda;12000;100;CrossEntropyLoss();43;1568;Tanh();0.1;0.1;30;16;VAL;97.9;0.070211;0.609248
cuda;48000;100;CrossEntropyLoss();43;1568;Tanh();0.1;0.1;30;17;TRAIN;99.9;0.010028;2.615930
cuda;12000;100;CrossEntropyLoss();43;1568;Tanh();0.1;0.1;30;17;VAL;98.0;0.068086;0.712134
cuda;48000;100;CrossEntropyLoss();43;1568;Tanh();0.1;0.1;30;18;TRAIN;99.9;0.008705;2.681307
cuda;12000;100;CrossEntropyLoss();43;1568;Tanh();0.1;0.1;30;18;VAL;98.0;0.069335;0.625698
cuda;48000;100;CrossEntropyLoss();43;1568;Tanh();0.1;0.1;30;19;TRAIN;100.0;0.007761;2.385569
cuda;12000;100;CrossEntropyLoss();43;1568;Tanh();0.1;0.1;30;19;VAL;98.0;0.068178;0.598056
cuda;48000;100;CrossEntropyLoss();43;1568;Tanh();0.1;0.1;30;20;TRAIN;100.0;0.007017;2.739309
cuda;12000;100;CrossEntropyLoss();43;1568;Tanh();0.1;0.1;30;20;VAL;98.0;0.067210;0.576144
cuda;48000;100;CrossEntropyLoss();43;1568;Tanh();0.1;0.1;30;21;TRAIN;100.0;0.006280;2.396913
cuda;12000;100;CrossEntropyLoss();43;1568;Tanh();0.1;0.1;30;21;VAL;98.0;0.067073;0.619603
cuda;48000;100;CrossEntropyLoss();43;1568;Tanh();0.1;0.1;30;22;TRAIN;100.0;0.005720;2.661667
cuda;12000;100;CrossEntropyLoss();43;1568;Tanh();0.1;0.1;30;22;VAL;98.0;0.068522;0.628448
cuda;48000;100;CrossEntropyLoss();43;1568;Tanh();0.1;0.1;30;23;TRAIN;100.0;0.005152;2.374698
cuda;12000;100;CrossEntropyLoss();43;1568;Tanh();0.1;0.1;30;23;VAL;98.0;0.067601;0.570808
cuda;48000;100;CrossEntropyLoss();43;1568;Tanh();0.1;0.1;30;24;TRAIN;100.0;0.004785;2.506634
cuda;12000;100;CrossEntropyLoss();43;1568;Tanh();0.1;0.1;30;24;VAL;98.0;0.068043;0.726342
cuda;48000;100;CrossEntropyLoss();43;1568;Tanh();0.1;0.1;30;25;TRAIN;100.0;0.004377;2.460963
cuda;12000;100;CrossEntropyLoss();43;1568;Tanh();0.1;0.1;30;25;VAL;98.0;0.067708;0.592504
cuda;48000;100;CrossEntropyLoss();43;1568;Tanh();0.1;0.1;30;26;TRAIN;100.0;0.004064;2.425288
cuda;12000;100;CrossEntropyLoss();43;1568;Tanh();0.1;0.1;30;26;VAL;98.1;0.068312;0.695000
cuda;48000;100;CrossEntropyLoss();43;1568;Tanh();0.1;0.1;30;27;TRAIN;100.0;0.003791;2.591183
cuda;12000;100;CrossEntropyLoss();43;1568;Tanh();0.1;0.1;30;27;VAL;98.0;0.067638;0.621619
cuda;48000;100;CrossEntropyLoss();43;1568;Tanh();0.1;0.1;30;28;TRAIN;100.0;0.003520;2.382963
cuda;12000;100;CrossEntropyLoss();43;1568;Tanh();0.1;0.1;30;28;VAL;98.1;0.068679;0.610580
cuda;48000;100;CrossEntropyLoss();43;1568;Tanh();0.1;0.1;30;29;TRAIN;100.0;0.003344;2.734262
cuda;12000;100;CrossEntropyLoss();43;1568;Tanh();0.1;0.1;30;29;VAL;98.1;0.068776;0.591117
cuda;48000;100;CrossEntropyLoss();43;1568;Tanh();0.1;0.1;30;30;TRAIN;100.0;0.003141;2.435498
cuda;12000;100;CrossEntropyLoss();43;1568;Tanh();0.1;0.1;30;30;VAL;98.1;0.067643;0.603512
cuda;48000;100;CrossEntropyLoss();43;1568;Tanh();0.1;0.5;30;1;TRAIN;90.5;0.318384;2.609017
cuda;12000;100;CrossEntropyLoss();43;1568;Tanh();0.1;0.5;30;1;VAL;93.9;0.216677;0.647247
cuda;48000;100;CrossEntropyLoss();43;1568;Tanh();0.1;0.5;30;2;TRAIN;95.0;0.168593;2.344768
cuda;12000;100;CrossEntropyLoss();43;1568;Tanh();0.1;0.5;30;2;VAL;95.6;0.152388;0.606490
cuda;48000;100;CrossEntropyLoss();43;1568;Tanh();0.1;0.5;30;3;TRAIN;96.7;0.107783;2.546414
cuda;12000;100;CrossEntropyLoss();43;1568;Tanh();0.1;0.5;30;3;VAL;96.6;0.116350;0.691804
cuda;48000;100;CrossEntropyLoss();43;1568;Tanh();0.1;0.5;30;4;TRAIN;97.7;0.076642;2.465515
cuda;12000;100;CrossEntropyLoss();43;1568;Tanh();0.1;0.5;30;4;VAL;96.7;0.110352;0.600782
cuda;48000;100;CrossEntropyLoss();43;1568;Tanh();0.1;0.5;30;5;TRAIN;98.3;0.055164;2.384517
cuda;12000;100;CrossEntropyLoss();43;1568;Tanh();0.1;0.5;30;5;VAL;97.5;0.086104;0.681108
cuda;48000;100;CrossEntropyLoss();43;1568;Tanh();0.1;0.5;30;6;TRAIN;98.9;0.040145;2.657359
cuda;12000;100;CrossEntropyLoss();43;1568;Tanh();0.1;0.5;30;6;VAL;97.6;0.082979;0.586713
cuda;48000;100;CrossEntropyLoss();43;1568;Tanh();0.1;0.5;30;7;TRAIN;99.2;0.029005;2.334834
cuda;12000;100;CrossEntropyLoss();43;1568;Tanh();0.1;0.5;30;7;VAL;97.9;0.073049;0.623208
cuda;48000;100;CrossEntropyLoss();43;1568;Tanh();0.1;0.5;30;8;TRAIN;99.4;0.022498;2.671803
cuda;12000;100;CrossEntropyLoss();43;1568;Tanh();0.1;0.5;30;8;VAL;97.6;0.079883;0.603547
cuda;48000;100;CrossEntropyLoss();43;1568;Tanh();0.1;0.5;30;9;TRAIN;99.7;0.016381;2.370711
cuda;12000;100;CrossEntropyLoss();43;1568;Tanh();0.1;0.5;30;9;VAL;97.9;0.070936;0.650502
cuda;48000;100;CrossEntropyLoss();43;1568;Tanh();0.1;0.5;30;10;TRAIN;99.8;0.012627;2.636421
cuda;12000;100;CrossEntropyLoss();43;1568;Tanh();0.1;0.5;30;10;VAL;98.0;0.068525;0.656970
cuda;48000;100;CrossEntropyLoss();43;1568;Tanh();0.1;0.5;30;11;TRAIN;99.9;0.009604;2.433964
cuda;12000;100;CrossEntropyLoss();43;1568;Tanh();0.1;0.5;30;11;VAL;98.0;0.067885;0.579951
cuda;48000;100;CrossEntropyLoss();43;1568;Tanh();0.1;0.5;30;12;TRAIN;99.9;0.007504;2.446788
cuda;12000;100;CrossEntropyLoss();43;1568;Tanh();0.1;0.5;30;12;VAL;97.9;0.069721;0.726303
cuda;48000;100;CrossEntropyLoss();43;1568;Tanh();0.1;0.5;30;13;TRAIN;100.0;0.005745;2.459621
cuda;12000;100;CrossEntropyLoss();43;1568;Tanh();0.1;0.5;30;13;VAL;98.1;0.067714;0.600320
cuda;48000;100;CrossEntropyLoss();43;1568;Tanh();0.1;0.5;30;14;TRAIN;100.0;0.004910;2.363740
cuda;12000;100;CrossEntropyLoss();43;1568;Tanh();0.1;0.5;30;14;VAL;98.1;0.067033;0.673474
cuda;48000;100;CrossEntropyLoss();43;1568;Tanh();0.1;0.5;30;15;TRAIN;100.0;0.004196;2.590826
cuda;12000;100;CrossEntropyLoss();43;1568;Tanh();0.1;0.5;30;15;VAL;98.0;0.067521;0.645340
cuda;48000;100;CrossEntropyLoss();43;1568;Tanh();0.1;0.5;30;16;TRAIN;100.0;0.003593;2.379688
cuda;12000;100;CrossEntropyLoss();43;1568;Tanh();0.1;0.5;30;16;VAL;98.0;0.067741;0.592548
cuda;48000;100;CrossEntropyLoss();43;1568;Tanh();0.1;0.5;30;17;TRAIN;100.0;0.003158;2.707895
cuda;12000;100;CrossEntropyLoss();43;1568;Tanh();0.1;0.5;30;17;VAL;98.1;0.067319;0.611549
cuda;48000;100;CrossEntropyLoss();43;1568;Tanh();0.1;0.5;30;18;TRAIN;100.0;0.002831;2.414287
cuda;12000;100;CrossEntropyLoss();43;1568;Tanh();0.1;0.5;30;18;VAL;98.1;0.067720;0.612073
cuda;48000;100;CrossEntropyLoss();43;1568;Tanh();0.1;0.5;30;19;TRAIN;100.0;0.002518;2.740926
cuda;12000;100;CrossEntropyLoss();43;1568;Tanh();0.1;0.5;30;19;VAL;98.1;0.067350;0.666818
cuda;48000;100;CrossEntropyLoss();43;1568;Tanh();0.1;0.5;30;20;TRAIN;100.0;0.002365;2.351582
cuda;12000;100;CrossEntropyLoss();43;1568;Tanh();0.1;0.5;30;20;VAL;98.1;0.067990;0.636191
cuda;48000;100;CrossEntropyLoss();43;1568;Tanh();0.1;0.5;30;21;TRAIN;100.0;0.002122;2.442494
cuda;12000;100;CrossEntropyLoss();43;1568;Tanh();0.1;0.5;30;21;VAL;98.1;0.067933;0.730972
cuda;48000;100;CrossEntropyLoss();43;1568;Tanh();0.1;0.5;30;22;TRAIN;100.0;0.001988;2.462650
cuda;12000;100;CrossEntropyLoss();43;1568;Tanh();0.1;0.5;30;22;VAL;98.1;0.068528;0.611328
cuda;48000;100;CrossEntropyLoss();43;1568;Tanh();0.1;0.5;30;23;TRAIN;100.0;0.001825;2.338986
cuda;12000;100;CrossEntropyLoss();43;1568;Tanh();0.1;0.5;30;23;VAL;98.1;0.068081;0.644233
cuda;48000;100;CrossEntropyLoss();43;1568;Tanh();0.1;0.5;30;24;TRAIN;100.0;0.001716;2.648138
cuda;12000;100;CrossEntropyLoss();43;1568;Tanh();0.1;0.5;30;24;VAL;98.1;0.068308;0.618388
cuda;48000;100;CrossEntropyLoss();43;1568;Tanh();0.1;0.5;30;25;TRAIN;100.0;0.001626;2.391900
cuda;12000;100;CrossEntropyLoss();43;1568;Tanh();0.1;0.5;30;25;VAL;98.1;0.068967;0.629290
cuda;48000;100;CrossEntropyLoss();43;1568;Tanh();0.1;0.5;30;26;TRAIN;100.0;0.001516;2.693043
cuda;12000;100;CrossEntropyLoss();43;1568;Tanh();0.1;0.5;30;26;VAL;98.1;0.068871;0.595196
cuda;48000;100;CrossEntropyLoss();43;1568;Tanh();0.1;0.5;30;27;TRAIN;100.0;0.001432;2.374651
cuda;12000;100;CrossEntropyLoss();43;1568;Tanh();0.1;0.5;30;27;VAL;98.2;0.068816;0.598425
cuda;48000;100;CrossEntropyLoss();43;1568;Tanh();0.1;0.5;30;28;TRAIN;100.0;0.001350;2.564889
cuda;12000;100;CrossEntropyLoss();43;1568;Tanh();0.1;0.5;30;28;VAL;98.1;0.069369;0.707782
cuda;48000;100;CrossEntropyLoss();43;1568;Tanh();0.1;0.5;30;29;TRAIN;100.0;0.001299;2.402211
cuda;12000;100;CrossEntropyLoss();43;1568;Tanh();0.1;0.5;30;29;VAL;98.1;0.069006;0.580423
cuda;48000;100;CrossEntropyLoss();43;1568;Tanh();0.1;0.5;30;30;TRAIN;100.0;0.001239;2.402932
cuda;12000;100;CrossEntropyLoss();43;1568;Tanh();0.1;0.5;30;30;VAL;98.1;0.069635;0.740162
cuda;48000;100;CrossEntropyLoss();43;1568;Tanh();0.1;0.9;30;1;TRAIN;87.9;0.806241;2.486001
cuda;12000;100;CrossEntropyLoss();43;1568;Tanh();0.1;0.9;30;1;VAL;93.5;0.498342;0.601867
cuda;48000;100;CrossEntropyLoss();43;1568;Tanh();0.1;0.9;30;2;TRAIN;93.3;0.565229;2.351296
cuda;12000;100;CrossEntropyLoss();43;1568;Tanh();0.1;0.9;30;2;VAL;93.0;0.613145;0.589474
cuda;48000;100;CrossEntropyLoss();43;1568;Tanh();0.1;0.9;30;3;TRAIN;94.5;0.469781;2.760981
cuda;12000;100;CrossEntropyLoss();43;1568;Tanh();0.1;0.9;30;3;VAL;94.2;0.659889;0.592922
cuda;48000;100;CrossEntropyLoss();43;1568;Tanh();0.1;0.9;30;4;TRAIN;95.2;0.419808;2.374249
cuda;12000;100;CrossEntropyLoss();43;1568;Tanh();0.1;0.9;30;4;VAL;93.7;0.658233;0.582385
cuda;48000;100;CrossEntropyLoss();43;1568;Tanh();0.1;0.9;30;5;TRAIN;95.9;0.344943;2.653996
cuda;12000;100;CrossEntropyLoss();43;1568;Tanh();0.1;0.9;30;5;VAL;95.6;0.437651;0.620841
cuda;48000;100;CrossEntropyLoss();43;1568;Tanh();0.1;0.9;30;6;TRAIN;96.5;0.281109;2.386439
cuda;12000;100;CrossEntropyLoss();43;1568;Tanh();0.1;0.9;30;6;VAL;96.2;0.341690;0.601518
cuda;48000;100;CrossEntropyLoss();43;1568;Tanh();0.1;0.9;30;7;TRAIN;96.1;0.334962;2.538833
cuda;12000;100;CrossEntropyLoss();43;1568;Tanh();0.1;0.9;30;7;VAL;95.7;0.491022;0.694159
cuda;48000;100;CrossEntropyLoss();43;1568;Tanh();0.1;0.9;30;8;TRAIN;96.3;0.342088;2.517992
cuda;12000;100;CrossEntropyLoss();43;1568;Tanh();0.1;0.9;30;8;VAL;95.4;0.505917;0.597528
cuda;48000;100;CrossEntropyLoss();43;1568;Tanh();0.1;0.9;30;9;TRAIN;96.6;0.289626;2.406792
cuda;12000;100;CrossEntropyLoss();43;1568;Tanh();0.1;0.9;30;9;VAL;95.6;0.502834;0.713758
cuda;48000;100;CrossEntropyLoss();43;1568;Tanh();0.1;0.9;30;10;TRAIN;96.8;0.287879;2.549042
cuda;12000;100;CrossEntropyLoss();43;1568;Tanh();0.1;0.9;30;10;VAL;94.7;0.612546;0.581478
cuda;48000;100;CrossEntropyLoss();43;1568;Tanh();0.1;0.9;30;11;TRAIN;97.3;0.218823;2.316018
cuda;12000;100;CrossEntropyLoss();43;1568;Tanh();0.1;0.9;30;11;VAL;95.9;0.469878;0.619193
cuda;48000;100;CrossEntropyLoss();43;1568;Tanh();0.1;0.9;30;12;TRAIN;97.0;0.267765;2.664086
cuda;12000;100;CrossEntropyLoss();43;1568;Tanh();0.1;0.9;30;12;VAL;96.0;0.481967;0.586213
cuda;48000;100;CrossEntropyLoss();43;1568;Tanh();0.1;0.9;30;13;TRAIN;97.4;0.225752;2.426919
cuda;12000;100;CrossEntropyLoss();43;1568;Tanh();0.1;0.9;30;13;VAL;96.0;0.457315;0.608080
cuda;48000;100;CrossEntropyLoss();43;1568;Tanh();0.1;0.9;30;14;TRAIN;97.1;0.263478;2.632580
cuda;12000;100;CrossEntropyLoss();43;1568;Tanh();0.1;0.9;30;14;VAL;96.6;0.450986;0.645353
cuda;48000;100;CrossEntropyLoss();43;1568;Tanh();0.1;0.9;30;15;TRAIN;97.8;0.180945;2.360179
cuda;12000;100;CrossEntropyLoss();43;1568;Tanh();0.1;0.9;30;15;VAL;96.9;0.352243;0.606253
cuda;48000;100;CrossEntropyLoss();43;1568;Tanh();0.1;0.9;30;16;TRAIN;97.8;0.180623;2.743061
cuda;12000;100;CrossEntropyLoss();43;1568;Tanh();0.1;0.9;30;16;VAL;96.4;0.453789;0.798885
cuda;48000;100;CrossEntropyLoss();43;1568;Tanh();0.1;0.9;30;17;TRAIN;97.9;0.179684;2.447963
cuda;12000;100;CrossEntropyLoss();43;1568;Tanh();0.1;0.9;30;17;VAL;95.5;0.509994;0.577557
cuda;48000;100;CrossEntropyLoss();43;1568;Tanh();0.1;0.9;30;18;TRAIN;98.0;0.170080;2.469198
cuda;12000;100;CrossEntropyLoss();43;1568;Tanh();0.1;0.9;30;18;VAL;96.9;0.351380;0.735821
cuda;48000;100;CrossEntropyLoss();43;1568;Tanh();0.1;0.9;30;19;TRAIN;98.0;0.167579;2.560485
cuda;12000;100;CrossEntropyLoss();43;1568;Tanh();0.1;0.9;30;19;VAL;96.6;0.448425;0.581188
cuda;48000;100;CrossEntropyLoss();43;1568;Tanh();0.1;0.9;30;20;TRAIN;97.9;0.178043;2.329466
cuda;12000;100;CrossEntropyLoss();43;1568;Tanh();0.1;0.9;30;20;VAL;96.4;0.433267;0.596676
cuda;48000;100;CrossEntropyLoss();43;1568;Tanh();0.1;0.9;30;21;TRAIN;98.2;0.139196;2.679615
cuda;12000;100;CrossEntropyLoss();43;1568;Tanh();0.1;0.9;30;21;VAL;96.5;0.443269;0.623259
cuda;48000;100;CrossEntropyLoss();43;1568;Tanh();0.1;0.9;30;22;TRAIN;98.2;0.143886;2.345031
cuda;12000;100;CrossEntropyLoss();43;1568;Tanh();0.1;0.9;30;22;VAL;96.6;0.441160;0.610505
cuda;48000;100;CrossEntropyLoss();43;1568;Tanh();0.1;0.9;30;23;TRAIN;98.5;0.116046;2.567244
cuda;12000;100;CrossEntropyLoss();43;1568;Tanh();0.1;0.9;30;23;VAL;97.2;0.332072;0.678342
cuda;48000;100;CrossEntropyLoss();43;1568;Tanh();0.1;0.9;30;24;TRAIN;98.4;0.119129;2.375966
cuda;12000;100;CrossEntropyLoss();43;1568;Tanh();0.1;0.9;30;24;VAL;96.3;0.492748;0.597821
cuda;48000;100;CrossEntropyLoss();43;1568;Tanh();0.1;0.9;30;25;TRAIN;98.4;0.117835;2.447137
cuda;12000;100;CrossEntropyLoss();43;1568;Tanh();0.1;0.9;30;25;VAL;96.5;0.474055;0.703785
cuda;48000;100;CrossEntropyLoss();43;1568;Tanh();0.1;0.9;30;26;TRAIN;98.3;0.144908;2.500838
cuda;12000;100;CrossEntropyLoss();43;1568;Tanh();0.1;0.9;30;26;VAL;95.6;0.573525;0.608663
cuda;48000;100;CrossEntropyLoss();43;1568;Tanh();0.1;0.9;30;27;TRAIN;98.3;0.147844;2.399334
cuda;12000;100;CrossEntropyLoss();43;1568;Tanh();0.1;0.9;30;27;VAL;96.8;0.438720;0.809260
cuda;48000;100;CrossEntropyLoss();43;1568;Tanh();0.1;0.9;30;28;TRAIN;98.4;0.121716;2.618388
cuda;12000;100;CrossEntropyLoss();43;1568;Tanh();0.1;0.9;30;28;VAL;96.2;0.518660;0.623681
cuda;48000;100;CrossEntropyLoss();43;1568;Tanh();0.1;0.9;30;29;TRAIN;98.4;0.134619;2.386019
cuda;12000;100;CrossEntropyLoss();43;1568;Tanh();0.1;0.9;30;29;VAL;96.9;0.466313;0.602508
cuda;48000;100;CrossEntropyLoss();43;1568;Tanh();0.1;0.9;30;30;TRAIN;98.5;0.124138;2.696345
cuda;12000;100;CrossEntropyLoss();43;1568;Tanh();0.1;0.9;30;30;VAL;96.0;0.540161;0.591015
cuda;48000;100;CrossEntropyLoss();43;7840;Tanh();0.001;0.1;30;1;TRAIN;81.3;0.849637;2.543951
cuda;12000;100;CrossEntropyLoss();43;7840;Tanh();0.001;0.1;30;1;VAL;86.3;0.542274;0.571004
cuda;48000;100;CrossEntropyLoss();43;7840;Tanh();0.001;0.1;30;2;TRAIN;87.8;0.475835;2.691879
cuda;12000;100;CrossEntropyLoss();43;7840;Tanh();0.001;0.1;30;2;VAL;88.0;0.444084;0.629122
cuda;48000;100;CrossEntropyLoss();43;7840;Tanh();0.001;0.1;30;3;TRAIN;88.9;0.411882;2.343764
cuda;12000;100;CrossEntropyLoss();43;7840;Tanh();0.001;0.1;30;3;VAL;88.8;0.404280;0.574864
cuda;48000;100;CrossEntropyLoss();43;7840;Tanh();0.001;0.1;30;4;TRAIN;89.6;0.380337;2.530739
cuda;12000;100;CrossEntropyLoss();43;7840;Tanh();0.001;0.1;30;4;VAL;89.2;0.381009;0.671967
cuda;48000;100;CrossEntropyLoss();43;7840;Tanh();0.001;0.1;30;5;TRAIN;89.9;0.360585;2.456899
cuda;12000;100;CrossEntropyLoss();43;7840;Tanh();0.001;0.1;30;5;VAL;89.9;0.365457;0.599615
cuda;48000;100;CrossEntropyLoss();43;7840;Tanh();0.001;0.1;30;6;TRAIN;90.3;0.346611;2.369131
cuda;12000;100;CrossEntropyLoss();43;7840;Tanh();0.001;0.1;30;6;VAL;90.1;0.354234;0.660837
cuda;48000;100;CrossEntropyLoss();43;7840;Tanh();0.001;0.1;30;7;TRAIN;90.6;0.335878;2.666251
cuda;12000;100;CrossEntropyLoss();43;7840;Tanh();0.001;0.1;30;7;VAL;90.3;0.345213;0.582204
cuda;48000;100;CrossEntropyLoss();43;7840;Tanh();0.001;0.1;30;8;TRAIN;90.7;0.327380;2.370029
cuda;12000;100;CrossEntropyLoss();43;7840;Tanh();0.001;0.1;30;8;VAL;90.5;0.338063;0.572360
cuda;48000;100;CrossEntropyLoss();43;7840;Tanh();0.001;0.1;30;9;TRAIN;90.9;0.320315;2.684754
cuda;12000;100;CrossEntropyLoss();43;7840;Tanh();0.001;0.1;30;9;VAL;90.6;0.332159;0.573205
cuda;48000;100;CrossEntropyLoss();43;7840;Tanh();0.001;0.1;30;10;TRAIN;91.1;0.314263;2.382462
cuda;12000;100;CrossEntropyLoss();43;7840;Tanh();0.001;0.1;30;10;VAL;90.7;0.326920;0.589549
cuda;48000;100;CrossEntropyLoss();43;7840;Tanh();0.001;0.1;30;11;TRAIN;91.3;0.309043;2.601860
cuda;12000;100;CrossEntropyLoss();43;7840;Tanh();0.001;0.1;30;11;VAL;90.9;0.322563;0.666831
cuda;48000;100;CrossEntropyLoss();43;7840;Tanh();0.001;0.1;30;12;TRAIN;91.4;0.304520;2.369076
cuda;12000;100;CrossEntropyLoss();43;7840;Tanh();0.001;0.1;30;12;VAL;91.0;0.318807;0.609888
cuda;48000;100;CrossEntropyLoss();43;7840;Tanh();0.001;0.1;30;13;TRAIN;91.5;0.300394;2.459973
cuda;12000;100;CrossEntropyLoss();43;7840;Tanh();0.001;0.1;30;13;VAL;91.1;0.315169;0.697412
cuda;48000;100;CrossEntropyLoss();43;7840;Tanh();0.001;0.1;30;14;TRAIN;91.6;0.296755;2.463449
cuda;12000;100;CrossEntropyLoss();43;7840;Tanh();0.001;0.1;30;14;VAL;91.1;0.312234;0.587566
cuda;48000;100;CrossEntropyLoss();43;7840;Tanh();0.001;0.1;30;15;TRAIN;91.7;0.293391;2.354372
cuda;12000;100;CrossEntropyLoss();43;7840;Tanh();0.001;0.1;30;15;VAL;91.3;0.309400;0.596779
cuda;48000;100;CrossEntropyLoss();43;7840;Tanh();0.001;0.1;30;16;TRAIN;91.8;0.290301;2.703481
cuda;12000;100;CrossEntropyLoss();43;7840;Tanh();0.001;0.1;30;16;VAL;91.4;0.307011;0.575132
cuda;48000;100;CrossEntropyLoss();43;7840;Tanh();0.001;0.1;30;17;TRAIN;91.8;0.287469;2.422877
cuda;12000;100;CrossEntropyLoss();43;7840;Tanh();0.001;0.1;30;17;VAL;91.5;0.304204;0.620865
cuda;48000;100;CrossEntropyLoss();43;7840;Tanh();0.001;0.1;30;18;TRAIN;91.9;0.284847;2.689512
cuda;12000;100;CrossEntropyLoss();43;7840;Tanh();0.001;0.1;30;18;VAL;91.5;0.302272;0.581622
cuda;48000;100;CrossEntropyLoss();43;7840;Tanh();0.001;0.1;30;19;TRAIN;92.0;0.282382;2.413761
cuda;12000;100;CrossEntropyLoss();43;7840;Tanh();0.001;0.1;30;19;VAL;91.5;0.299839;0.591426
cuda;48000;100;CrossEntropyLoss();43;7840;Tanh();0.001;0.1;30;20;TRAIN;92.0;0.280039;2.630598
cuda;12000;100;CrossEntropyLoss();43;7840;Tanh();0.001;0.1;30;20;VAL;91.7;0.298245;0.652258
cuda;48000;100;CrossEntropyLoss();43;7840;Tanh();0.001;0.1;30;21;TRAIN;92.1;0.277891;2.429841
cuda;12000;100;CrossEntropyLoss();43;7840;Tanh();0.001;0.1;30;21;VAL;91.6;0.296306;0.636288
cuda;48000;100;CrossEntropyLoss();43;7840;Tanh();0.001;0.1;30;22;TRAIN;92.2;0.275835;2.696007
cuda;12000;100;CrossEntropyLoss();43;7840;Tanh();0.001;0.1;30;22;VAL;91.7;0.295015;0.688217
cuda;48000;100;CrossEntropyLoss();43;7840;Tanh();0.001;0.1;30;23;TRAIN;92.2;0.273862;2.486701
cuda;12000;100;CrossEntropyLoss();43;7840;Tanh();0.001;0.1;30;23;VAL;91.8;0.293124;0.577195
cuda;48000;100;CrossEntropyLoss();43;7840;Tanh();0.001;0.1;30;24;TRAIN;92.3;0.271995;2.366987
cuda;12000;100;CrossEntropyLoss();43;7840;Tanh();0.001;0.1;30;24;VAL;91.8;0.291543;0.649030
cuda;48000;100;CrossEntropyLoss();43;7840;Tanh();0.001;0.1;30;25;TRAIN;92.4;0.270144;2.582183
cuda;12000;100;CrossEntropyLoss();43;7840;Tanh();0.001;0.1;30;25;VAL;91.8;0.290015;0.589647
cuda;48000;100;CrossEntropyLoss();43;7840;Tanh();0.001;0.1;30;26;TRAIN;92.4;0.268450;2.392617
cuda;12000;100;CrossEntropyLoss();43;7840;Tanh();0.001;0.1;30;26;VAL;91.9;0.288551;0.576661
cuda;48000;100;CrossEntropyLoss();43;7840;Tanh();0.001;0.1;30;27;TRAIN;92.4;0.266803;2.741215
cuda;12000;100;CrossEntropyLoss();43;7840;Tanh();0.001;0.1;30;27;VAL;91.9;0.287497;0.588829
cuda;48000;100;CrossEntropyLoss();43;7840;Tanh();0.001;0.1;30;28;TRAIN;92.5;0.265219;2.345747
cuda;12000;100;CrossEntropyLoss();43;7840;Tanh();0.001;0.1;30;28;VAL;91.9;0.286024;0.592107
cuda;48000;100;CrossEntropyLoss();43;7840;Tanh();0.001;0.1;30;29;TRAIN;92.5;0.263671;2.563527
cuda;12000;100;CrossEntropyLoss();43;7840;Tanh();0.001;0.1;30;29;VAL;92.0;0.284717;0.650003
cuda;48000;100;CrossEntropyLoss();43;7840;Tanh();0.001;0.1;30;30;TRAIN;92.6;0.262217;2.357459
cuda;12000;100;CrossEntropyLoss();43;7840;Tanh();0.001;0.1;30;30;VAL;92.0;0.283812;0.597815
cuda;48000;100;CrossEntropyLoss();43;7840;Tanh();0.001;0.5;30;1;TRAIN;83.8;0.694448;2.464025
cuda;12000;100;CrossEntropyLoss();43;7840;Tanh();0.001;0.5;30;1;VAL;87.8;0.458380;0.736086
cuda;48000;100;CrossEntropyLoss();43;7840;Tanh();0.001;0.5;30;2;TRAIN;89.0;0.408115;2.494852
cuda;12000;100;CrossEntropyLoss();43;7840;Tanh();0.001;0.5;30;2;VAL;89.0;0.390944;0.563260
cuda;48000;100;CrossEntropyLoss();43;7840;Tanh();0.001;0.5;30;3;TRAIN;90.0;0.362815;2.339760
cuda;12000;100;CrossEntropyLoss();43;7840;Tanh();0.001;0.5;30;3;VAL;89.8;0.362215;0.604282
cuda;48000;100;CrossEntropyLoss();43;7840;Tanh();0.001;0.5;30;4;TRAIN;90.5;0.339410;2.731939
cuda;12000;100;CrossEntropyLoss();43;7840;Tanh();0.001;0.5;30;4;VAL;90.2;0.345342;0.576603
cuda;48000;100;CrossEntropyLoss();43;7840;Tanh();0.001;0.5;30;5;TRAIN;90.9;0.324307;2.364573
cuda;12000;100;CrossEntropyLoss();43;7840;Tanh();0.001;0.5;30;5;VAL;90.6;0.332887;0.586820
cuda;48000;100;CrossEntropyLoss();43;7840;Tanh();0.001;0.5;30;6;TRAIN;91.1;0.313262;2.807061
cuda;12000;100;CrossEntropyLoss();43;7840;Tanh();0.001;0.5;30;6;VAL;90.7;0.324413;0.584733
cuda;48000;100;CrossEntropyLoss();43;7840;Tanh();0.001;0.5;30;7;TRAIN;91.3;0.304618;2.422262
cuda;12000;100;CrossEntropyLoss();43;7840;Tanh();0.001;0.5;30;7;VAL;91.0;0.317729;0.574201
cuda;48000;100;CrossEntropyLoss();43;7840;Tanh();0.001;0.5;30;8;TRAIN;91.5;0.297807;2.595599
cuda;12000;100;CrossEntropyLoss();43;7840;Tanh();0.001;0.5;30;8;VAL;91.2;0.311567;0.647037
cuda;48000;100;CrossEntropyLoss();43;7840;Tanh();0.001;0.5;30;9;TRAIN;91.7;0.291892;2.379176
cuda;12000;100;CrossEntropyLoss();43;7840;Tanh();0.001;0.5;30;9;VAL;91.2;0.307014;0.591675
cuda;48000;100;CrossEntropyLoss();43;7840;Tanh();0.001;0.5;30;10;TRAIN;91.9;0.286780;2.353845
cuda;12000;100;CrossEntropyLoss();43;7840;Tanh();0.001;0.5;30;10;VAL;91.4;0.303013;0.676028
cuda;48000;100;CrossEntropyLoss();43;7840;Tanh();0.001;0.5;30;11;TRAIN;92.0;0.282355;2.787591
cuda;12000;100;CrossEntropyLoss();43;7840;Tanh();0.001;0.5;30;11;VAL;91.5;0.299636;0.582561
cuda;48000;100;CrossEntropyLoss();43;7840;Tanh();0.001;0.5;30;12;TRAIN;92.1;0.278256;2.425423
cuda;12000;100;CrossEntropyLoss();43;7840;Tanh();0.001;0.5;30;12;VAL;91.6;0.296266;0.564301
cuda;48000;100;CrossEntropyLoss();43;7840;Tanh();0.001;0.5;30;13;TRAIN;92.2;0.274592;2.683949
cuda;12000;100;CrossEntropyLoss();43;7840;Tanh();0.001;0.5;30;13;VAL;91.7;0.293059;0.580428
cuda;48000;100;CrossEntropyLoss();43;7840;Tanh();0.001;0.5;30;14;TRAIN;92.3;0.271433;2.362412
cuda;12000;100;CrossEntropyLoss();43;7840;Tanh();0.001;0.5;30;14;VAL;91.7;0.290909;0.613254
cuda;48000;100;CrossEntropyLoss();43;7840;Tanh();0.001;0.5;30;15;TRAIN;92.4;0.268345;2.617964
cuda;12000;100;CrossEntropyLoss();43;7840;Tanh();0.001;0.5;30;15;VAL;91.9;0.287935;0.674322
cuda;48000;100;CrossEntropyLoss();43;7840;Tanh();0.001;0.5;30;16;TRAIN;92.5;0.265418;2.373504
cuda;12000;100;CrossEntropyLoss();43;7840;Tanh();0.001;0.5;30;16;VAL;91.9;0.285516;0.572337
cuda;48000;100;CrossEntropyLoss();43;7840;Tanh();0.001;0.5;30;17;TRAIN;92.6;0.262673;2.461934
cuda;12000;100;CrossEntropyLoss();43;7840;Tanh();0.001;0.5;30;17;VAL;91.9;0.284562;0.676370
cuda;48000;100;CrossEntropyLoss();43;7840;Tanh();0.001;0.5;30;18;TRAIN;92.6;0.260101;2.485265
cuda;12000;100;CrossEntropyLoss();43;7840;Tanh();0.001;0.5;30;18;VAL;92.0;0.281668;0.602701
cuda;48000;100;CrossEntropyLoss();43;7840;Tanh();0.001;0.5;30;19;TRAIN;92.8;0.257779;2.340114
cuda;12000;100;CrossEntropyLoss();43;7840;Tanh();0.001;0.5;30;19;VAL;92.1;0.279674;0.654151
cuda;48000;100;CrossEntropyLoss();43;7840;Tanh();0.001;0.5;30;20;TRAIN;92.9;0.255346;2.602647
cuda;12000;100;CrossEntropyLoss();43;7840;Tanh();0.001;0.5;30;20;VAL;92.2;0.277744;0.588825
cuda;48000;100;CrossEntropyLoss();43;7840;Tanh();0.001;0.5;30;21;TRAIN;92.9;0.253212;2.324307
cuda;12000;100;CrossEntropyLoss();43;7840;Tanh();0.001;0.5;30;21;VAL;92.2;0.276149;0.590840
cuda;48000;100;CrossEntropyLoss();43;7840;Tanh();0.001;0.5;30;22;TRAIN;93.0;0.250981;2.711582
cuda;12000;100;CrossEntropyLoss();43;7840;Tanh();0.001;0.5;30;22;VAL;92.2;0.274488;0.573652
cuda;48000;100;CrossEntropyLoss();43;7840;Tanh();0.001;0.5;30;23;TRAIN;93.1;0.248937;2.399167
cuda;12000;100;CrossEntropyLoss();43;7840;Tanh();0.001;0.5;30;23;VAL;92.2;0.272768;0.611205
cuda;48000;100;CrossEntropyLoss();43;7840;Tanh();0.001;0.5;30;24;TRAIN;93.1;0.247009;2.627523
cuda;12000;100;CrossEntropyLoss();43;7840;Tanh();0.001;0.5;30;24;VAL;92.4;0.271323;0.656997
cuda;48000;100;CrossEntropyLoss();43;7840;Tanh();0.001;0.5;30;25;TRAIN;93.2;0.245058;2.447735
cuda;12000;100;CrossEntropyLoss();43;7840;Tanh();0.001;0.5;30;25;VAL;92.5;0.269570;0.579266
cuda;48000;100;CrossEntropyLoss();43;7840;Tanh();0.001;0.5;30;26;TRAIN;93.3;0.243106;2.416434
cuda;12000;100;CrossEntropyLoss();43;7840;Tanh();0.001;0.5;30;26;VAL;92.4;0.268533;0.675633
cuda;48000;100;CrossEntropyLoss();43;7840;Tanh();0.001;0.5;30;27;TRAIN;93.3;0.241251;2.640287
cuda;12000;100;CrossEntropyLoss();43;7840;Tanh();0.001;0.5;30;27;VAL;92.5;0.266469;0.595649
cuda;48000;100;CrossEntropyLoss();43;7840;Tanh();0.001;0.5;30;28;TRAIN;93.3;0.239385;2.404671
cuda;12000;100;CrossEntropyLoss();43;7840;Tanh();0.001;0.5;30;28;VAL;92.5;0.265400;0.613903
cuda;48000;100;CrossEntropyLoss();43;7840;Tanh();0.001;0.5;30;29;TRAIN;93.4;0.237566;2.640658
cuda;12000;100;CrossEntropyLoss();43;7840;Tanh();0.001;0.5;30;29;VAL;92.5;0.264413;0.617508
cuda;48000;100;CrossEntropyLoss();43;7840;Tanh();0.001;0.5;30;30;TRAIN;93.5;0.236004;2.416860
cuda;12000;100;CrossEntropyLoss();43;7840;Tanh();0.001;0.5;30;30;VAL;92.6;0.262308;0.624875
cuda;48000;100;CrossEntropyLoss();43;7840;Tanh();0.001;0.9;30;1;TRAIN;87.6;0.442551;2.676233
cuda;12000;100;CrossEntropyLoss();43;7840;Tanh();0.001;0.9;30;1;VAL;90.5;0.333840;0.578305
cuda;48000;100;CrossEntropyLoss();43;7840;Tanh();0.001;0.9;30;2;TRAIN;91.2;0.304837;2.333575
cuda;12000;100;CrossEntropyLoss();43;7840;Tanh();0.001;0.9;30;2;VAL;91.3;0.304685;0.570056
cuda;48000;100;CrossEntropyLoss();43;7840;Tanh();0.001;0.9;30;3;TRAIN;91.9;0.280706;2.640422
cuda;12000;100;CrossEntropyLoss();43;7840;Tanh();0.001;0.9;30;3;VAL;91.7;0.290980;0.641751
cuda;48000;100;CrossEntropyLoss();43;7840;Tanh();0.001;0.9;30;4;TRAIN;92.5;0.265745;2.385259
cuda;12000;100;CrossEntropyLoss();43;7840;Tanh();0.001;0.9;30;4;VAL;92.1;0.279172;0.578800
cuda;48000;100;CrossEntropyLoss();43;7840;Tanh();0.001;0.9;30;5;TRAIN;92.8;0.254499;2.513263
cuda;12000;100;CrossEntropyLoss();43;7840;Tanh();0.001;0.9;30;5;VAL;92.3;0.272349;0.672695
cuda;48000;100;CrossEntropyLoss();43;7840;Tanh();0.001;0.9;30;6;TRAIN;93.1;0.244994;2.501772
cuda;12000;100;CrossEntropyLoss();43;7840;Tanh();0.001;0.9;30;6;VAL;92.5;0.264705;0.574934
cuda;48000;100;CrossEntropyLoss();43;7840;Tanh();0.001;0.9;30;7;TRAIN;93.4;0.236075;2.384803
cuda;12000;100;CrossEntropyLoss();43;7840;Tanh();0.001;0.9;30;7;VAL;92.6;0.257465;0.611153
cuda;48000;100;CrossEntropyLoss();43;7840;Tanh();0.001;0.9;30;8;TRAIN;93.7;0.227388;2.685401
cuda;12000;100;CrossEntropyLoss();43;7840;Tanh();0.001;0.9;30;8;VAL;92.9;0.250933;0.575869
cuda;48000;100;CrossEntropyLoss();43;7840;Tanh();0.001;0.9;30;9;TRAIN;93.9;0.219833;2.358392
cuda;12000;100;CrossEntropyLoss();43;7840;Tanh();0.001;0.9;30;9;VAL;93.1;0.247766;0.582680
cuda;48000;100;CrossEntropyLoss();43;7840;Tanh();0.001;0.9;30;10;TRAIN;94.1;0.213127;2.762990
cuda;12000;100;CrossEntropyLoss();43;7840;Tanh();0.001;0.9;30;10;VAL;93.1;0.242171;0.566149
cuda;48000;100;CrossEntropyLoss();43;7840;Tanh();0.001;0.9;30;11;TRAIN;94.3;0.205645;2.431003
cuda;12000;100;CrossEntropyLoss();43;7840;Tanh();0.001;0.9;30;11;VAL;93.4;0.233286;0.588777
cuda;48000;100;CrossEntropyLoss();43;7840;Tanh();0.001;0.9;30;12;TRAIN;94.5;0.198691;2.554993
cuda;12000;100;CrossEntropyLoss();43;7840;Tanh();0.001;0.9;30;12;VAL;93.6;0.227774;0.659097
cuda;48000;100;CrossEntropyLoss();43;7840;Tanh();0.001;0.9;30;13;TRAIN;94.7;0.191783;2.418145
cuda;12000;100;CrossEntropyLoss();43;7840;Tanh();0.001;0.9;30;13;VAL;93.8;0.220449;0.593377
cuda;48000;100;CrossEntropyLoss();43;7840;Tanh();0.001;0.9;30;14;TRAIN;94.9;0.185140;2.361402
cuda;12000;100;CrossEntropyLoss();43;7840;Tanh();0.001;0.9;30;14;VAL;94.0;0.215623;0.754478
cuda;48000;100;CrossEntropyLoss();43;7840;Tanh();0.001;0.9;30;15;TRAIN;95.1;0.178835;2.552218
cuda;12000;100;CrossEntropyLoss();43;7840;Tanh();0.001;0.9;30;15;VAL;94.1;0.209145;0.566120
cuda;48000;100;CrossEntropyLoss();43;7840;Tanh();0.001;0.9;30;16;TRAIN;95.3;0.172853;2.408948
cuda;12000;100;CrossEntropyLoss();43;7840;Tanh();0.001;0.9;30;16;VAL;94.3;0.206033;0.604916
cuda;48000;100;CrossEntropyLoss();43;7840;Tanh();0.001;0.9;30;17;TRAIN;95.5;0.166492;2.690702
cuda;12000;100;CrossEntropyLoss();43;7840;Tanh();0.001;0.9;30;17;VAL;94.3;0.200148;0.571741
cuda;48000;100;CrossEntropyLoss();43;7840;Tanh();0.001;0.9;30;18;TRAIN;95.6;0.160641;2.527963
cuda;12000;100;CrossEntropyLoss();43;7840;Tanh();0.001;0.9;30;18;VAL;94.7;0.194113;0.586808
cuda;48000;100;CrossEntropyLoss();43;7840;Tanh();0.001;0.9;30;19;TRAIN;95.8;0.155188;2.659064
cuda;12000;100;CrossEntropyLoss();43;7840;Tanh();0.001;0.9;30;19;VAL;94.7;0.188230;0.654560
cuda;48000;100;CrossEntropyLoss();43;7840;Tanh();0.001;0.9;30;20;TRAIN;95.9;0.149861;2.370420
cuda;12000;100;CrossEntropyLoss();43;7840;Tanh();0.001;0.9;30;20;VAL;94.9;0.183564;0.573416
cuda;48000;100;CrossEntropyLoss();43;7840;Tanh();0.001;0.9;30;21;TRAIN;96.1;0.144791;2.586243
cuda;12000;100;CrossEntropyLoss();43;7840;Tanh();0.001;0.9;30;21;VAL;95.0;0.180310;0.643752
cuda;48000;100;CrossEntropyLoss();43;7840;Tanh();0.001;0.9;30;22;TRAIN;96.2;0.139602;2.395520
cuda;12000;100;CrossEntropyLoss();43;7840;Tanh();0.001;0.9;30;22;VAL;95.2;0.175233;0.575977
cuda;48000;100;CrossEntropyLoss();43;7840;Tanh();0.001;0.9;30;23;TRAIN;96.4;0.135236;2.381701
cuda;12000;100;CrossEntropyLoss();43;7840;Tanh();0.001;0.9;30;23;VAL;95.2;0.171366;0.703106
cuda;48000;100;CrossEntropyLoss();43;7840;Tanh();0.001;0.9;30;24;TRAIN;96.5;0.130725;2.631161
cuda;12000;100;CrossEntropyLoss();43;7840;Tanh();0.001;0.9;30;24;VAL;95.4;0.167298;0.588719
cuda;48000;100;CrossEntropyLoss();43;7840;Tanh();0.001;0.9;30;25;TRAIN;96.6;0.126614;2.339753
cuda;12000;100;CrossEntropyLoss();43;7840;Tanh();0.001;0.9;30;25;VAL;95.5;0.164604;0.597604
cuda;48000;100;CrossEntropyLoss();43;7840;Tanh();0.001;0.9;30;26;TRAIN;96.7;0.122550;2.755786
cuda;12000;100;CrossEntropyLoss();43;7840;Tanh();0.001;0.9;30;26;VAL;95.7;0.159974;0.578761
cuda;48000;100;CrossEntropyLoss();43;7840;Tanh();0.001;0.9;30;27;TRAIN;96.9;0.118416;2.371906
cuda;12000;100;CrossEntropyLoss();43;7840;Tanh();0.001;0.9;30;27;VAL;95.5;0.159105;0.578959
cuda;48000;100;CrossEntropyLoss();43;7840;Tanh();0.001;0.9;30;28;TRAIN;96.9;0.114684;2.653801
cuda;12000;100;CrossEntropyLoss();43;7840;Tanh();0.001;0.9;30;28;VAL;95.7;0.155525;0.639506
cuda;48000;100;CrossEntropyLoss();43;7840;Tanh();0.001;0.9;30;29;TRAIN;97.1;0.111385;2.360317
cuda;12000;100;CrossEntropyLoss();43;7840;Tanh();0.001;0.9;30;29;VAL;95.8;0.150396;0.593268
cuda;48000;100;CrossEntropyLoss();43;7840;Tanh();0.001;0.9;30;30;TRAIN;97.2;0.107539;2.558415
cuda;12000;100;CrossEntropyLoss();43;7840;Tanh();0.001;0.9;30;30;VAL;95.9;0.148081;0.690968
cuda;48000;100;CrossEntropyLoss();43;7840;Tanh();0.01;0.1;30;1;TRAIN;88.5;0.424379;2.459054
cuda;12000;100;CrossEntropyLoss();43;7840;Tanh();0.01;0.1;30;1;VAL;90.5;0.332368;0.576467
cuda;48000;100;CrossEntropyLoss();43;7840;Tanh();0.01;0.1;30;2;TRAIN;91.4;0.301094;2.369646
cuda;12000;100;CrossEntropyLoss();43;7840;Tanh();0.01;0.1;30;2;VAL;91.5;0.300218;0.667684
cuda;48000;100;CrossEntropyLoss();43;7840;Tanh();0.01;0.1;30;3;TRAIN;92.1;0.277277;2.607598
cuda;12000;100;CrossEntropyLoss();43;7840;Tanh();0.01;0.1;30;3;VAL;92.0;0.284324;0.580472
cuda;48000;100;CrossEntropyLoss();43;7840;Tanh();0.01;0.1;30;4;TRAIN;92.6;0.262685;2.430538
cuda;12000;100;CrossEntropyLoss();43;7840;Tanh();0.01;0.1;30;4;VAL;92.2;0.276026;0.591257
cuda;48000;100;CrossEntropyLoss();43;7840;Tanh();0.01;0.1;30;5;TRAIN;92.9;0.251283;2.797313
cuda;12000;100;CrossEntropyLoss();43;7840;Tanh();0.01;0.1;30;5;VAL;92.3;0.271364;0.579621
cuda;48000;100;CrossEntropyLoss();43;7840;Tanh();0.01;0.1;30;6;TRAIN;93.2;0.241380;2.351223
cuda;12000;100;CrossEntropyLoss();43;7840;Tanh();0.01;0.1;30;6;VAL;92.5;0.261723;0.579737
cuda;48000;100;CrossEntropyLoss();43;7840;Tanh();0.01;0.1;30;7;TRAIN;93.5;0.232263;2.725270
cuda;12000;100;CrossEntropyLoss();43;7840;Tanh();0.01;0.1;30;7;VAL;92.7;0.256166;0.655538
cuda;48000;100;CrossEntropyLoss();43;7840;Tanh();0.01;0.1;30;8;TRAIN;93.8;0.223370;2.339033
cuda;12000;100;CrossEntropyLoss();43;7840;Tanh();0.01;0.1;30;8;VAL;93.0;0.246562;0.578108
cuda;48000;100;CrossEntropyLoss();43;7840;Tanh();0.01;0.1;30;9;TRAIN;94.0;0.215520;2.566579
cuda;12000;100;CrossEntropyLoss();43;7840;Tanh();0.01;0.1;30;9;VAL;93.3;0.241731;0.687351
cuda;48000;100;CrossEntropyLoss();43;7840;Tanh();0.01;0.1;30;10;TRAIN;94.2;0.207601;2.465606
cuda;12000;100;CrossEntropyLoss();43;7840;Tanh();0.01;0.1;30;10;VAL;93.5;0.236384;0.593043
cuda;48000;100;CrossEntropyLoss();43;7840;Tanh();0.01;0.1;30;11;TRAIN;94.5;0.199992;2.390077
cuda;12000;100;CrossEntropyLoss();43;7840;Tanh();0.01;0.1;30;11;VAL;93.8;0.225201;0.663174
cuda;48000;100;CrossEntropyLoss();43;7840;Tanh();0.01;0.1;30;12;TRAIN;94.7;0.192107;2.631108
cuda;12000;100;CrossEntropyLoss();43;7840;Tanh();0.01;0.1;30;12;VAL;93.8;0.220942;0.589112
cuda;48000;100;CrossEntropyLoss();43;7840;Tanh();0.01;0.1;30;13;TRAIN;95.0;0.185127;2.392721
cuda;12000;100;CrossEntropyLoss();43;7840;Tanh();0.01;0.1;30;13;VAL;93.9;0.216494;0.584731
cuda;48000;100;CrossEntropyLoss();43;7840;Tanh();0.01;0.1;30;14;TRAIN;95.1;0.177839;2.782785
cuda;12000;100;CrossEntropyLoss();43;7840;Tanh();0.01;0.1;30;14;VAL;94.1;0.209654;0.574304
cuda;48000;100;CrossEntropyLoss();43;7840;Tanh();0.01;0.1;30;15;TRAIN;95.3;0.171142;2.369939
cuda;12000;100;CrossEntropyLoss();43;7840;Tanh();0.01;0.1;30;15;VAL;94.3;0.202255;0.578528
cuda;48000;100;CrossEntropyLoss();43;7840;Tanh();0.01;0.1;30;16;TRAIN;95.5;0.164783;2.635094
cuda;12000;100;CrossEntropyLoss();43;7840;Tanh();0.01;0.1;30;16;VAL;94.5;0.197110;0.641378
cuda;48000;100;CrossEntropyLoss();43;7840;Tanh();0.01;0.1;30;17;TRAIN;95.7;0.158045;2.385889
cuda;12000;100;CrossEntropyLoss();43;7840;Tanh();0.01;0.1;30;17;VAL;94.7;0.190950;0.571884
cuda;48000;100;CrossEntropyLoss();43;7840;Tanh();0.01;0.1;30;18;TRAIN;95.9;0.152219;2.455993
cuda;12000;100;CrossEntropyLoss();43;7840;Tanh();0.01;0.1;30;18;VAL;94.8;0.185711;0.677666
cuda;48000;100;CrossEntropyLoss();43;7840;Tanh();0.01;0.1;30;19;TRAIN;95.9;0.146923;2.572111
cuda;12000;100;CrossEntropyLoss();43;7840;Tanh();0.01;0.1;30;19;VAL;94.9;0.180452;0.566518
cuda;48000;100;CrossEntropyLoss();43;7840;Tanh();0.01;0.1;30;20;TRAIN;96.2;0.141065;2.340881
cuda;12000;100;CrossEntropyLoss();43;7840;Tanh();0.01;0.1;30;20;VAL;95.2;0.175154;0.597561
cuda;48000;100;CrossEntropyLoss();43;7840;Tanh();0.01;0.1;30;21;TRAIN;96.3;0.135944;2.630010
cuda;12000;100;CrossEntropyLoss();43;7840;Tanh();0.01;0.1;30;21;VAL;95.3;0.172180;0.571735
cuda;48000;100;CrossEntropyLoss();43;7840;Tanh();0.01;0.1;30;22;TRAIN;96.5;0.130877;2.341859
cuda;12000;100;CrossEntropyLoss();43;7840;Tanh();0.01;0.1;30;22;VAL;95.3;0.169619;0.568142
cuda;48000;100;CrossEntropyLoss();43;7840;Tanh();0.01;0.1;30;23;TRAIN;96.6;0.126338;2.832215
cuda;12000;100;CrossEntropyLoss();43;7840;Tanh();0.01;0.1;30;23;VAL;95.4;0.163099;0.599991
cuda;48000;100;CrossEntropyLoss();43;7840;Tanh();0.01;0.1;30;24;TRAIN;96.7;0.121756;2.419237
cuda;12000;100;CrossEntropyLoss();43;7840;Tanh();0.01;0.1;30;24;VAL;95.5;0.160674;0.596237
cuda;48000;100;CrossEntropyLoss();43;7840;Tanh();0.01;0.1;30;25;TRAIN;96.8;0.117922;2.629630
cuda;12000;100;CrossEntropyLoss();43;7840;Tanh();0.01;0.1;30;25;VAL;95.7;0.154055;0.625723
cuda;48000;100;CrossEntropyLoss();43;7840;Tanh();0.01;0.1;30;26;TRAIN;97.0;0.113569;2.379835
cuda;12000;100;CrossEntropyLoss();43;7840;Tanh();0.01;0.1;30;26;VAL;95.8;0.151599;0.582421
cuda;48000;100;CrossEntropyLoss();43;7840;Tanh();0.01;0.1;30;27;TRAIN;97.1;0.109831;2.402134
cuda;12000;100;CrossEntropyLoss();43;7840;Tanh();0.01;0.1;30;27;VAL;95.9;0.148071;0.709693
cuda;48000;100;CrossEntropyLoss();43;7840;Tanh();0.01;0.1;30;28;TRAIN;97.2;0.106097;2.655989
cuda;12000;100;CrossEntropyLoss();43;7840;Tanh();0.01;0.1;30;28;VAL;95.8;0.145872;0.563108
cuda;48000;100;CrossEntropyLoss();43;7840;Tanh();0.01;0.1;30;29;TRAIN;97.2;0.102709;2.358180
cuda;12000;100;CrossEntropyLoss();43;7840;Tanh();0.01;0.1;30;29;VAL;96.0;0.141935;0.630335
cuda;48000;100;CrossEntropyLoss();43;7840;Tanh();0.01;0.1;30;30;TRAIN;97.4;0.099359;2.701063
cuda;12000;100;CrossEntropyLoss();43;7840;Tanh();0.01;0.1;30;30;VAL;96.1;0.140596;0.576279
cuda;48000;100;CrossEntropyLoss();43;7840;Tanh();0.01;0.5;30;1;TRAIN;89.3;0.379276;2.367085
cuda;12000;100;CrossEntropyLoss();43;7840;Tanh();0.01;0.5;30;1;VAL;91.2;0.310304;0.590154
cuda;48000;100;CrossEntropyLoss();43;7840;Tanh();0.01;0.5;30;2;TRAIN;92.0;0.280584;2.739774
cuda;12000;100;CrossEntropyLoss();43;7840;Tanh();0.01;0.5;30;2;VAL;91.5;0.294331;0.643405
cuda;48000;100;CrossEntropyLoss();43;7840;Tanh();0.01;0.5;30;3;TRAIN;92.7;0.257064;2.382405
cuda;12000;100;CrossEntropyLoss();43;7840;Tanh();0.01;0.5;30;3;VAL;92.5;0.267074;0.619065
cuda;48000;100;CrossEntropyLoss();43;7840;Tanh();0.01;0.5;30;4;TRAIN;93.2;0.239279;2.551572
cuda;12000;100;CrossEntropyLoss();43;7840;Tanh();0.01;0.5;30;4;VAL;92.9;0.257348;0.689742
cuda;48000;100;CrossEntropyLoss();43;7840;Tanh();0.01;0.5;30;5;TRAIN;93.8;0.222852;2.417887
cuda;12000;100;CrossEntropyLoss();43;7840;Tanh();0.01;0.5;30;5;VAL;93.2;0.243204;0.583195
cuda;48000;100;CrossEntropyLoss();43;7840;Tanh();0.01;0.5;30;6;TRAIN;94.2;0.208467;2.377074
cuda;12000;100;CrossEntropyLoss();43;7840;Tanh();0.01;0.5;30;6;VAL;93.4;0.230731;0.662042
cuda;48000;100;CrossEntropyLoss();43;7840;Tanh();0.01;0.5;30;7;TRAIN;94.6;0.194681;2.655182
cuda;12000;100;CrossEntropyLoss();43;7840;Tanh();0.01;0.5;30;7;VAL;93.9;0.220784;0.578174
cuda;48000;100;CrossEntropyLoss();43;7840;Tanh();0.01;0.5;30;8;TRAIN;94.9;0.181957;2.403059
cuda;12000;100;CrossEntropyLoss();43;7840;Tanh();0.01;0.5;30;8;VAL;94.1;0.209961;0.580546
cuda;48000;100;CrossEntropyLoss();43;7840;Tanh();0.01;0.5;30;9;TRAIN;95.3;0.169586;2.676280
cuda;12000;100;CrossEntropyLoss();43;7840;Tanh();0.01;0.5;30;9;VAL;94.6;0.196999;0.601075
cuda;48000;100;CrossEntropyLoss();43;7840;Tanh();0.01;0.5;30;10;TRAIN;95.6;0.158104;2.554918
cuda;12000;100;CrossEntropyLoss();43;7840;Tanh();0.01;0.5;30;10;VAL;94.9;0.187693;0.595401
cuda;48000;100;CrossEntropyLoss();43;7840;Tanh();0.01;0.5;30;11;TRAIN;96.0;0.147412;2.707456
cuda;12000;100;CrossEntropyLoss();43;7840;Tanh();0.01;0.5;30;11;VAL;94.8;0.183230;0.621637
cuda;48000;100;CrossEntropyLoss();43;7840;Tanh();0.01;0.5;30;12;TRAIN;96.2;0.138185;2.423861
cuda;12000;100;CrossEntropyLoss();43;7840;Tanh();0.01;0.5;30;12;VAL;95.3;0.170375;0.618824
cuda;48000;100;CrossEntropyLoss();43;7840;Tanh();0.01;0.5;30;13;TRAIN;96.5;0.129492;2.540530
cuda;12000;100;CrossEntropyLoss();43;7840;Tanh();0.01;0.5;30;13;VAL;95.4;0.165023;0.637068
cuda;48000;100;CrossEntropyLoss();43;7840;Tanh();0.01;0.5;30;14;TRAIN;96.7;0.121323;2.424889
cuda;12000;100;CrossEntropyLoss();43;7840;Tanh();0.01;0.5;30;14;VAL;95.5;0.157454;0.574855
cuda;48000;100;CrossEntropyLoss();43;7840;Tanh();0.01;0.5;30;15;TRAIN;96.9;0.114335;2.455104
cuda;12000;100;CrossEntropyLoss();43;7840;Tanh();0.01;0.5;30;15;VAL;95.7;0.150859;0.781246
cuda;48000;100;CrossEntropyLoss();43;7840;Tanh();0.01;0.5;30;16;TRAIN;97.1;0.107417;2.547414
cuda;12000;100;CrossEntropyLoss();43;7840;Tanh();0.01;0.5;30;16;VAL;95.9;0.147649;0.563691
cuda;48000;100;CrossEntropyLoss();43;7840;Tanh();0.01;0.5;30;17;TRAIN;97.2;0.101700;2.356411
cuda;12000;100;CrossEntropyLoss();43;7840;Tanh();0.01;0.5;30;17;VAL;96.1;0.138632;0.595654
cuda;48000;100;CrossEntropyLoss();43;7840;Tanh();0.01;0.5;30;18;TRAIN;97.5;0.095865;2.735377
cuda;12000;100;CrossEntropyLoss();43;7840;Tanh();0.01;0.5;30;18;VAL;96.1;0.137709;0.575234
cuda;48000;100;CrossEntropyLoss();43;7840;Tanh();0.01;0.5;30;19;TRAIN;97.6;0.090797;2.386037
cuda;12000;100;CrossEntropyLoss();43;7840;Tanh();0.01;0.5;30;19;VAL;96.2;0.131458;0.590911
cuda;48000;100;CrossEntropyLoss();43;7840;Tanh();0.01;0.5;30;20;TRAIN;97.7;0.085965;2.650827
cuda;12000;100;CrossEntropyLoss();43;7840;Tanh();0.01;0.5;30;20;VAL;96.2;0.126753;0.636699
cuda;48000;100;CrossEntropyLoss();43;7840;Tanh();0.01;0.5;30;21;TRAIN;97.9;0.081053;2.367559
cuda;12000;100;CrossEntropyLoss();43;7840;Tanh();0.01;0.5;30;21;VAL;96.3;0.125771;0.614617
cuda;48000;100;CrossEntropyLoss();43;7840;Tanh();0.01;0.5;30;22;TRAIN;98.0;0.077135;2.517586
cuda;12000;100;CrossEntropyLoss();43;7840;Tanh();0.01;0.5;30;22;VAL;96.4;0.120044;0.694915
cuda;48000;100;CrossEntropyLoss();43;7840;Tanh();0.01;0.5;30;23;TRAIN;98.1;0.073697;2.531199
cuda;12000;100;CrossEntropyLoss();43;7840;Tanh();0.01;0.5;30;23;VAL;96.6;0.118987;0.602141
cuda;48000;100;CrossEntropyLoss();43;7840;Tanh();0.01;0.5;30;24;TRAIN;98.2;0.069637;2.363676
cuda;12000;100;CrossEntropyLoss();43;7840;Tanh();0.01;0.5;30;24;VAL;96.7;0.116808;0.657832
cuda;48000;100;CrossEntropyLoss();43;7840;Tanh();0.01;0.5;30;25;TRAIN;98.2;0.066777;2.638063
cuda;12000;100;CrossEntropyLoss();43;7840;Tanh();0.01;0.5;30;25;VAL;96.7;0.112625;0.593918
cuda;48000;100;CrossEntropyLoss();43;7840;Tanh();0.01;0.5;30;26;TRAIN;98.4;0.063408;2.378479
cuda;12000;100;CrossEntropyLoss();43;7840;Tanh();0.01;0.5;30;26;VAL;96.7;0.114212;0.600291
cuda;48000;100;CrossEntropyLoss();43;7840;Tanh();0.01;0.5;30;27;TRAIN;98.5;0.060562;2.713558
cuda;12000;100;CrossEntropyLoss();43;7840;Tanh();0.01;0.5;30;27;VAL;96.8;0.107679;0.567060
cuda;48000;100;CrossEntropyLoss();43;7840;Tanh();0.01;0.5;30;28;TRAIN;98.6;0.057446;2.343647
cuda;12000;100;CrossEntropyLoss();43;7840;Tanh();0.01;0.5;30;28;VAL;96.9;0.109273;0.586893
cuda;48000;100;CrossEntropyLoss();43;7840;Tanh();0.01;0.5;30;29;TRAIN;98.6;0.055129;2.633221
cuda;12000;100;CrossEntropyLoss();43;7840;Tanh();0.01;0.5;30;29;VAL;97.0;0.104073;0.669443
cuda;48000;100;CrossEntropyLoss();43;7840;Tanh();0.01;0.5;30;30;TRAIN;98.7;0.052666;2.438691
cuda;12000;100;CrossEntropyLoss();43;7840;Tanh();0.01;0.5;30;30;VAL;96.9;0.104759;0.606960
cuda;48000;100;CrossEntropyLoss();43;7840;Tanh();0.01;0.9;30;1;TRAIN;89.7;0.354186;2.618881
cuda;12000;100;CrossEntropyLoss();43;7840;Tanh();0.01;0.9;30;1;VAL;91.6;0.297810;0.706650
cuda;48000;100;CrossEntropyLoss();43;7840;Tanh();0.01;0.9;30;2;TRAIN;92.9;0.248960;2.447265
cuda;12000;100;CrossEntropyLoss();43;7840;Tanh();0.01;0.9;30;2;VAL;93.3;0.238557;0.569988
cuda;48000;100;CrossEntropyLoss();43;7840;Tanh();0.01;0.9;30;3;TRAIN;94.4;0.189705;2.372275
cuda;12000;100;CrossEntropyLoss();43;7840;Tanh();0.01;0.9;30;3;VAL;94.5;0.190895;0.678387
cuda;48000;100;CrossEntropyLoss();43;7840;Tanh();0.01;0.9;30;4;TRAIN;95.9;0.138612;2.594616
cuda;12000;100;CrossEntropyLoss();43;7840;Tanh();0.01;0.9;30;4;VAL;95.4;0.160567;0.566906
cuda;48000;100;CrossEntropyLoss();43;7840;Tanh();0.01;0.9;30;5;TRAIN;96.6;0.112374;2.488739
cuda;12000;100;CrossEntropyLoss();43;7840;Tanh();0.01;0.9;30;5;VAL;95.0;0.161130;0.585070
cuda;48000;100;CrossEntropyLoss();43;7840;Tanh();0.01;0.9;30;6;TRAIN;97.3;0.090197;2.835637
cuda;12000;100;CrossEntropyLoss();43;7840;Tanh();0.01;0.9;30;6;VAL;96.4;0.124696;0.570222
cuda;48000;100;CrossEntropyLoss();43;7840;Tanh();0.01;0.9;30;7;TRAIN;97.8;0.072592;2.405703
cuda;12000;100;CrossEntropyLoss();43;7840;Tanh();0.01;0.9;30;7;VAL;96.3;0.126437;0.589796
cuda;48000;100;CrossEntropyLoss();43;7840;Tanh();0.01;0.9;30;8;TRAIN;98.1;0.062686;2.628268
cuda;12000;100;CrossEntropyLoss();43;7840;Tanh();0.01;0.9;30;8;VAL;97.2;0.098552;0.654551
cuda;48000;100;CrossEntropyLoss();43;7840;Tanh();0.01;0.9;30;9;TRAIN;98.6;0.047013;2.417058
cuda;12000;100;CrossEntropyLoss();43;7840;Tanh();0.01;0.9;30;9;VAL;97.0;0.097993;0.575197
cuda;48000;100;CrossEntropyLoss();43;7840;Tanh();0.01;0.9;30;10;TRAIN;98.8;0.040229;2.498455
cuda;12000;100;CrossEntropyLoss();43;7840;Tanh();0.01;0.9;30;10;VAL;97.4;0.090637;0.672965
cuda;48000;100;CrossEntropyLoss();43;7840;Tanh();0.01;0.9;30;11;TRAIN;99.1;0.032458;2.556521
cuda;12000;100;CrossEntropyLoss();43;7840;Tanh();0.01;0.9;30;11;VAL;97.4;0.088049;0.570201
cuda;48000;100;CrossEntropyLoss();43;7840;Tanh();0.01;0.9;30;12;TRAIN;99.2;0.027573;2.392148
cuda;12000;100;CrossEntropyLoss();43;7840;Tanh();0.01;0.9;30;12;VAL;97.2;0.094084;0.659771
cuda;48000;100;CrossEntropyLoss();43;7840;Tanh();0.01;0.9;30;13;TRAIN;99.4;0.023946;2.606400
cuda;12000;100;CrossEntropyLoss();43;7840;Tanh();0.01;0.9;30;13;VAL;97.5;0.087613;0.632314
cuda;48000;100;CrossEntropyLoss();43;7840;Tanh();0.01;0.9;30;14;TRAIN;99.5;0.020016;2.370398
cuda;12000;100;CrossEntropyLoss();43;7840;Tanh();0.01;0.9;30;14;VAL;97.5;0.087699;0.564429
cuda;48000;100;CrossEntropyLoss();43;7840;Tanh();0.01;0.9;30;15;TRAIN;99.7;0.016470;2.704263
cuda;12000;100;CrossEntropyLoss();43;7840;Tanh();0.01;0.9;30;15;VAL;97.6;0.080435;0.601707
cuda;48000;100;CrossEntropyLoss();43;7840;Tanh();0.01;0.9;30;16;TRAIN;99.8;0.013485;2.383535
cuda;12000;100;CrossEntropyLoss();43;7840;Tanh();0.01;0.9;30;16;VAL;97.5;0.085967;0.574857
cuda;48000;100;CrossEntropyLoss();43;7840;Tanh();0.01;0.9;30;17;TRAIN;99.9;0.011194;2.635898
cuda;12000;100;CrossEntropyLoss();43;7840;Tanh();0.01;0.9;30;17;VAL;97.7;0.081310;0.650153
cuda;48000;100;CrossEntropyLoss();43;7840;Tanh();0.01;0.9;30;18;TRAIN;99.8;0.010580;2.357589
cuda;12000;100;CrossEntropyLoss();43;7840;Tanh();0.01;0.9;30;18;VAL;97.8;0.080233;0.589554
cuda;48000;100;CrossEntropyLoss();43;7840;Tanh();0.01;0.9;30;19;TRAIN;99.9;0.008797;2.481097
cuda;12000;100;CrossEntropyLoss();43;7840;Tanh();0.01;0.9;30;19;VAL;97.6;0.082814;0.678550
cuda;48000;100;CrossEntropyLoss();43;7840;Tanh();0.01;0.9;30;20;TRAIN;99.9;0.007567;2.463666
cuda;12000;100;CrossEntropyLoss();43;7840;Tanh();0.01;0.9;30;20;VAL;97.7;0.079882;0.617513
cuda;48000;100;CrossEntropyLoss();43;7840;Tanh();0.01;0.9;30;21;TRAIN;99.9;0.006913;2.335864
cuda;12000;100;CrossEntropyLoss();43;7840;Tanh();0.01;0.9;30;21;VAL;97.8;0.078544;0.678352
cuda;48000;100;CrossEntropyLoss();43;7840;Tanh();0.01;0.9;30;22;TRAIN;99.9;0.006036;2.604936
cuda;12000;100;CrossEntropyLoss();43;7840;Tanh();0.01;0.9;30;22;VAL;97.9;0.081099;0.579199
cuda;48000;100;CrossEntropyLoss();43;7840;Tanh();0.01;0.9;30;23;TRAIN;100.0;0.005594;2.366609
cuda;12000;100;CrossEntropyLoss();43;7840;Tanh();0.01;0.9;30;23;VAL;97.8;0.078836;0.573068
cuda;48000;100;CrossEntropyLoss();43;7840;Tanh();0.01;0.9;30;24;TRAIN;100.0;0.004844;2.737719
cuda;12000;100;CrossEntropyLoss();43;7840;Tanh();0.01;0.9;30;24;VAL;97.8;0.079742;0.587115
cuda;48000;100;CrossEntropyLoss();43;7840;Tanh();0.01;0.9;30;25;TRAIN;100.0;0.004461;2.380585
cuda;12000;100;CrossEntropyLoss();43;7840;Tanh();0.01;0.9;30;25;VAL;97.8;0.080067;0.580923
cuda;48000;100;CrossEntropyLoss();43;7840;Tanh();0.01;0.9;30;26;TRAIN;100.0;0.004138;2.608881
cuda;12000;100;CrossEntropyLoss();43;7840;Tanh();0.01;0.9;30;26;VAL;97.9;0.079394;0.654711
cuda;48000;100;CrossEntropyLoss();43;7840;Tanh();0.01;0.9;30;27;TRAIN;100.0;0.003776;2.381258
cuda;12000;100;CrossEntropyLoss();43;7840;Tanh();0.01;0.9;30;27;VAL;97.8;0.078976;0.565065
cuda;48000;100;CrossEntropyLoss();43;7840;Tanh();0.01;0.9;30;28;TRAIN;100.0;0.003633;2.617693
cuda;12000;100;CrossEntropyLoss();43;7840;Tanh();0.01;0.9;30;28;VAL;97.9;0.080484;0.681877
cuda;48000;100;CrossEntropyLoss();43;7840;Tanh();0.01;0.9;30;29;TRAIN;100.0;0.003318;2.527488
cuda;12000;100;CrossEntropyLoss();43;7840;Tanh();0.01;0.9;30;29;VAL;97.9;0.079778;0.584777
cuda;48000;100;CrossEntropyLoss();43;7840;Tanh();0.01;0.9;30;30;TRAIN;100.0;0.003118;2.435653
cuda;12000;100;CrossEntropyLoss();43;7840;Tanh();0.01;0.9;30;30;VAL;97.9;0.080037;0.585171
cuda;48000;100;CrossEntropyLoss();43;7840;Tanh();0.1;0.1;30;1;TRAIN;89.2;0.383668;2.647713
cuda;12000;100;CrossEntropyLoss();43;7840;Tanh();0.1;0.1;30;1;VAL;90.5;0.332421;0.584820
cuda;48000;100;CrossEntropyLoss();43;7840;Tanh();0.1;0.1;30;2;TRAIN;92.3;0.269441;2.482354
cuda;12000;100;CrossEntropyLoss();43;7840;Tanh();0.1;0.1;30;2;VAL;92.7;0.255118;0.573489
cuda;48000;100;CrossEntropyLoss();43;7840;Tanh();0.1;0.1;30;3;TRAIN;93.9;0.206818;2.742203
cuda;12000;100;CrossEntropyLoss();43;7840;Tanh();0.1;0.1;30;3;VAL;94.4;0.208247;0.592573
cuda;48000;100;CrossEntropyLoss();43;7840;Tanh();0.1;0.1;30;4;TRAIN;95.4;0.153603;2.425619
cuda;12000;100;CrossEntropyLoss();43;7840;Tanh();0.1;0.1;30;4;VAL;95.1;0.172029;0.597179
cuda;48000;100;CrossEntropyLoss();43;7840;Tanh();0.1;0.1;30;5;TRAIN;96.4;0.119943;2.585192
cuda;12000;100;CrossEntropyLoss();43;7840;Tanh();0.1;0.1;30;5;VAL;95.5;0.157128;0.647340
cuda;48000;100;CrossEntropyLoss();43;7840;Tanh();0.1;0.1;30;6;TRAIN;97.1;0.094709;2.396243
cuda;12000;100;CrossEntropyLoss();43;7840;Tanh();0.1;0.1;30;6;VAL;96.3;0.125660;0.574391
cuda;48000;100;CrossEntropyLoss();43;7840;Tanh();0.1;0.1;30;7;TRAIN;97.6;0.077129;2.458019
cuda;12000;100;CrossEntropyLoss();43;7840;Tanh();0.1;0.1;30;7;VAL;96.3;0.124147;0.697135
cuda;48000;100;CrossEntropyLoss();43;7840;Tanh();0.1;0.1;30;8;TRAIN;98.1;0.062141;2.474551
cuda;12000;100;CrossEntropyLoss();43;7840;Tanh();0.1;0.1;30;8;VAL;96.8;0.108257;0.592503
cuda;48000;100;CrossEntropyLoss();43;7840;Tanh();0.1;0.1;30;9;TRAIN;98.4;0.049563;2.359593
cuda;12000;100;CrossEntropyLoss();43;7840;Tanh();0.1;0.1;30;9;VAL;97.3;0.097695;0.594822
cuda;48000;100;CrossEntropyLoss();43;7840;Tanh();0.1;0.1;30;10;TRAIN;98.8;0.040554;2.833821
cuda;12000;100;CrossEntropyLoss();43;7840;Tanh();0.1;0.1;30;10;VAL;97.3;0.093686;0.569079
cuda;48000;100;CrossEntropyLoss();43;7840;Tanh();0.1;0.1;30;11;TRAIN;99.0;0.032680;2.342594
cuda;12000;100;CrossEntropyLoss();43;7840;Tanh();0.1;0.1;30;11;VAL;97.4;0.088581;0.600059
cuda;48000;100;CrossEntropyLoss();43;7840;Tanh();0.1;0.1;30;12;TRAIN;99.4;0.025640;2.696679
cuda;12000;100;CrossEntropyLoss();43;7840;Tanh();0.1;0.1;30;12;VAL;97.3;0.094933;0.604854
cuda;48000;100;CrossEntropyLoss();43;7840;Tanh();0.1;0.1;30;13;TRAIN;99.5;0.021869;2.336881
cuda;12000;100;CrossEntropyLoss();43;7840;Tanh();0.1;0.1;30;13;VAL;97.6;0.086944;0.573067
cuda;48000;100;CrossEntropyLoss();43;7840;Tanh();0.1;0.1;30;14;TRAIN;99.6;0.017645;2.518807
cuda;12000;100;CrossEntropyLoss();43;7840;Tanh();0.1;0.1;30;14;VAL;97.6;0.085206;0.658757
cuda;48000;100;CrossEntropyLoss();43;7840;Tanh();0.1;0.1;30;15;TRAIN;99.7;0.014330;2.503558
cuda;12000;100;CrossEntropyLoss();43;7840;Tanh();0.1;0.1;30;15;VAL;97.7;0.082201;0.584989
cuda;48000;100;CrossEntropyLoss();43;7840;Tanh();0.1;0.1;30;16;TRAIN;99.7;0.012407;2.367785
cuda;12000;100;CrossEntropyLoss();43;7840;Tanh();0.1;0.1;30;16;VAL;97.7;0.080471;0.686167
cuda;48000;100;CrossEntropyLoss();43;7840;Tanh();0.1;0.1;30;17;TRAIN;99.8;0.010316;2.581747
cuda;12000;100;CrossEntropyLoss();43;7840;Tanh();0.1;0.1;30;17;VAL;97.7;0.080984;0.593060
cuda;48000;100;CrossEntropyLoss();43;7840;Tanh();0.1;0.1;30;18;TRAIN;99.9;0.008915;2.355728
cuda;12000;100;CrossEntropyLoss();43;7840;Tanh();0.1;0.1;30;18;VAL;97.8;0.078560;0.561882
cuda;48000;100;CrossEntropyLoss();43;7840;Tanh();0.1;0.1;30;19;TRAIN;99.9;0.007487;2.741079
cuda;12000;100;CrossEntropyLoss();43;7840;Tanh();0.1;0.1;30;19;VAL;97.8;0.077893;0.576879
cuda;48000;100;CrossEntropyLoss();43;7840;Tanh();0.1;0.1;30;20;TRAIN;100.0;0.006655;2.454205
cuda;12000;100;CrossEntropyLoss();43;7840;Tanh();0.1;0.1;30;20;VAL;97.8;0.079136;0.568286
cuda;48000;100;CrossEntropyLoss();43;7840;Tanh();0.1;0.1;30;21;TRAIN;100.0;0.005823;2.667068
cuda;12000;100;CrossEntropyLoss();43;7840;Tanh();0.1;0.1;30;21;VAL;97.7;0.081641;0.613153
cuda;48000;100;CrossEntropyLoss();43;7840;Tanh();0.1;0.1;30;22;TRAIN;100.0;0.005258;2.349760
cuda;12000;100;CrossEntropyLoss();43;7840;Tanh();0.1;0.1;30;22;VAL;97.8;0.079785;0.581914
cuda;48000;100;CrossEntropyLoss();43;7840;Tanh();0.1;0.1;30;23;TRAIN;100.0;0.004583;2.562649
cuda;12000;100;CrossEntropyLoss();43;7840;Tanh();0.1;0.1;30;23;VAL;97.8;0.080387;0.685404
cuda;48000;100;CrossEntropyLoss();43;7840;Tanh();0.1;0.1;30;24;TRAIN;100.0;0.004242;2.488318
cuda;12000;100;CrossEntropyLoss();43;7840;Tanh();0.1;0.1;30;24;VAL;97.8;0.079959;0.575725
cuda;48000;100;CrossEntropyLoss();43;7840;Tanh();0.1;0.1;30;25;TRAIN;100.0;0.003923;2.472290
cuda;12000;100;CrossEntropyLoss();43;7840;Tanh();0.1;0.1;30;25;VAL;97.7;0.080508;0.698523
cuda;48000;100;CrossEntropyLoss();43;7840;Tanh();0.1;0.1;30;26;TRAIN;100.0;0.003538;2.544233
cuda;12000;100;CrossEntropyLoss();43;7840;Tanh();0.1;0.1;30;26;VAL;97.8;0.079918;0.572550
cuda;48000;100;CrossEntropyLoss();43;7840;Tanh();0.1;0.1;30;27;TRAIN;100.0;0.003243;2.363682
cuda;12000;100;CrossEntropyLoss();43;7840;Tanh();0.1;0.1;30;27;VAL;97.8;0.081010;0.577635
cuda;48000;100;CrossEntropyLoss();43;7840;Tanh();0.1;0.1;30;28;TRAIN;100.0;0.003058;2.709386
cuda;12000;100;CrossEntropyLoss();43;7840;Tanh();0.1;0.1;30;28;VAL;97.8;0.080547;0.577641
cuda;48000;100;CrossEntropyLoss();43;7840;Tanh();0.1;0.1;30;29;TRAIN;100.0;0.002856;2.407032
cuda;12000;100;CrossEntropyLoss();43;7840;Tanh();0.1;0.1;30;29;VAL;97.8;0.080166;0.589584
cuda;48000;100;CrossEntropyLoss();43;7840;Tanh();0.1;0.1;30;30;TRAIN;100.0;0.002680;2.643931
cuda;12000;100;CrossEntropyLoss();43;7840;Tanh();0.1;0.1;30;30;VAL;97.8;0.080161;0.635335
cuda;48000;100;CrossEntropyLoss();43;7840;Tanh();0.1;0.5;30;1;TRAIN;88.5;0.438403;2.369633
cuda;12000;100;CrossEntropyLoss();43;7840;Tanh();0.1;0.5;30;1;VAL;90.7;0.345832;0.564106
cuda;48000;100;CrossEntropyLoss();43;7840;Tanh();0.1;0.5;30;2;TRAIN;92.2;0.281508;2.454729
cuda;12000;100;CrossEntropyLoss();43;7840;Tanh();0.1;0.5;30;2;VAL;91.6;0.294932;0.691022
cuda;48000;100;CrossEntropyLoss();43;7840;Tanh();0.1;0.5;30;3;TRAIN;95.0;0.177430;2.543534
cuda;12000;100;CrossEntropyLoss();43;7840;Tanh();0.1;0.5;30;3;VAL;95.6;0.164778;0.575295
cuda;48000;100;CrossEntropyLoss();43;7840;Tanh();0.1;0.5;30;4;TRAIN;96.3;0.124066;2.458032
cuda;12000;100;CrossEntropyLoss();43;7840;Tanh();0.1;0.5;30;4;VAL;95.4;0.155286;0.679302
cuda;48000;100;CrossEntropyLoss();43;7840;Tanh();0.1;0.5;30;5;TRAIN;97.3;0.087900;2.622878
cuda;12000;100;CrossEntropyLoss();43;7840;Tanh();0.1;0.5;30;5;VAL;96.8;0.113437;0.583069
cuda;48000;100;CrossEntropyLoss();43;7840;Tanh();0.1;0.5;30;6;TRAIN;98.0;0.063857;2.577836
cuda;12000;100;CrossEntropyLoss();43;7840;Tanh();0.1;0.5;30;6;VAL;96.5;0.125826;0.581248
cuda;48000;100;CrossEntropyLoss();43;7840;Tanh();0.1;0.5;30;7;TRAIN;98.4;0.048731;2.705305
cuda;12000;100;CrossEntropyLoss();43;7840;Tanh();0.1;0.5;30;7;VAL;97.4;0.101221;0.590099
cuda;48000;100;CrossEntropyLoss();43;7840;Tanh();0.1;0.5;30;8;TRAIN;98.9;0.033967;2.345257
cuda;12000;100;CrossEntropyLoss();43;7840;Tanh();0.1;0.5;30;8;VAL;97.3;0.107394;0.620197
cuda;48000;100;CrossEntropyLoss();43;7840;Tanh();0.1;0.5;30;9;TRAIN;99.2;0.024788;2.686895
cuda;12000;100;CrossEntropyLoss();43;7840;Tanh();0.1;0.5;30;9;VAL;97.5;0.089117;0.653433
cuda;48000;100;CrossEntropyLoss();43;7840;Tanh();0.1;0.5;30;10;TRAIN;99.6;0.015604;2.429092
cuda;12000;100;CrossEntropyLoss();43;7840;Tanh();0.1;0.5;30;10;VAL;97.7;0.084991;0.579783
cuda;48000;100;CrossEntropyLoss();43;7840;Tanh();0.1;0.5;30;11;TRAIN;99.7;0.011431;2.571280
cuda;12000;100;CrossEntropyLoss();43;7840;Tanh();0.1;0.5;30;11;VAL;98.0;0.078243;0.639474
cuda;48000;100;CrossEntropyLoss();43;7840;Tanh();0.1;0.5;30;12;TRAIN;99.9;0.007900;2.434513
cuda;12000;100;CrossEntropyLoss();43;7840;Tanh();0.1;0.5;30;12;VAL;97.8;0.080161;0.596204
cuda;48000;100;CrossEntropyLoss();43;7840;Tanh();0.1;0.5;30;13;TRAIN;99.9;0.005421;2.369969
cuda;12000;100;CrossEntropyLoss();43;7840;Tanh();0.1;0.5;30;13;VAL;98.0;0.080980;0.692199
cuda;48000;100;CrossEntropyLoss();43;7840;Tanh();0.1;0.5;30;14;TRAIN;100.0;0.004011;2.589189
cuda;12000;100;CrossEntropyLoss();43;7840;Tanh();0.1;0.5;30;14;VAL;98.0;0.075941;0.587683
cuda;48000;100;CrossEntropyLoss();43;7840;Tanh();0.1;0.5;30;15;TRAIN;100.0;0.003192;2.375941
cuda;12000;100;CrossEntropyLoss();43;7840;Tanh();0.1;0.5;30;15;VAL;98.1;0.077900;0.585345
cuda;48000;100;CrossEntropyLoss();43;7840;Tanh();0.1;0.5;30;16;TRAIN;100.0;0.002661;2.748064
cuda;12000;100;CrossEntropyLoss();43;7840;Tanh();0.1;0.5;30;16;VAL;98.0;0.077523;0.570120
cuda;48000;100;CrossEntropyLoss();43;7840;Tanh();0.1;0.5;30;17;TRAIN;100.0;0.002411;2.340350
cuda;12000;100;CrossEntropyLoss();43;7840;Tanh();0.1;0.5;30;17;VAL;98.1;0.078246;0.624479
cuda;48000;100;CrossEntropyLoss();43;7840;Tanh();0.1;0.5;30;18;TRAIN;100.0;0.002054;3.164246
cuda;12000;100;CrossEntropyLoss();43;7840;Tanh();0.1;0.5;30;18;VAL;98.0;0.077453;0.598815
cuda;48000;100;CrossEntropyLoss();43;7840;Tanh();0.1;0.5;30;19;TRAIN;100.0;0.001906;2.384666
cuda;12000;100;CrossEntropyLoss();43;7840;Tanh();0.1;0.5;30;19;VAL;98.0;0.078926;0.584011
cuda;48000;100;CrossEntropyLoss();43;7840;Tanh();0.1;0.5;30;20;TRAIN;100.0;0.001745;2.610854
cuda;12000;100;CrossEntropyLoss();43;7840;Tanh();0.1;0.5;30;20;VAL;98.1;0.078636;0.663896
cuda;48000;100;CrossEntropyLoss();43;7840;Tanh();0.1;0.5;30;21;TRAIN;100.0;0.001599;2.400270
cuda;12000;100;CrossEntropyLoss();43;7840;Tanh();0.1;0.5;30;21;VAL;98.0;0.079314;0.588622
cuda;48000;100;CrossEntropyLoss();43;7840;Tanh();0.1;0.5;30;22;TRAIN;100.0;0.001516;2.438283
cuda;12000;100;CrossEntropyLoss();43;7840;Tanh();0.1;0.5;30;22;VAL;98.0;0.079129;0.671242
cuda;48000;100;CrossEntropyLoss();43;7840;Tanh();0.1;0.5;30;23;TRAIN;100.0;0.001384;2.554997
cuda;12000;100;CrossEntropyLoss();43;7840;Tanh();0.1;0.5;30;23;VAL;98.0;0.079527;0.599452
cuda;48000;100;CrossEntropyLoss();43;7840;Tanh();0.1;0.5;30;24;TRAIN;100.0;0.001331;2.416215
cuda;12000;100;CrossEntropyLoss();43;7840;Tanh();0.1;0.5;30;24;VAL;98.1;0.079056;0.598493
cuda;48000;100;CrossEntropyLoss();43;7840;Tanh();0.1;0.5;30;25;TRAIN;100.0;0.001232;2.669183
cuda;12000;100;CrossEntropyLoss();43;7840;Tanh();0.1;0.5;30;25;VAL;98.1;0.079625;0.568103
cuda;48000;100;CrossEntropyLoss();43;7840;Tanh();0.1;0.5;30;26;TRAIN;100.0;0.001168;2.339782
cuda;12000;100;CrossEntropyLoss();43;7840;Tanh();0.1;0.5;30;26;VAL;98.1;0.080014;0.594355
cuda;48000;100;CrossEntropyLoss();43;7840;Tanh();0.1;0.5;30;27;TRAIN;100.0;0.001129;2.618831
cuda;12000;100;CrossEntropyLoss();43;7840;Tanh();0.1;0.5;30;27;VAL;98.1;0.079932;0.639323
cuda;48000;100;CrossEntropyLoss();43;7840;Tanh();0.1;0.5;30;28;TRAIN;100.0;0.001068;2.352277
cuda;12000;100;CrossEntropyLoss();43;7840;Tanh();0.1;0.5;30;28;VAL;98.0;0.080154;0.569874
cuda;48000;100;CrossEntropyLoss();43;7840;Tanh();0.1;0.5;30;29;TRAIN;100.0;0.001014;2.485590
cuda;12000;100;CrossEntropyLoss();43;7840;Tanh();0.1;0.5;30;29;VAL;98.0;0.080560;0.684310
cuda;48000;100;CrossEntropyLoss();43;7840;Tanh();0.1;0.5;30;30;TRAIN;100.0;0.000973;2.438284
cuda;12000;100;CrossEntropyLoss();43;7840;Tanh();0.1;0.5;30;30;VAL;98.1;0.080219;0.568349
cuda;48000;100;CrossEntropyLoss();43;7840;Tanh();0.1;0.9;30;1;TRAIN;86.0;4.788382;2.382117
cuda;12000;100;CrossEntropyLoss();43;7840;Tanh();0.1;0.9;30;1;VAL;87.9;6.300479;0.641145
cuda;48000;100;CrossEntropyLoss();43;7840;Tanh();0.1;0.9;30;2;TRAIN;92.6;3.193184;2.607467
cuda;12000;100;CrossEntropyLoss();43;7840;Tanh();0.1;0.9;30;2;VAL;92.6;3.160949;0.582639
cuda;48000;100;CrossEntropyLoss();43;7840;Tanh();0.1;0.9;30;3;TRAIN;94.1;2.525851;2.416690
cuda;12000;100;CrossEntropyLoss();43;7840;Tanh();0.1;0.9;30;3;VAL;93.1;3.263583;0.580992
cuda;48000;100;CrossEntropyLoss();43;7840;Tanh();0.1;0.9;30;4;TRAIN;94.7;2.280896;2.747301
cuda;12000;100;CrossEntropyLoss();43;7840;Tanh();0.1;0.9;30;4;VAL;95.2;2.404992;0.592613
cuda;48000;100;CrossEntropyLoss();43;7840;Tanh();0.1;0.9;30;5;TRAIN;95.2;2.085469;2.392882
cuda;12000;100;CrossEntropyLoss();43;7840;Tanh();0.1;0.9;30;5;VAL;96.1;1.776221;0.582563
cuda;48000;100;CrossEntropyLoss();43;7840;Tanh();0.1;0.9;30;6;TRAIN;95.5;1.937921;2.617774
cuda;12000;100;CrossEntropyLoss();43;7840;Tanh();0.1;0.9;30;6;VAL;95.2;2.598534;0.657032
cuda;48000;100;CrossEntropyLoss();43;7840;Tanh();0.1;0.9;30;7;TRAIN;95.7;1.936957;2.455762
cuda;12000;100;CrossEntropyLoss();43;7840;Tanh();0.1;0.9;30;7;VAL;96.0;1.930970;0.579019
cuda;48000;100;CrossEntropyLoss();43;7840;Tanh();0.1;0.9;30;8;TRAIN;96.0;1.591809;2.500772
cuda;12000;100;CrossEntropyLoss();43;7840;Tanh();0.1;0.9;30;8;VAL;94.5;2.783012;0.664517
cuda;48000;100;CrossEntropyLoss();43;7840;Tanh();0.1;0.9;30;9;TRAIN;96.0;1.684349;2.457377
cuda;12000;100;CrossEntropyLoss();43;7840;Tanh();0.1;0.9;30;9;VAL;96.0;2.057414;0.590380
cuda;48000;100;CrossEntropyLoss();43;7840;Tanh();0.1;0.9;30;10;TRAIN;96.5;1.436559;2.355374
cuda;12000;100;CrossEntropyLoss();43;7840;Tanh();0.1;0.9;30;10;VAL;96.7;1.801723;0.605663
cuda;48000;100;CrossEntropyLoss();43;7840;Tanh();0.1;0.9;30;11;TRAIN;97.0;1.181117;2.643169
cuda;12000;100;CrossEntropyLoss();43;7840;Tanh();0.1;0.9;30;11;VAL;95.3;2.700442;0.569545
cuda;48000;100;CrossEntropyLoss();43;7840;Tanh();0.1;0.9;30;12;TRAIN;96.9;1.235446;2.371392
cuda;12000;100;CrossEntropyLoss();43;7840;Tanh();0.1;0.9;30;12;VAL;96.0;1.938220;0.601604
cuda;48000;100;CrossEntropyLoss();43;7840;Tanh();0.1;0.9;30;13;TRAIN;97.0;1.126323;2.715305
cuda;12000;100;CrossEntropyLoss();43;7840;Tanh();0.1;0.9;30;13;VAL;95.2;2.555628;0.575188
cuda;48000;100;CrossEntropyLoss();43;7840;Tanh();0.1;0.9;30;14;TRAIN;96.8;1.298141;2.386966
cuda;12000;100;CrossEntropyLoss();43;7840;Tanh();0.1;0.9;30;14;VAL;95.5;2.420119;0.584795
cuda;48000;100;CrossEntropyLoss();43;7840;Tanh();0.1;0.9;30;15;TRAIN;96.9;1.211049;2.590096
cuda;12000;100;CrossEntropyLoss();43;7840;Tanh();0.1;0.9;30;15;VAL;95.8;2.120616;0.664125
cuda;48000;100;CrossEntropyLoss();43;7840;Tanh();0.1;0.9;30;16;TRAIN;97.3;1.015145;2.363019
cuda;12000;100;CrossEntropyLoss();43;7840;Tanh();0.1;0.9;30;16;VAL;96.3;1.788611;0.591864
cuda;48000;100;CrossEntropyLoss();43;7840;Tanh();0.1;0.9;30;17;TRAIN;97.5;0.857188;2.489643
cuda;12000;100;CrossEntropyLoss();43;7840;Tanh();0.1;0.9;30;17;VAL;96.8;1.420512;0.715473
cuda;48000;100;CrossEntropyLoss();43;7840;Tanh();0.1;0.9;30;18;TRAIN;97.7;0.826491;2.486975
cuda;12000;100;CrossEntropyLoss();43;7840;Tanh();0.1;0.9;30;18;VAL;95.9;2.165291;0.580615
cuda;48000;100;CrossEntropyLoss();43;7840;Tanh();0.1;0.9;30;19;TRAIN;97.2;1.023608;2.373097
cuda;12000;100;CrossEntropyLoss();43;7840;Tanh();0.1;0.9;30;19;VAL;96.6;1.810239;0.605036
cuda;48000;100;CrossEntropyLoss();43;7840;Tanh();0.1;0.9;30;20;TRAIN;97.8;0.725751;2.692305
cuda;12000;100;CrossEntropyLoss();43;7840;Tanh();0.1;0.9;30;20;VAL;96.6;1.820559;0.583300
cuda;48000;100;CrossEntropyLoss();43;7840;Tanh();0.1;0.9;30;21;TRAIN;97.8;0.695600;2.394809
cuda;12000;100;CrossEntropyLoss();43;7840;Tanh();0.1;0.9;30;21;VAL;96.5;1.812864;0.579477
cuda;48000;100;CrossEntropyLoss();43;7840;Tanh();0.1;0.9;30;22;TRAIN;97.7;0.788770;2.705862
cuda;12000;100;CrossEntropyLoss();43;7840;Tanh();0.1;0.9;30;22;VAL;96.6;1.740306;0.571717
cuda;48000;100;CrossEntropyLoss();43;7840;Tanh();0.1;0.9;30;23;TRAIN;97.6;0.865356;2.355795
cuda;12000;100;CrossEntropyLoss();43;7840;Tanh();0.1;0.9;30;23;VAL;96.9;1.743825;0.565353
cuda;48000;100;CrossEntropyLoss();43;7840;Tanh();0.1;0.9;30;24;TRAIN;98.0;0.651987;2.580406
cuda;12000;100;CrossEntropyLoss();43;7840;Tanh();0.1;0.9;30;24;VAL;97.2;1.456631;0.646323
cuda;48000;100;CrossEntropyLoss();43;7840;Tanh();0.1;0.9;30;25;TRAIN;97.8;0.739694;2.442709
cuda;12000;100;CrossEntropyLoss();43;7840;Tanh();0.1;0.9;30;25;VAL;96.5;1.755475;0.571782
cuda;48000;100;CrossEntropyLoss();43;7840;Tanh();0.1;0.9;30;26;TRAIN;98.0;0.709667;2.431203
cuda;12000;100;CrossEntropyLoss();43;7840;Tanh();0.1;0.9;30;26;VAL;97.1;1.434790;0.657605
cuda;48000;100;CrossEntropyLoss();43;7840;Tanh();0.1;0.9;30;27;TRAIN;98.1;0.608675;2.717675
cuda;12000;100;CrossEntropyLoss();43;7840;Tanh();0.1;0.9;30;27;VAL;96.9;1.774416;0.573524
cuda;48000;100;CrossEntropyLoss();43;7840;Tanh();0.1;0.9;30;28;TRAIN;98.1;0.651790;2.361628
cuda;12000;100;CrossEntropyLoss();43;7840;Tanh();0.1;0.9;30;28;VAL;96.1;1.944952;0.585992
cuda;48000;100;CrossEntropyLoss();43;7840;Tanh();0.1;0.9;30;29;TRAIN;98.0;0.694616;2.753170
cuda;12000;100;CrossEntropyLoss();43;7840;Tanh();0.1;0.9;30;29;VAL;96.9;1.752750;0.603759
cuda;48000;100;CrossEntropyLoss();43;7840;Tanh();0.1;0.9;30;30;TRAIN;98.1;0.618592;2.357110
cuda;12000;100;CrossEntropyLoss();43;7840;Tanh();0.1;0.9;30;30;VAL;96.9;1.606102;0.587115
cuda;10000;100;CrossEntropyLoss();43;784;Tanh();0.1;0.5;30;;TEST;98.2;0.064481;16.974270
cuda;48000;100;CrossEntropyLoss();689;28;Tanh();0.001;0.1;30;1;TRAIN;50.0;1.906133;21.732857
cuda;12000;100;CrossEntropyLoss();689;28;Tanh();0.001;0.1;30;1;VAL;71.7;1.607571;8.852724
cuda;48000;100;CrossEntropyLoss();689;28;Tanh();0.001;0.1;30;2;TRAIN;75.3;1.436594;2.856350
cuda;12000;100;CrossEntropyLoss();689;28;Tanh();0.001;0.1;30;2;VAL;77.6;1.298263;1.188768
cuda;48000;100;CrossEntropyLoss();689;28;Tanh();0.001;0.1;30;3;TRAIN;79.5;1.191726;2.394783
cuda;12000;100;CrossEntropyLoss();689;28;Tanh();0.001;0.1;30;3;VAL;80.7;1.102404;0.591808
cuda;48000;100;CrossEntropyLoss();689;28;Tanh();0.001;0.1;30;4;TRAIN;81.9;1.026932;2.599932
cuda;12000;100;CrossEntropyLoss();689;28;Tanh();0.001;0.1;30;4;VAL;82.8;0.964574;0.728393
cuda;48000;100;CrossEntropyLoss();689;28;Tanh();0.001;0.1;30;5;TRAIN;83.6;0.908184;2.423614
cuda;12000;100;CrossEntropyLoss();689;28;Tanh();0.001;0.1;30;5;VAL;84.1;0.863011;0.603839
cuda;48000;100;CrossEntropyLoss();689;28;Tanh();0.001;0.1;30;6;TRAIN;84.9;0.819057;2.480491
cuda;12000;100;CrossEntropyLoss();689;28;Tanh();0.001;0.1;30;6;VAL;85.2;0.785261;0.710683
cuda;48000;100;CrossEntropyLoss();689;28;Tanh();0.001;0.1;30;7;TRAIN;85.8;0.749820;2.433438
cuda;12000;100;CrossEntropyLoss();689;28;Tanh();0.001;0.1;30;7;VAL;86.1;0.724112;0.611283
cuda;48000;100;CrossEntropyLoss();689;28;Tanh();0.001;0.1;30;8;TRAIN;86.5;0.694507;2.362295
cuda;12000;100;CrossEntropyLoss();689;28;Tanh();0.001;0.1;30;8;VAL;86.8;0.674558;0.659197
cuda;48000;100;CrossEntropyLoss();689;28;Tanh();0.001;0.1;30;9;TRAIN;87.2;0.649394;2.658527
cuda;12000;100;CrossEntropyLoss();689;28;Tanh();0.001;0.1;30;9;VAL;87.3;0.633941;0.618930
cuda;48000;100;CrossEntropyLoss();689;28;Tanh();0.001;0.1;30;10;TRAIN;87.6;0.611973;2.335185
cuda;12000;100;CrossEntropyLoss();689;28;Tanh();0.001;0.1;30;10;VAL;87.7;0.600050;0.592180
cuda;48000;100;CrossEntropyLoss();689;28;Tanh();0.001;0.1;30;11;TRAIN;88.0;0.580497;2.709623
cuda;12000;100;CrossEntropyLoss();689;28;Tanh();0.001;0.1;30;11;VAL;88.1;0.571201;0.599153
cuda;48000;100;CrossEntropyLoss();689;28;Tanh();0.001;0.1;30;12;TRAIN;88.3;0.553643;2.382185
cuda;12000;100;CrossEntropyLoss();689;28;Tanh();0.001;0.1;30;12;VAL;88.4;0.546701;0.601396
cuda;48000;100;CrossEntropyLoss();689;28;Tanh();0.001;0.1;30;13;TRAIN;88.6;0.530521;2.695925
cuda;12000;100;CrossEntropyLoss();689;28;Tanh();0.001;0.1;30;13;VAL;88.6;0.525489;0.658048
cuda;48000;100;CrossEntropyLoss();689;28;Tanh();0.001;0.1;30;14;TRAIN;88.8;0.510410;2.406966
cuda;12000;100;CrossEntropyLoss();689;28;Tanh();0.001;0.1;30;14;VAL;88.8;0.506971;0.624048
cuda;48000;100;CrossEntropyLoss();689;28;Tanh();0.001;0.1;30;15;TRAIN;89.0;0.492798;2.363607
cuda;12000;100;CrossEntropyLoss();689;28;Tanh();0.001;0.1;30;15;VAL;88.9;0.490557;0.707160
cuda;48000;100;CrossEntropyLoss();689;28;Tanh();0.001;0.1;30;16;TRAIN;89.3;0.477181;2.673212
cuda;12000;100;CrossEntropyLoss();689;28;Tanh();0.001;0.1;30;16;VAL;89.1;0.476207;0.615593
cuda;48000;100;CrossEntropyLoss();689;28;Tanh();0.001;0.1;30;17;TRAIN;89.5;0.463287;2.398722
cuda;12000;100;CrossEntropyLoss();689;28;Tanh();0.001;0.1;30;17;VAL;89.3;0.463188;0.614431
cuda;48000;100;CrossEntropyLoss();689;28;Tanh();0.001;0.1;30;18;TRAIN;89.6;0.450802;2.807920
cuda;12000;100;CrossEntropyLoss();689;28;Tanh();0.001;0.1;30;18;VAL;89.4;0.451713;0.617970
cuda;48000;100;CrossEntropyLoss();689;28;Tanh();0.001;0.1;30;19;TRAIN;89.7;0.439549;2.386819
cuda;12000;100;CrossEntropyLoss();689;28;Tanh();0.001;0.1;30;19;VAL;89.5;0.441261;0.598939
cuda;48000;100;CrossEntropyLoss();689;28;Tanh();0.001;0.1;30;20;TRAIN;89.9;0.429356;2.656437
cuda;12000;100;CrossEntropyLoss();689;28;Tanh();0.001;0.1;30;20;VAL;89.6;0.431789;0.639088
cuda;48000;100;CrossEntropyLoss();689;28;Tanh();0.001;0.1;30;21;TRAIN;90.0;0.420035;2.393947
cuda;12000;100;CrossEntropyLoss();689;28;Tanh();0.001;0.1;30;21;VAL;89.7;0.423099;0.593856
cuda;48000;100;CrossEntropyLoss();689;28;Tanh();0.001;0.1;30;22;TRAIN;90.1;0.411478;2.612237
cuda;12000;100;CrossEntropyLoss();689;28;Tanh();0.001;0.1;30;22;VAL;89.8;0.415209;0.644002
cuda;48000;100;CrossEntropyLoss();689;28;Tanh();0.001;0.1;30;23;TRAIN;90.3;0.403596;2.476339
cuda;12000;100;CrossEntropyLoss();689;28;Tanh();0.001;0.1;30;23;VAL;90.0;0.407839;0.613804
cuda;48000;100;CrossEntropyLoss();689;28;Tanh();0.001;0.1;30;24;TRAIN;90.4;0.396325;2.378178
cuda;12000;100;CrossEntropyLoss();689;28;Tanh();0.001;0.1;30;24;VAL;90.1;0.401038;0.701571
cuda;48000;100;CrossEntropyLoss();689;28;Tanh();0.001;0.1;30;25;TRAIN;90.5;0.389556;2.684793
cuda;12000;100;CrossEntropyLoss();689;28;Tanh();0.001;0.1;30;25;VAL;90.2;0.394762;0.604237
cuda;48000;100;CrossEntropyLoss();689;28;Tanh();0.001;0.1;30;26;TRAIN;90.5;0.383256;2.479515
cuda;12000;100;CrossEntropyLoss();689;28;Tanh();0.001;0.1;30;26;VAL;90.3;0.388919;0.624903
cuda;48000;100;CrossEntropyLoss();689;28;Tanh();0.001;0.1;30;27;TRAIN;90.7;0.377364;2.759338
cuda;12000;100;CrossEntropyLoss();689;28;Tanh();0.001;0.1;30;27;VAL;90.4;0.383414;0.640952
cuda;48000;100;CrossEntropyLoss();689;28;Tanh();0.001;0.1;30;28;TRAIN;90.8;0.371824;2.465440
cuda;12000;100;CrossEntropyLoss();689;28;Tanh();0.001;0.1;30;28;VAL;90.6;0.378276;0.601163
cuda;48000;100;CrossEntropyLoss();689;28;Tanh();0.001;0.1;30;29;TRAIN;90.8;0.366626;2.792871
cuda;12000;100;CrossEntropyLoss();689;28;Tanh();0.001;0.1;30;29;VAL;90.6;0.373652;0.586973
cuda;48000;100;CrossEntropyLoss();689;28;Tanh();0.001;0.1;30;30;TRAIN;90.9;0.361750;2.356524
cuda;12000;100;CrossEntropyLoss();689;28;Tanh();0.001;0.1;30;30;VAL;90.7;0.369002;0.611750
cuda;48000;100;CrossEntropyLoss();689;28;Tanh();0.001;0.5;30;1;TRAIN;62.1;1.678633;2.557244
cuda;12000;100;CrossEntropyLoss();689;28;Tanh();0.001;0.5;30;1;VAL;76.1;1.314919;0.654626
cuda;48000;100;CrossEntropyLoss();689;28;Tanh();0.001;0.5;30;2;TRAIN;79.3;1.141968;2.403052
cuda;12000;100;CrossEntropyLoss();689;28;Tanh();0.001;0.5;30;2;VAL;81.4;1.002892;0.606588
cuda;48000;100;CrossEntropyLoss();689;28;Tanh();0.001;0.5;30;3;TRAIN;83.1;0.906543;2.346813
cuda;12000;100;CrossEntropyLoss();689;28;Tanh();0.001;0.5;30;3;VAL;84.5;0.824303;0.665393
cuda;48000;100;CrossEntropyLoss();689;28;Tanh();0.001;0.5;30;4;TRAIN;85.5;0.761834;2.651477
cuda;12000;100;CrossEntropyLoss();689;28;Tanh();0.001;0.5;30;4;VAL;86.4;0.708409;0.608077
cuda;48000;100;CrossEntropyLoss();689;28;Tanh();0.001;0.5;30;5;TRAIN;87.0;0.664491;2.406081
cuda;12000;100;CrossEntropyLoss();689;28;Tanh();0.001;0.5;30;5;VAL;87.6;0.628401;0.591296
cuda;48000;100;CrossEntropyLoss();689;28;Tanh();0.001;0.5;30;6;TRAIN;87.9;0.595374;2.679863
cuda;12000;100;CrossEntropyLoss();689;28;Tanh();0.001;0.5;30;6;VAL;88.3;0.570524;0.602405
cuda;48000;100;CrossEntropyLoss();689;28;Tanh();0.001;0.5;30;7;TRAIN;88.6;0.544205;2.450437
cuda;12000;100;CrossEntropyLoss();689;28;Tanh();0.001;0.5;30;7;VAL;88.8;0.526765;0.586474
cuda;48000;100;CrossEntropyLoss();689;28;Tanh();0.001;0.5;30;8;TRAIN;89.2;0.504931;2.590170
cuda;12000;100;CrossEntropyLoss();689;28;Tanh();0.001;0.5;30;8;VAL;89.1;0.493026;0.659367
cuda;48000;100;CrossEntropyLoss();689;28;Tanh();0.001;0.5;30;9;TRAIN;89.6;0.473999;2.337159
cuda;12000;100;CrossEntropyLoss();689;28;Tanh();0.001;0.5;30;9;VAL;89.4;0.466041;0.618366
cuda;48000;100;CrossEntropyLoss();689;28;Tanh();0.001;0.5;30;10;TRAIN;89.9;0.448955;2.401129
cuda;12000;100;CrossEntropyLoss();689;28;Tanh();0.001;0.5;30;10;VAL;89.8;0.444027;0.697259
cuda;48000;100;CrossEntropyLoss();689;28;Tanh();0.001;0.5;30;11;TRAIN;90.2;0.428307;2.431485
cuda;12000;100;CrossEntropyLoss();689;28;Tanh();0.001;0.5;30;11;VAL;89.9;0.425749;0.603548
cuda;48000;100;CrossEntropyLoss();689;28;Tanh();0.001;0.5;30;12;TRAIN;90.4;0.410946;2.332631
cuda;12000;100;CrossEntropyLoss();689;28;Tanh();0.001;0.5;30;12;VAL;90.2;0.410440;0.605594
cuda;48000;100;CrossEntropyLoss();689;28;Tanh();0.001;0.5;30;13;TRAIN;90.5;0.396137;2.633882
cuda;12000;100;CrossEntropyLoss();689;28;Tanh();0.001;0.5;30;13;VAL;90.4;0.397195;0.568273
cuda;48000;100;CrossEntropyLoss();689;28;Tanh();0.001;0.5;30;14;TRAIN;90.7;0.383339;2.331497
cuda;12000;100;CrossEntropyLoss();689;28;Tanh();0.001;0.5;30;14;VAL;90.6;0.385623;0.590319
cuda;48000;100;CrossEntropyLoss();689;28;Tanh();0.001;0.5;30;15;TRAIN;90.8;0.372084;2.613936
cuda;12000;100;CrossEntropyLoss();689;28;Tanh();0.001;0.5;30;15;VAL;90.7;0.375569;0.608223
cuda;48000;100;CrossEntropyLoss();689;28;Tanh();0.001;0.5;30;16;TRAIN;91.0;0.362159;2.311753
cuda;12000;100;CrossEntropyLoss();689;28;Tanh();0.001;0.5;30;16;VAL;90.7;0.366907;0.606502
cuda;48000;100;CrossEntropyLoss();689;28;Tanh();0.001;0.5;30;17;TRAIN;91.1;0.353339;2.662692
cuda;12000;100;CrossEntropyLoss();689;28;Tanh();0.001;0.5;30;17;VAL;90.8;0.358642;0.657866
cuda;48000;100;CrossEntropyLoss();689;28;Tanh();0.001;0.5;30;18;TRAIN;91.2;0.345358;2.437475
cuda;12000;100;CrossEntropyLoss();689;28;Tanh();0.001;0.5;30;18;VAL;91.0;0.351703;0.584912
cuda;48000;100;CrossEntropyLoss();689;28;Tanh();0.001;0.5;30;19;TRAIN;91.4;0.338135;2.353855
cuda;12000;100;CrossEntropyLoss();689;28;Tanh();0.001;0.5;30;19;VAL;91.1;0.345205;0.697373
cuda;48000;100;CrossEntropyLoss();689;28;Tanh();0.001;0.5;30;20;TRAIN;91.5;0.331535;2.571259
cuda;12000;100;CrossEntropyLoss();689;28;Tanh();0.001;0.5;30;20;VAL;91.1;0.339349;0.597106
cuda;48000;100;CrossEntropyLoss();689;28;Tanh();0.001;0.5;30;21;TRAIN;91.5;0.325484;2.370980
cuda;12000;100;CrossEntropyLoss();689;28;Tanh();0.001;0.5;30;21;VAL;91.3;0.333941;0.594888
cuda;48000;100;CrossEntropyLoss();689;28;Tanh();0.001;0.5;30;22;TRAIN;91.7;0.319889;2.694258
cuda;12000;100;CrossEntropyLoss();689;28;Tanh();0.001;0.5;30;22;VAL;91.4;0.328960;0.606757
cuda;48000;100;CrossEntropyLoss();689;28;Tanh();0.001;0.5;30;23;TRAIN;91.7;0.314679;2.334576
cuda;12000;100;CrossEntropyLoss();689;28;Tanh();0.001;0.5;30;23;VAL;91.4;0.324314;0.591027
cuda;48000;100;CrossEntropyLoss();689;28;Tanh();0.001;0.5;30;24;TRAIN;91.8;0.309890;2.583929
cuda;12000;100;CrossEntropyLoss();689;28;Tanh();0.001;0.5;30;24;VAL;91.5;0.320121;0.734052
cuda;48000;100;CrossEntropyLoss();689;28;Tanh();0.001;0.5;30;25;TRAIN;91.9;0.305358;2.341413
cuda;12000;100;CrossEntropyLoss();689;28;Tanh();0.001;0.5;30;25;VAL;91.6;0.316247;0.579214
cuda;48000;100;CrossEntropyLoss();689;28;Tanh();0.001;0.5;30;26;TRAIN;92.0;0.301116;2.450876
cuda;12000;100;CrossEntropyLoss();689;28;Tanh();0.001;0.5;30;26;VAL;91.7;0.312469;0.768380
cuda;48000;100;CrossEntropyLoss();689;28;Tanh();0.001;0.5;30;27;TRAIN;92.1;0.297135;2.506111
cuda;12000;100;CrossEntropyLoss();689;28;Tanh();0.001;0.5;30;27;VAL;91.7;0.308997;0.590570
cuda;48000;100;CrossEntropyLoss();689;28;Tanh();0.001;0.5;30;28;TRAIN;92.1;0.293376;2.387925
cuda;12000;100;CrossEntropyLoss();689;28;Tanh();0.001;0.5;30;28;VAL;91.8;0.305662;0.610069
cuda;48000;100;CrossEntropyLoss();689;28;Tanh();0.001;0.5;30;29;TRAIN;92.2;0.289805;2.603600
cuda;12000;100;CrossEntropyLoss();689;28;Tanh();0.001;0.5;30;29;VAL;91.8;0.302469;0.612344
cuda;48000;100;CrossEntropyLoss();689;28;Tanh();0.001;0.5;30;30;TRAIN;92.3;0.286420;2.378613
cuda;12000;100;CrossEntropyLoss();689;28;Tanh();0.001;0.5;30;30;VAL;92.0;0.299786;0.590094
cuda;48000;100;CrossEntropyLoss();689;28;Tanh();0.001;0.9;30;1;TRAIN;76.6;1.086327;2.630846
cuda;12000;100;CrossEntropyLoss();689;28;Tanh();0.001;0.9;30;1;VAL;86.6;0.655320;0.591599
cuda;48000;100;CrossEntropyLoss();689;28;Tanh();0.001;0.9;30;2;TRAIN;88.4;0.529518;2.359493
cuda;12000;100;CrossEntropyLoss();689;28;Tanh();0.001;0.9;30;2;VAL;88.9;0.462628;0.579816
cuda;48000;100;CrossEntropyLoss();689;28;Tanh();0.001;0.9;30;3;TRAIN;90.1;0.410772;2.541832
cuda;12000;100;CrossEntropyLoss();689;28;Tanh();0.001;0.9;30;3;VAL;89.8;0.391683;0.645816
cuda;48000;100;CrossEntropyLoss();689;28;Tanh();0.001;0.9;30;4;TRAIN;90.9;0.357566;2.414849
cuda;12000;100;CrossEntropyLoss();689;28;Tanh();0.001;0.9;30;4;VAL;90.5;0.354531;0.590502
cuda;48000;100;CrossEntropyLoss();689;28;Tanh();0.001;0.9;30;5;TRAIN;91.5;0.325707;2.358905
cuda;12000;100;CrossEntropyLoss();689;28;Tanh();0.001;0.9;30;5;VAL;90.8;0.329911;0.703794
cuda;48000;100;CrossEntropyLoss();689;28;Tanh();0.001;0.9;30;6;TRAIN;92.0;0.303328;2.706389
cuda;12000;100;CrossEntropyLoss();689;28;Tanh();0.001;0.9;30;6;VAL;91.4;0.312356;0.610015
cuda;48000;100;CrossEntropyLoss();689;28;Tanh();0.001;0.9;30;7;TRAIN;92.3;0.286330;2.341085
cuda;12000;100;CrossEntropyLoss();689;28;Tanh();0.001;0.9;30;7;VAL;91.6;0.299053;0.586814
cuda;48000;100;CrossEntropyLoss();689;28;Tanh();0.001;0.9;30;8;TRAIN;92.6;0.272645;2.684947
cuda;12000;100;CrossEntropyLoss();689;28;Tanh();0.001;0.9;30;8;VAL;91.9;0.288073;0.599785
cuda;48000;100;CrossEntropyLoss();689;28;Tanh();0.001;0.9;30;9;TRAIN;92.9;0.261048;2.320076
cuda;12000;100;CrossEntropyLoss();689;28;Tanh();0.001;0.9;30;9;VAL;92.2;0.279024;0.592339
cuda;48000;100;CrossEntropyLoss();689;28;Tanh();0.001;0.9;30;10;TRAIN;93.1;0.251266;2.563377
cuda;12000;100;CrossEntropyLoss();689;28;Tanh();0.001;0.9;30;10;VAL;92.4;0.271293;0.654871
cuda;48000;100;CrossEntropyLoss();689;28;Tanh();0.001;0.9;30;11;TRAIN;93.4;0.242643;2.364078
cuda;12000;100;CrossEntropyLoss();689;28;Tanh();0.001;0.9;30;11;VAL;92.6;0.264013;0.565385
cuda;48000;100;CrossEntropyLoss();689;28;Tanh();0.001;0.9;30;12;TRAIN;93.5;0.235044;2.438311
cuda;12000;100;CrossEntropyLoss();689;28;Tanh();0.001;0.9;30;12;VAL;92.8;0.257688;0.685195
cuda;48000;100;CrossEntropyLoss();689;28;Tanh();0.001;0.9;30;13;TRAIN;93.8;0.228025;2.430800
cuda;12000;100;CrossEntropyLoss();689;28;Tanh();0.001;0.9;30;13;VAL;92.9;0.253332;0.589683
cuda;48000;100;CrossEntropyLoss();689;28;Tanh();0.001;0.9;30;14;TRAIN;93.9;0.221875;2.353080
cuda;12000;100;CrossEntropyLoss();689;28;Tanh();0.001;0.9;30;14;VAL;93.0;0.248118;0.591983
cuda;48000;100;CrossEntropyLoss();689;28;Tanh();0.001;0.9;30;15;TRAIN;94.1;0.216107;2.958773
cuda;12000;100;CrossEntropyLoss();689;28;Tanh();0.001;0.9;30;15;VAL;93.1;0.243452;0.622342
cuda;48000;100;CrossEntropyLoss();689;28;Tanh();0.001;0.9;30;16;TRAIN;94.2;0.210937;2.573827
cuda;12000;100;CrossEntropyLoss();689;28;Tanh();0.001;0.9;30;16;VAL;93.1;0.239924;0.600423
cuda;48000;100;CrossEntropyLoss();689;28;Tanh();0.001;0.9;30;17;TRAIN;94.3;0.206061;2.671145
cuda;12000;100;CrossEntropyLoss();689;28;Tanh();0.001;0.9;30;17;VAL;93.3;0.235613;0.589330
cuda;48000;100;CrossEntropyLoss();689;28;Tanh();0.001;0.9;30;18;TRAIN;94.5;0.201466;2.319084
cuda;12000;100;CrossEntropyLoss();689;28;Tanh();0.001;0.9;30;18;VAL;93.4;0.233037;0.616723
cuda;48000;100;CrossEntropyLoss();689;28;Tanh();0.001;0.9;30;19;TRAIN;94.5;0.197213;2.557559
cuda;12000;100;CrossEntropyLoss();689;28;Tanh();0.001;0.9;30;19;VAL;93.3;0.229683;0.661747
cuda;48000;100;CrossEntropyLoss();689;28;Tanh();0.001;0.9;30;20;TRAIN;94.7;0.193276;2.336317
cuda;12000;100;CrossEntropyLoss();689;28;Tanh();0.001;0.9;30;20;VAL;93.5;0.226475;0.591957
cuda;48000;100;CrossEntropyLoss();689;28;Tanh();0.001;0.9;30;21;TRAIN;94.8;0.189630;2.371219
cuda;12000;100;CrossEntropyLoss();689;28;Tanh();0.001;0.9;30;21;VAL;93.5;0.224880;0.728494
cuda;48000;100;CrossEntropyLoss();689;28;Tanh();0.001;0.9;30;22;TRAIN;94.9;0.185953;2.462988
cuda;12000;100;CrossEntropyLoss();689;28;Tanh();0.001;0.9;30;22;VAL;93.5;0.221383;0.593268
cuda;48000;100;CrossEntropyLoss();689;28;Tanh();0.001;0.9;30;23;TRAIN;95.0;0.182697;2.364909
cuda;12000;100;CrossEntropyLoss();689;28;Tanh();0.001;0.9;30;23;VAL;93.7;0.218835;0.596502
cuda;48000;100;CrossEntropyLoss();689;28;Tanh();0.001;0.9;30;24;TRAIN;95.0;0.179359;2.697041
cuda;12000;100;CrossEntropyLoss();689;28;Tanh();0.001;0.9;30;24;VAL;93.8;0.216302;0.577194
cuda;48000;100;CrossEntropyLoss();689;28;Tanh();0.001;0.9;30;25;TRAIN;95.2;0.176455;2.419741
cuda;12000;100;CrossEntropyLoss();689;28;Tanh();0.001;0.9;30;25;VAL;93.7;0.214542;0.607508
cuda;48000;100;CrossEntropyLoss();689;28;Tanh();0.001;0.9;30;26;TRAIN;95.3;0.173371;2.749701
cuda;12000;100;CrossEntropyLoss();689;28;Tanh();0.001;0.9;30;26;VAL;93.8;0.212125;0.581605
cuda;48000;100;CrossEntropyLoss();689;28;Tanh();0.001;0.9;30;27;TRAIN;95.4;0.170730;2.323866
cuda;12000;100;CrossEntropyLoss();689;28;Tanh();0.001;0.9;30;27;VAL;93.9;0.210631;0.602269
cuda;48000;100;CrossEntropyLoss();689;28;Tanh();0.001;0.9;30;28;TRAIN;95.4;0.167909;2.494691
cuda;12000;100;CrossEntropyLoss();689;28;Tanh();0.001;0.9;30;28;VAL;93.9;0.208361;0.650298
cuda;48000;100;CrossEntropyLoss();689;28;Tanh();0.001;0.9;30;29;TRAIN;95.5;0.165330;2.407853
cuda;12000;100;CrossEntropyLoss();689;28;Tanh();0.001;0.9;30;29;VAL;93.9;0.207168;0.610865
cuda;48000;100;CrossEntropyLoss();689;28;Tanh();0.001;0.9;30;30;TRAIN;95.5;0.162807;2.346726
cuda;12000;100;CrossEntropyLoss();689;28;Tanh();0.001;0.9;30;30;VAL;93.9;0.205364;0.693426
cuda;48000;100;CrossEntropyLoss();689;28;Tanh();0.01;0.1;30;1;TRAIN;80.1;0.961107;2.540152
cuda;12000;100;CrossEntropyLoss();689;28;Tanh();0.01;0.1;30;1;VAL;87.6;0.591123;0.594372
cuda;48000;100;CrossEntropyLoss();689;28;Tanh();0.01;0.1;30;2;TRAIN;88.8;0.489899;2.352915
cuda;12000;100;CrossEntropyLoss();689;28;Tanh();0.01;0.1;30;2;VAL;89.7;0.430079;0.599181
cuda;48000;100;CrossEntropyLoss();689;28;Tanh();0.01;0.1;30;3;TRAIN;90.2;0.389501;2.643744
cuda;12000;100;CrossEntropyLoss();689;28;Tanh();0.01;0.1;30;3;VAL;90.5;0.368509;0.581158
cuda;48000;100;CrossEntropyLoss();689;28;Tanh();0.01;0.1;30;4;TRAIN;91.0;0.342385;2.357965
cuda;12000;100;CrossEntropyLoss();689;28;Tanh();0.01;0.1;30;4;VAL;91.1;0.335241;0.588373
cuda;48000;100;CrossEntropyLoss();689;28;Tanh();0.01;0.1;30;5;TRAIN;91.7;0.312936;2.691416
cuda;12000;100;CrossEntropyLoss();689;28;Tanh();0.01;0.1;30;5;VAL;91.5;0.312839;0.673196
cuda;48000;100;CrossEntropyLoss();689;28;Tanh();0.01;0.1;30;6;TRAIN;92.0;0.291844;2.425755
cuda;12000;100;CrossEntropyLoss();689;28;Tanh();0.01;0.1;30;6;VAL;91.8;0.295776;0.594303
cuda;48000;100;CrossEntropyLoss();689;28;Tanh();0.01;0.1;30;7;TRAIN;92.4;0.275507;2.505265
cuda;12000;100;CrossEntropyLoss();689;28;Tanh();0.01;0.1;30;7;VAL;92.1;0.283268;0.743453
cuda;48000;100;CrossEntropyLoss();689;28;Tanh();0.01;0.1;30;8;TRAIN;92.8;0.262252;2.449605
cuda;12000;100;CrossEntropyLoss();689;28;Tanh();0.01;0.1;30;8;VAL;92.4;0.272515;0.596704
cuda;48000;100;CrossEntropyLoss();689;28;Tanh();0.01;0.1;30;9;TRAIN;93.1;0.250784;2.358636
cuda;12000;100;CrossEntropyLoss();689;28;Tanh();0.01;0.1;30;9;VAL;92.6;0.263087;0.690154
cuda;48000;100;CrossEntropyLoss();689;28;Tanh();0.01;0.1;30;10;TRAIN;93.3;0.241195;2.562396
cuda;12000;100;CrossEntropyLoss();689;28;Tanh();0.01;0.1;30;10;VAL;92.8;0.256048;0.582549
cuda;48000;100;CrossEntropyLoss();689;28;Tanh();0.01;0.1;30;11;TRAIN;93.5;0.232574;2.316445
cuda;12000;100;CrossEntropyLoss();689;28;Tanh();0.01;0.1;30;11;VAL;93.0;0.249315;0.606333
cuda;48000;100;CrossEntropyLoss();689;28;Tanh();0.01;0.1;30;12;TRAIN;93.7;0.225029;2.722174
cuda;12000;100;CrossEntropyLoss();689;28;Tanh();0.01;0.1;30;12;VAL;93.1;0.243498;0.585827
cuda;48000;100;CrossEntropyLoss();689;28;Tanh();0.01;0.1;30;13;TRAIN;93.9;0.218146;2.337215
cuda;12000;100;CrossEntropyLoss();689;28;Tanh();0.01;0.1;30;13;VAL;93.1;0.238487;0.608982
cuda;48000;100;CrossEntropyLoss();689;28;Tanh();0.01;0.1;30;14;TRAIN;94.0;0.212184;2.538356
cuda;12000;100;CrossEntropyLoss();689;28;Tanh();0.01;0.1;30;14;VAL;93.3;0.233286;0.660913
cuda;48000;100;CrossEntropyLoss();689;28;Tanh();0.01;0.1;30;15;TRAIN;94.3;0.206543;2.461579
cuda;12000;100;CrossEntropyLoss();689;28;Tanh();0.01;0.1;30;15;VAL;93.4;0.228936;0.595659
cuda;48000;100;CrossEntropyLoss();689;28;Tanh();0.01;0.1;30;16;TRAIN;94.3;0.201408;2.340664
cuda;12000;100;CrossEntropyLoss();689;28;Tanh();0.01;0.1;30;16;VAL;93.6;0.225246;0.684019
cuda;48000;100;CrossEntropyLoss();689;28;Tanh();0.01;0.1;30;17;TRAIN;94.5;0.196646;2.516634
cuda;12000;100;CrossEntropyLoss();689;28;Tanh();0.01;0.1;30;17;VAL;93.7;0.222333;0.593461
cuda;48000;100;CrossEntropyLoss();689;28;Tanh();0.01;0.1;30;18;TRAIN;94.6;0.192069;2.342397
cuda;12000;100;CrossEntropyLoss();689;28;Tanh();0.01;0.1;30;18;VAL;93.8;0.219115;0.587044
cuda;48000;100;CrossEntropyLoss();689;28;Tanh();0.01;0.1;30;19;TRAIN;94.7;0.187805;2.998508
cuda;12000;100;CrossEntropyLoss();689;28;Tanh();0.01;0.1;30;19;VAL;93.9;0.216851;0.589947
cuda;48000;100;CrossEntropyLoss();689;28;Tanh();0.01;0.1;30;20;TRAIN;94.8;0.184120;2.384728
cuda;12000;100;CrossEntropyLoss();689;28;Tanh();0.01;0.1;30;20;VAL;94.0;0.213095;0.606754
cuda;48000;100;CrossEntropyLoss();689;28;Tanh();0.01;0.1;30;21;TRAIN;95.0;0.180315;2.621887
cuda;12000;100;CrossEntropyLoss();689;28;Tanh();0.01;0.1;30;21;VAL;94.0;0.211107;0.651890
cuda;48000;100;CrossEntropyLoss();689;28;Tanh();0.01;0.1;30;22;TRAIN;95.1;0.176885;2.321566
cuda;12000;100;CrossEntropyLoss();689;28;Tanh();0.01;0.1;30;22;VAL;94.0;0.208640;0.604999
cuda;48000;100;CrossEntropyLoss();689;28;Tanh();0.01;0.1;30;23;TRAIN;95.2;0.173593;2.563953
cuda;12000;100;CrossEntropyLoss();689;28;Tanh();0.01;0.1;30;23;VAL;94.2;0.205391;0.692889
cuda;48000;100;CrossEntropyLoss();689;28;Tanh();0.01;0.1;30;24;TRAIN;95.3;0.170516;2.450976
cuda;12000;100;CrossEntropyLoss();689;28;Tanh();0.01;0.1;30;24;VAL;94.1;0.203888;0.658020
cuda;48000;100;CrossEntropyLoss();689;28;Tanh();0.01;0.1;30;25;TRAIN;95.4;0.167450;2.366354
cuda;12000;100;CrossEntropyLoss();689;28;Tanh();0.01;0.1;30;25;VAL;94.1;0.202523;0.653740
cuda;48000;100;CrossEntropyLoss();689;28;Tanh();0.01;0.1;30;26;TRAIN;95.4;0.164617;2.554893
cuda;12000;100;CrossEntropyLoss();689;28;Tanh();0.01;0.1;30;26;VAL;94.3;0.199932;0.577466
cuda;48000;100;CrossEntropyLoss();689;28;Tanh();0.01;0.1;30;27;TRAIN;95.5;0.161962;2.411397
cuda;12000;100;CrossEntropyLoss();689;28;Tanh();0.01;0.1;30;27;VAL;94.4;0.197868;0.582813
cuda;48000;100;CrossEntropyLoss();689;28;Tanh();0.01;0.1;30;28;TRAIN;95.5;0.159361;2.812769
cuda;12000;100;CrossEntropyLoss();689;28;Tanh();0.01;0.1;30;28;VAL;94.3;0.196612;0.625509
cuda;48000;100;CrossEntropyLoss();689;28;Tanh();0.01;0.1;30;29;TRAIN;95.6;0.156933;2.369601
cuda;12000;100;CrossEntropyLoss();689;28;Tanh();0.01;0.1;30;29;VAL;94.3;0.195084;0.582549
cuda;48000;100;CrossEntropyLoss();689;28;Tanh();0.01;0.1;30;30;TRAIN;95.7;0.154477;2.559895
cuda;12000;100;CrossEntropyLoss();689;28;Tanh();0.01;0.1;30;30;VAL;94.3;0.193025;0.685769
cuda;48000;100;CrossEntropyLoss();689;28;Tanh();0.01;0.5;30;1;TRAIN;82.9;0.779581;2.339431
cuda;12000;100;CrossEntropyLoss();689;28;Tanh();0.01;0.5;30;1;VAL;89.5;0.452503;0.599097
cuda;48000;100;CrossEntropyLoss();689;28;Tanh();0.01;0.5;30;2;TRAIN;90.5;0.384348;2.405746
cuda;12000;100;CrossEntropyLoss();689;28;Tanh();0.01;0.5;30;2;VAL;91.1;0.345545;0.709491
cuda;48000;100;CrossEntropyLoss();689;28;Tanh();0.01;0.5;30;3;TRAIN;91.8;0.314222;2.494913
cuda;12000;100;CrossEntropyLoss();689;28;Tanh();0.01;0.5;30;3;VAL;91.8;0.305709;0.647173
cuda;48000;100;CrossEntropyLoss();689;28;Tanh();0.01;0.5;30;4;TRAIN;92.5;0.279660;2.422036
cuda;12000;100;CrossEntropyLoss();689;28;Tanh();0.01;0.5;30;4;VAL;92.2;0.280863;0.602444
cuda;48000;100;CrossEntropyLoss();689;28;Tanh();0.01;0.5;30;5;TRAIN;93.1;0.256532;2.660960
cuda;12000;100;CrossEntropyLoss();689;28;Tanh();0.01;0.5;30;5;VAL;92.8;0.263460;0.579103
cuda;48000;100;CrossEntropyLoss();689;28;Tanh();0.01;0.5;30;6;TRAIN;93.5;0.239669;2.426342
cuda;12000;100;CrossEntropyLoss();689;28;Tanh();0.01;0.5;30;6;VAL;93.0;0.251681;0.599151
cuda;48000;100;CrossEntropyLoss();689;28;Tanh();0.01;0.5;30;7;TRAIN;93.8;0.226079;2.681833
cuda;12000;100;CrossEntropyLoss();689;28;Tanh();0.01;0.5;30;7;VAL;93.3;0.241302;0.608952
cuda;48000;100;CrossEntropyLoss();689;28;Tanh();0.01;0.5;30;8;TRAIN;94.2;0.214310;2.451959
cuda;12000;100;CrossEntropyLoss();689;28;Tanh();0.01;0.5;30;8;VAL;93.4;0.233355;0.581709
cuda;48000;100;CrossEntropyLoss();689;28;Tanh();0.01;0.5;30;9;TRAIN;94.3;0.205177;2.557512
cuda;12000;100;CrossEntropyLoss();689;28;Tanh();0.01;0.5;30;9;VAL;93.6;0.225771;0.673376
cuda;48000;100;CrossEntropyLoss();689;28;Tanh();0.01;0.5;30;10;TRAIN;94.6;0.196622;2.362321
cuda;12000;100;CrossEntropyLoss();689;28;Tanh();0.01;0.5;30;10;VAL;93.8;0.220306;0.614206
cuda;48000;100;CrossEntropyLoss();689;28;Tanh();0.01;0.5;30;11;TRAIN;94.8;0.189375;2.340700
cuda;12000;100;CrossEntropyLoss();689;28;Tanh();0.01;0.5;30;11;VAL;93.8;0.216111;0.727480
cuda;48000;100;CrossEntropyLoss();689;28;Tanh();0.01;0.5;30;12;TRAIN;95.0;0.182690;2.484038
cuda;12000;100;CrossEntropyLoss();689;28;Tanh();0.01;0.5;30;12;VAL;94.0;0.212127;0.585299
cuda;48000;100;CrossEntropyLoss();689;28;Tanh();0.01;0.5;30;13;TRAIN;95.2;0.176829;2.337268
cuda;12000;100;CrossEntropyLoss();689;28;Tanh();0.01;0.5;30;13;VAL;94.2;0.207627;0.595294
cuda;48000;100;CrossEntropyLoss();689;28;Tanh();0.01;0.5;30;14;TRAIN;95.4;0.171481;2.772712
cuda;12000;100;CrossEntropyLoss();689;28;Tanh();0.01;0.5;30;14;VAL;94.2;0.204839;0.581458
cuda;48000;100;CrossEntropyLoss();689;28;Tanh();0.01;0.5;30;15;TRAIN;95.5;0.166954;2.355378
cuda;12000;100;CrossEntropyLoss();689;28;Tanh();0.01;0.5;30;15;VAL;94.3;0.201402;0.577243
cuda;48000;100;CrossEntropyLoss();689;28;Tanh();0.01;0.5;30;16;TRAIN;95.5;0.162522;2.627152
cuda;12000;100;CrossEntropyLoss();689;28;Tanh();0.01;0.5;30;16;VAL;94.3;0.197817;0.646051
cuda;48000;100;CrossEntropyLoss();689;28;Tanh();0.01;0.5;30;17;TRAIN;95.7;0.158323;2.329887
cuda;12000;100;CrossEntropyLoss();689;28;Tanh();0.01;0.5;30;17;VAL;94.3;0.196227;0.574492
cuda;48000;100;CrossEntropyLoss();689;28;Tanh();0.01;0.5;30;18;TRAIN;95.8;0.154616;2.481982
cuda;12000;100;CrossEntropyLoss();689;28;Tanh();0.01;0.5;30;18;VAL;94.4;0.192873;0.730471
cuda;48000;100;CrossEntropyLoss();689;28;Tanh();0.01;0.5;30;19;TRAIN;95.9;0.151133;2.495140
cuda;12000;100;CrossEntropyLoss();689;28;Tanh();0.01;0.5;30;19;VAL;94.4;0.190525;0.580387
cuda;48000;100;CrossEntropyLoss();689;28;Tanh();0.01;0.5;30;20;TRAIN;96.0;0.147738;2.320708
cuda;12000;100;CrossEntropyLoss();689;28;Tanh();0.01;0.5;30;20;VAL;94.3;0.191243;0.693430
cuda;48000;100;CrossEntropyLoss();689;28;Tanh();0.01;0.5;30;21;TRAIN;96.2;0.144636;2.580121
cuda;12000;100;CrossEntropyLoss();689;28;Tanh();0.01;0.5;30;21;VAL;94.4;0.189508;0.590095
cuda;48000;100;CrossEntropyLoss();689;28;Tanh();0.01;0.5;30;22;TRAIN;96.2;0.141708;2.347496
cuda;12000;100;CrossEntropyLoss();689;28;Tanh();0.01;0.5;30;22;VAL;94.4;0.187324;0.589102
cuda;48000;100;CrossEntropyLoss();689;28;Tanh();0.01;0.5;30;23;TRAIN;96.2;0.139020;2.675901
cuda;12000;100;CrossEntropyLoss();689;28;Tanh();0.01;0.5;30;23;VAL;94.5;0.186215;0.619871
cuda;48000;100;CrossEntropyLoss();689;28;Tanh();0.01;0.5;30;24;TRAIN;96.3;0.136310;2.363742
cuda;12000;100;CrossEntropyLoss();689;28;Tanh();0.01;0.5;30;24;VAL;94.5;0.186065;0.588348
cuda;48000;100;CrossEntropyLoss();689;28;Tanh();0.01;0.5;30;25;TRAIN;96.5;0.133934;2.775372
cuda;12000;100;CrossEntropyLoss();689;28;Tanh();0.01;0.5;30;25;VAL;94.7;0.183281;0.671118
cuda;48000;100;CrossEntropyLoss();689;28;Tanh();0.01;0.5;30;26;TRAIN;96.5;0.131632;2.368035
cuda;12000;100;CrossEntropyLoss();689;28;Tanh();0.01;0.5;30;26;VAL;94.6;0.182919;0.587639
cuda;48000;100;CrossEntropyLoss();689;28;Tanh();0.01;0.5;30;27;TRAIN;96.5;0.128955;2.446068
cuda;12000;100;CrossEntropyLoss();689;28;Tanh();0.01;0.5;30;27;VAL;94.6;0.183053;0.710663
cuda;48000;100;CrossEntropyLoss();689;28;Tanh();0.01;0.5;30;28;TRAIN;96.6;0.126955;2.460073
cuda;12000;100;CrossEntropyLoss();689;28;Tanh();0.01;0.5;30;28;VAL;94.7;0.179528;0.613148
cuda;48000;100;CrossEntropyLoss();689;28;Tanh();0.01;0.5;30;29;TRAIN;96.7;0.124764;2.359446
cuda;12000;100;CrossEntropyLoss();689;28;Tanh();0.01;0.5;30;29;VAL;94.7;0.179560;0.619404
cuda;48000;100;CrossEntropyLoss();689;28;Tanh();0.01;0.5;30;30;TRAIN;96.7;0.122687;2.616122
cuda;12000;100;CrossEntropyLoss();689;28;Tanh();0.01;0.5;30;30;VAL;94.7;0.178472;0.590658
cuda;48000;100;CrossEntropyLoss();689;28;Tanh();0.01;0.9;30;1;TRAIN;88.5;0.445149;2.347194
cuda;12000;100;CrossEntropyLoss();689;28;Tanh();0.01;0.9;30;1;VAL;92.3;0.270274;0.609185
cuda;48000;100;CrossEntropyLoss();689;28;Tanh();0.01;0.9;30;2;TRAIN;93.4;0.234884;2.969455
cuda;12000;100;CrossEntropyLoss();689;28;Tanh();0.01;0.9;30;2;VAL;93.1;0.236428;0.636750
cuda;48000;100;CrossEntropyLoss();689;28;Tanh();0.01;0.9;30;3;TRAIN;94.4;0.196668;2.705877
cuda;12000;100;CrossEntropyLoss();689;28;Tanh();0.01;0.9;30;3;VAL;93.9;0.210558;0.643748
cuda;48000;100;CrossEntropyLoss();689;28;Tanh();0.01;0.9;30;4;TRAIN;95.0;0.174042;2.667513
cuda;12000;100;CrossEntropyLoss();689;28;Tanh();0.01;0.9;30;4;VAL;94.2;0.197603;0.653648
cuda;48000;100;CrossEntropyLoss();689;28;Tanh();0.01;0.9;30;5;TRAIN;95.5;0.158426;2.373135
cuda;12000;100;CrossEntropyLoss();689;28;Tanh();0.01;0.9;30;5;VAL;94.1;0.195428;0.576578
cuda;48000;100;CrossEntropyLoss();689;28;Tanh();0.01;0.9;30;6;TRAIN;95.8;0.146120;2.423710
cuda;12000;100;CrossEntropyLoss();689;28;Tanh();0.01;0.9;30;6;VAL;94.1;0.197526;0.688076
cuda;48000;100;CrossEntropyLoss();689;28;Tanh();0.01;0.9;30;7;TRAIN;96.1;0.137396;2.451300
cuda;12000;100;CrossEntropyLoss();689;28;Tanh();0.01;0.9;30;7;VAL;94.3;0.186625;0.602277
cuda;48000;100;CrossEntropyLoss();689;28;Tanh();0.01;0.9;30;8;TRAIN;96.3;0.127698;2.415669
cuda;12000;100;CrossEntropyLoss();689;28;Tanh();0.01;0.9;30;8;VAL;94.3;0.183445;0.696356
cuda;48000;100;CrossEntropyLoss();689;28;Tanh();0.01;0.9;30;9;TRAIN;96.5;0.121619;2.579365
cuda;12000;100;CrossEntropyLoss();689;28;Tanh();0.01;0.9;30;9;VAL;94.5;0.180951;0.594548
cuda;48000;100;CrossEntropyLoss();689;28;Tanh();0.01;0.9;30;10;TRAIN;96.7;0.115750;2.392186
cuda;12000;100;CrossEntropyLoss();689;28;Tanh();0.01;0.9;30;10;VAL;94.6;0.179468;0.588204
cuda;48000;100;CrossEntropyLoss();689;28;Tanh();0.01;0.9;30;11;TRAIN;96.9;0.109922;2.651221
cuda;12000;100;CrossEntropyLoss();689;28;Tanh();0.01;0.9;30;11;VAL;94.6;0.181920;0.605081
cuda;48000;100;CrossEntropyLoss();689;28;Tanh();0.01;0.9;30;12;TRAIN;97.0;0.105405;2.339899
cuda;12000;100;CrossEntropyLoss();689;28;Tanh();0.01;0.9;30;12;VAL;94.8;0.175065;0.586971
cuda;48000;100;CrossEntropyLoss();689;28;Tanh();0.01;0.9;30;13;TRAIN;97.2;0.101256;2.639861
cuda;12000;100;CrossEntropyLoss();689;28;Tanh();0.01;0.9;30;13;VAL;94.7;0.175483;0.689218
cuda;48000;100;CrossEntropyLoss();689;28;Tanh();0.01;0.9;30;14;TRAIN;97.2;0.097743;2.370862
cuda;12000;100;CrossEntropyLoss();689;28;Tanh();0.01;0.9;30;14;VAL;94.8;0.178238;0.587888
cuda;48000;100;CrossEntropyLoss();689;28;Tanh();0.01;0.9;30;15;TRAIN;97.4;0.093603;2.438310
cuda;12000;100;CrossEntropyLoss();689;28;Tanh();0.01;0.9;30;15;VAL;94.7;0.176910;0.714876
cuda;48000;100;CrossEntropyLoss();689;28;Tanh();0.01;0.9;30;16;TRAIN;97.4;0.090684;2.444193
cuda;12000;100;CrossEntropyLoss();689;28;Tanh();0.01;0.9;30;16;VAL;94.8;0.175371;0.619328
cuda;48000;100;CrossEntropyLoss();689;28;Tanh();0.01;0.9;30;17;TRAIN;97.5;0.087394;2.343557
cuda;12000;100;CrossEntropyLoss();689;28;Tanh();0.01;0.9;30;17;VAL;94.8;0.174280;0.616570
cuda;48000;100;CrossEntropyLoss();689;28;Tanh();0.01;0.9;30;18;TRAIN;97.5;0.085039;2.649288
cuda;12000;100;CrossEntropyLoss();689;28;Tanh();0.01;0.9;30;18;VAL;94.9;0.174142;0.601819
cuda;48000;100;CrossEntropyLoss();689;28;Tanh();0.01;0.9;30;19;TRAIN;97.7;0.082208;2.333872
cuda;12000;100;CrossEntropyLoss();689;28;Tanh();0.01;0.9;30;19;VAL;94.7;0.177527;0.585372
cuda;48000;100;CrossEntropyLoss();689;28;Tanh();0.01;0.9;30;20;TRAIN;97.8;0.079305;2.649941
cuda;12000;100;CrossEntropyLoss();689;28;Tanh();0.01;0.9;30;20;VAL;94.8;0.176314;0.635509
cuda;48000;100;CrossEntropyLoss();689;28;Tanh();0.01;0.9;30;21;TRAIN;97.8;0.076900;2.372979
cuda;12000;100;CrossEntropyLoss();689;28;Tanh();0.01;0.9;30;21;VAL;94.7;0.176448;0.581873
cuda;48000;100;CrossEntropyLoss();689;28;Tanh();0.01;0.9;30;22;TRAIN;97.9;0.075122;2.515999
cuda;12000;100;CrossEntropyLoss();689;28;Tanh();0.01;0.9;30;22;VAL;94.8;0.178919;0.715237
cuda;48000;100;CrossEntropyLoss();689;28;Tanh();0.01;0.9;30;23;TRAIN;98.0;0.073152;2.455951
cuda;12000;100;CrossEntropyLoss();689;28;Tanh();0.01;0.9;30;23;VAL;94.9;0.175976;0.617436
cuda;48000;100;CrossEntropyLoss();689;28;Tanh();0.01;0.9;30;24;TRAIN;98.0;0.070081;2.348765
cuda;12000;100;CrossEntropyLoss();689;28;Tanh();0.01;0.9;30;24;VAL;94.9;0.177412;0.679547
cuda;48000;100;CrossEntropyLoss();689;28;Tanh();0.01;0.9;30;25;TRAIN;98.1;0.068251;2.621134
cuda;12000;100;CrossEntropyLoss();689;28;Tanh();0.01;0.9;30;25;VAL;94.6;0.185513;0.599193
cuda;48000;100;CrossEntropyLoss();689;28;Tanh();0.01;0.9;30;26;TRAIN;98.2;0.065963;2.322611
cuda;12000;100;CrossEntropyLoss();689;28;Tanh();0.01;0.9;30;26;VAL;94.8;0.178377;0.589303
cuda;48000;100;CrossEntropyLoss();689;28;Tanh();0.01;0.9;30;27;TRAIN;98.2;0.064196;2.640133
cuda;12000;100;CrossEntropyLoss();689;28;Tanh();0.01;0.9;30;27;VAL;94.6;0.185753;0.599770
cuda;48000;100;CrossEntropyLoss();689;28;Tanh();0.01;0.9;30;28;TRAIN;98.2;0.062847;2.349128
cuda;12000;100;CrossEntropyLoss();689;28;Tanh();0.01;0.9;30;28;VAL;94.8;0.181401;0.604695
cuda;48000;100;CrossEntropyLoss();689;28;Tanh();0.01;0.9;30;29;TRAIN;98.3;0.061222;2.585642
cuda;12000;100;CrossEntropyLoss();689;28;Tanh();0.01;0.9;30;29;VAL;94.7;0.182799;0.668713
cuda;48000;100;CrossEntropyLoss();689;28;Tanh();0.01;0.9;30;30;TRAIN;98.4;0.059865;2.350326
cuda;12000;100;CrossEntropyLoss();689;28;Tanh();0.01;0.9;30;30;VAL;94.8;0.182662;0.645301
cuda;48000;100;CrossEntropyLoss();689;28;Tanh();0.1;0.1;30;1;TRAIN;89.5;0.411962;2.507616
cuda;12000;100;CrossEntropyLoss();689;28;Tanh();0.1;0.1;30;1;VAL;92.6;0.266292;0.720487
cuda;48000;100;CrossEntropyLoss();689;28;Tanh();0.1;0.1;30;2;TRAIN;93.5;0.229591;2.571035
cuda;12000;100;CrossEntropyLoss();689;28;Tanh();0.1;0.1;30;2;VAL;93.6;0.221909;0.580912
cuda;48000;100;CrossEntropyLoss();689;28;Tanh();0.1;0.1;30;3;TRAIN;94.5;0.193016;2.400826
cuda;12000;100;CrossEntropyLoss();689;28;Tanh();0.1;0.1;30;3;VAL;94.2;0.201996;0.638690
cuda;48000;100;CrossEntropyLoss();689;28;Tanh();0.1;0.1;30;4;TRAIN;95.1;0.169125;2.597383
cuda;12000;100;CrossEntropyLoss();689;28;Tanh();0.1;0.1;30;4;VAL;94.1;0.199197;0.594782
cuda;48000;100;CrossEntropyLoss();689;28;Tanh();0.1;0.1;30;5;TRAIN;95.6;0.154103;2.356182
cuda;12000;100;CrossEntropyLoss();689;28;Tanh();0.1;0.1;30;5;VAL;94.6;0.184530;0.599460
cuda;48000;100;CrossEntropyLoss();689;28;Tanh();0.1;0.1;30;6;TRAIN;95.9;0.142807;2.664965
cuda;12000;100;CrossEntropyLoss();689;28;Tanh();0.1;0.1;30;6;VAL;94.7;0.181220;0.585249
cuda;48000;100;CrossEntropyLoss();689;28;Tanh();0.1;0.1;30;7;TRAIN;96.3;0.132344;2.299812
cuda;12000;100;CrossEntropyLoss();689;28;Tanh();0.1;0.1;30;7;VAL;94.8;0.178907;0.587466
cuda;48000;100;CrossEntropyLoss();689;28;Tanh();0.1;0.1;30;8;TRAIN;96.5;0.123257;2.545008
cuda;12000;100;CrossEntropyLoss();689;28;Tanh();0.1;0.1;30;8;VAL;95.0;0.173185;0.704393
cuda;48000;100;CrossEntropyLoss();689;28;Tanh();0.1;0.1;30;9;TRAIN;96.6;0.116687;2.400918
cuda;12000;100;CrossEntropyLoss();689;28;Tanh();0.1;0.1;30;9;VAL;94.9;0.172851;0.590832
cuda;48000;100;CrossEntropyLoss();689;28;Tanh();0.1;0.1;30;10;TRAIN;96.8;0.110927;2.334137
cuda;12000;100;CrossEntropyLoss();689;28;Tanh();0.1;0.1;30;10;VAL;95.0;0.172518;0.683754
cuda;48000;100;CrossEntropyLoss();689;28;Tanh();0.1;0.1;30;11;TRAIN;97.1;0.104328;2.567069
cuda;12000;100;CrossEntropyLoss();689;28;Tanh();0.1;0.1;30;11;VAL;95.0;0.171864;0.586400
cuda;48000;100;CrossEntropyLoss();689;28;Tanh();0.1;0.1;30;12;TRAIN;97.2;0.099866;2.415302
cuda;12000;100;CrossEntropyLoss();689;28;Tanh();0.1;0.1;30;12;VAL;95.1;0.163531;0.574387
cuda;48000;100;CrossEntropyLoss();689;28;Tanh();0.1;0.1;30;13;TRAIN;97.3;0.095449;2.733317
cuda;12000;100;CrossEntropyLoss();689;28;Tanh();0.1;0.1;30;13;VAL;95.1;0.167739;0.591688
cuda;48000;100;CrossEntropyLoss();689;28;Tanh();0.1;0.1;30;14;TRAIN;97.5;0.090829;2.355354
cuda;12000;100;CrossEntropyLoss();689;28;Tanh();0.1;0.1;30;14;VAL;94.9;0.167093;0.579186
cuda;48000;100;CrossEntropyLoss();689;28;Tanh();0.1;0.1;30;15;TRAIN;97.5;0.087978;2.575311
cuda;12000;100;CrossEntropyLoss();689;28;Tanh();0.1;0.1;30;15;VAL;95.2;0.166727;0.665890
cuda;48000;100;CrossEntropyLoss();689;28;Tanh();0.1;0.1;30;16;TRAIN;97.6;0.084826;2.335120
cuda;12000;100;CrossEntropyLoss();689;28;Tanh();0.1;0.1;30;16;VAL;95.1;0.166417;0.591106
cuda;48000;100;CrossEntropyLoss();689;28;Tanh();0.1;0.1;30;17;TRAIN;97.7;0.081564;2.385337
cuda;12000;100;CrossEntropyLoss();689;28;Tanh();0.1;0.1;30;17;VAL;95.2;0.165437;0.702142
cuda;48000;100;CrossEntropyLoss();689;28;Tanh();0.1;0.1;30;18;TRAIN;97.8;0.078830;2.468101
cuda;12000;100;CrossEntropyLoss();689;28;Tanh();0.1;0.1;30;18;VAL;95.1;0.169651;0.572694
cuda;48000;100;CrossEntropyLoss();689;28;Tanh();0.1;0.1;30;19;TRAIN;97.9;0.075903;2.331043
cuda;12000;100;CrossEntropyLoss();689;28;Tanh();0.1;0.1;30;19;VAL;95.0;0.167850;0.605801
cuda;48000;100;CrossEntropyLoss();689;28;Tanh();0.1;0.1;30;20;TRAIN;97.9;0.073448;2.703612
cuda;12000;100;CrossEntropyLoss();689;28;Tanh();0.1;0.1;30;20;VAL;95.1;0.170404;0.581076
cuda;48000;100;CrossEntropyLoss();689;28;Tanh();0.1;0.1;30;21;TRAIN;98.0;0.070591;2.345377
cuda;12000;100;CrossEntropyLoss();689;28;Tanh();0.1;0.1;30;21;VAL;95.1;0.174961;0.663664
cuda;48000;100;CrossEntropyLoss();689;28;Tanh();0.1;0.1;30;22;TRAIN;98.2;0.068109;2.622456
cuda;12000;100;CrossEntropyLoss();689;28;Tanh();0.1;0.1;30;22;VAL;95.1;0.170354;0.607532
cuda;48000;100;CrossEntropyLoss();689;28;Tanh();0.1;0.1;30;23;TRAIN;98.1;0.067169;2.401579
cuda;12000;100;CrossEntropyLoss();689;28;Tanh();0.1;0.1;30;23;VAL;95.0;0.171458;0.580731
cuda;48000;100;CrossEntropyLoss();689;28;Tanh();0.1;0.1;30;24;TRAIN;98.2;0.064001;2.462677
cuda;12000;100;CrossEntropyLoss();689;28;Tanh();0.1;0.1;30;24;VAL;95.0;0.177036;0.675301
cuda;48000;100;CrossEntropyLoss();689;28;Tanh();0.1;0.1;30;25;TRAIN;98.4;0.062739;2.390291
cuda;12000;100;CrossEntropyLoss();689;28;Tanh();0.1;0.1;30;25;VAL;94.9;0.174119;0.605510
cuda;48000;100;CrossEntropyLoss();689;28;Tanh();0.1;0.1;30;26;TRAIN;98.4;0.060464;2.340902
cuda;12000;100;CrossEntropyLoss();689;28;Tanh();0.1;0.1;30;26;VAL;94.8;0.181304;0.685524
cuda;48000;100;CrossEntropyLoss();689;28;Tanh();0.1;0.1;30;27;TRAIN;98.5;0.058836;2.565684
cuda;12000;100;CrossEntropyLoss();689;28;Tanh();0.1;0.1;30;27;VAL;95.1;0.171148;0.584833
cuda;48000;100;CrossEntropyLoss();689;28;Tanh();0.1;0.1;30;28;TRAIN;98.5;0.056592;2.540310
cuda;12000;100;CrossEntropyLoss();689;28;Tanh();0.1;0.1;30;28;VAL;95.2;0.171909;0.657078
cuda;48000;100;CrossEntropyLoss();689;28;Tanh();0.1;0.1;30;29;TRAIN;98.6;0.055630;2.849211
cuda;12000;100;CrossEntropyLoss();689;28;Tanh();0.1;0.1;30;29;VAL;94.9;0.177078;0.675441
cuda;48000;100;CrossEntropyLoss();689;28;Tanh();0.1;0.1;30;30;TRAIN;98.6;0.053841;2.357634
cuda;12000;100;CrossEntropyLoss();689;28;Tanh();0.1;0.1;30;30;VAL;95.0;0.172966;0.606336
cuda;48000;100;CrossEntropyLoss();689;28;Tanh();0.1;0.5;30;1;TRAIN;90.2;0.362908;2.697785
cuda;12000;100;CrossEntropyLoss();689;28;Tanh();0.1;0.5;30;1;VAL;93.1;0.243686;0.629454
cuda;48000;100;CrossEntropyLoss();689;28;Tanh();0.1;0.5;30;2;TRAIN;94.2;0.205431;2.373142
cuda;12000;100;CrossEntropyLoss();689;28;Tanh();0.1;0.5;30;2;VAL;93.9;0.209073;0.580887
cuda;48000;100;CrossEntropyLoss();689;28;Tanh();0.1;0.5;30;3;TRAIN;95.0;0.173649;2.441974
cuda;12000;100;CrossEntropyLoss();689;28;Tanh();0.1;0.5;30;3;VAL;94.5;0.192747;0.730500
cuda;48000;100;CrossEntropyLoss();689;28;Tanh();0.1;0.5;30;4;TRAIN;95.4;0.154629;2.438017
cuda;12000;100;CrossEntropyLoss();689;28;Tanh();0.1;0.5;30;4;VAL;94.6;0.185603;0.673478
cuda;48000;100;CrossEntropyLoss();689;28;Tanh();0.1;0.5;30;5;TRAIN;95.9;0.140110;2.354507
cuda;12000;100;CrossEntropyLoss();689;28;Tanh();0.1;0.5;30;5;VAL;94.6;0.188056;0.682419
cuda;48000;100;CrossEntropyLoss();689;28;Tanh();0.1;0.5;30;6;TRAIN;96.2;0.130863;2.556914
cuda;12000;100;CrossEntropyLoss();689;28;Tanh();0.1;0.5;30;6;VAL;94.5;0.183456;0.595086
cuda;48000;100;CrossEntropyLoss();689;28;Tanh();0.1;0.5;30;7;TRAIN;96.4;0.122598;2.405515
cuda;12000;100;CrossEntropyLoss();689;28;Tanh();0.1;0.5;30;7;VAL;94.8;0.179710;0.579598
cuda;48000;100;CrossEntropyLoss();689;28;Tanh();0.1;0.5;30;8;TRAIN;96.7;0.114943;2.673843
cuda;12000;100;CrossEntropyLoss();689;28;Tanh();0.1;0.5;30;8;VAL;94.6;0.183776;0.613234
cuda;48000;100;CrossEntropyLoss();689;28;Tanh();0.1;0.5;30;9;TRAIN;96.8;0.108605;2.377833
cuda;12000;100;CrossEntropyLoss();689;28;Tanh();0.1;0.5;30;9;VAL;94.8;0.176657;0.622151
cuda;48000;100;CrossEntropyLoss();689;28;Tanh();0.1;0.5;30;10;TRAIN;97.0;0.101843;2.601861
cuda;12000;100;CrossEntropyLoss();689;28;Tanh();0.1;0.5;30;10;VAL;94.5;0.184067;0.685017
cuda;48000;100;CrossEntropyLoss();689;28;Tanh();0.1;0.5;30;11;TRAIN;97.2;0.096371;2.413452
cuda;12000;100;CrossEntropyLoss();689;28;Tanh();0.1;0.5;30;11;VAL;94.8;0.182501;0.594840
cuda;48000;100;CrossEntropyLoss();689;28;Tanh();0.1;0.5;30;12;TRAIN;97.2;0.093369;2.523042
cuda;12000;100;CrossEntropyLoss();689;28;Tanh();0.1;0.5;30;12;VAL;94.6;0.188214;0.725290
cuda;48000;100;CrossEntropyLoss();689;28;Tanh();0.1;0.5;30;13;TRAIN;97.4;0.090197;2.486315
cuda;12000;100;CrossEntropyLoss();689;28;Tanh();0.1;0.5;30;13;VAL;94.6;0.187229;0.608221
cuda;48000;100;CrossEntropyLoss();689;28;Tanh();0.1;0.5;30;14;TRAIN;97.6;0.084186;2.391517
cuda;12000;100;CrossEntropyLoss();689;28;Tanh();0.1;0.5;30;14;VAL;94.6;0.184522;0.668740
cuda;48000;100;CrossEntropyLoss();689;28;Tanh();0.1;0.5;30;15;TRAIN;97.6;0.081999;2.612802
cuda;12000;100;CrossEntropyLoss();689;28;Tanh();0.1;0.5;30;15;VAL;94.7;0.185700;0.606342
cuda;48000;100;CrossEntropyLoss();689;28;Tanh();0.1;0.5;30;16;TRAIN;97.7;0.077946;2.323194
cuda;12000;100;CrossEntropyLoss();689;28;Tanh();0.1;0.5;30;16;VAL;94.9;0.184372;0.581562
cuda;48000;100;CrossEntropyLoss();689;28;Tanh();0.1;0.5;30;17;TRAIN;97.8;0.075208;2.707584
cuda;12000;100;CrossEntropyLoss();689;28;Tanh();0.1;0.5;30;17;VAL;94.7;0.191512;0.583840
cuda;48000;100;CrossEntropyLoss();689;28;Tanh();0.1;0.5;30;18;TRAIN;97.9;0.071920;2.366954
cuda;12000;100;CrossEntropyLoss();689;28;Tanh();0.1;0.5;30;18;VAL;95.0;0.187363;0.605917
cuda;48000;100;CrossEntropyLoss();689;28;Tanh();0.1;0.5;30;19;TRAIN;98.0;0.069201;2.559445
cuda;12000;100;CrossEntropyLoss();689;28;Tanh();0.1;0.5;30;19;VAL;94.7;0.190040;0.664406
cuda;48000;100;CrossEntropyLoss();689;28;Tanh();0.1;0.5;30;20;TRAIN;98.1;0.066746;2.411194
cuda;12000;100;CrossEntropyLoss();689;28;Tanh();0.1;0.5;30;20;VAL;94.6;0.191536;0.605815
cuda;48000;100;CrossEntropyLoss();689;28;Tanh();0.1;0.5;30;21;TRAIN;98.2;0.064063;2.395219
cuda;12000;100;CrossEntropyLoss();689;28;Tanh();0.1;0.5;30;21;VAL;94.5;0.197474;0.724906
cuda;48000;100;CrossEntropyLoss();689;28;Tanh();0.1;0.5;30;22;TRAIN;98.2;0.062500;2.501757
cuda;12000;100;CrossEntropyLoss();689;28;Tanh();0.1;0.5;30;22;VAL;94.5;0.194803;0.590490
cuda;48000;100;CrossEntropyLoss();689;28;Tanh();0.1;0.5;30;23;TRAIN;98.2;0.061531;2.339198
cuda;12000;100;CrossEntropyLoss();689;28;Tanh();0.1;0.5;30;23;VAL;94.5;0.194915;0.585001
cuda;48000;100;CrossEntropyLoss();689;28;Tanh();0.1;0.5;30;24;TRAIN;98.4;0.058446;2.649285
cuda;12000;100;CrossEntropyLoss();689;28;Tanh();0.1;0.5;30;24;VAL;94.6;0.195382;0.617836
cuda;48000;100;CrossEntropyLoss();689;28;Tanh();0.1;0.5;30;25;TRAIN;98.4;0.056026;2.342644
cuda;12000;100;CrossEntropyLoss();689;28;Tanh();0.1;0.5;30;25;VAL;94.7;0.196590;0.609837
cuda;48000;100;CrossEntropyLoss();689;28;Tanh();0.1;0.5;30;26;TRAIN;98.5;0.054200;2.599521
cuda;12000;100;CrossEntropyLoss();689;28;Tanh();0.1;0.5;30;26;VAL;94.5;0.200953;0.622826
cuda;48000;100;CrossEntropyLoss();689;28;Tanh();0.1;0.5;30;27;TRAIN;98.6;0.052236;2.352986
cuda;12000;100;CrossEntropyLoss();689;28;Tanh();0.1;0.5;30;27;VAL;94.7;0.195091;0.583697
cuda;48000;100;CrossEntropyLoss();689;28;Tanh();0.1;0.5;30;28;TRAIN;98.6;0.050996;2.501860
cuda;12000;100;CrossEntropyLoss();689;28;Tanh();0.1;0.5;30;28;VAL;94.6;0.199435;0.694360
cuda;48000;100;CrossEntropyLoss();689;28;Tanh();0.1;0.5;30;29;TRAIN;98.6;0.049830;2.412632
cuda;12000;100;CrossEntropyLoss();689;28;Tanh();0.1;0.5;30;29;VAL;94.6;0.204781;0.585775
cuda;48000;100;CrossEntropyLoss();689;28;Tanh();0.1;0.5;30;30;TRAIN;98.7;0.047363;2.389378
cuda;12000;100;CrossEntropyLoss();689;28;Tanh();0.1;0.5;30;30;VAL;94.6;0.203807;0.680799
cuda;48000;100;CrossEntropyLoss();689;28;Tanh();0.1;0.9;30;1;TRAIN;89.4;0.352740;2.566580
cuda;12000;100;CrossEntropyLoss();689;28;Tanh();0.1;0.9;30;1;VAL;91.5;0.290775;0.595065
cuda;48000;100;CrossEntropyLoss();689;28;Tanh();0.1;0.9;30;2;TRAIN;92.9;0.237808;2.358300
cuda;12000;100;CrossEntropyLoss();689;28;Tanh();0.1;0.9;30;2;VAL;92.6;0.261892;0.593711
cuda;48000;100;CrossEntropyLoss();689;28;Tanh();0.1;0.9;30;3;TRAIN;93.7;0.210099;2.715841
cuda;12000;100;CrossEntropyLoss();689;28;Tanh();0.1;0.9;30;3;VAL;93.5;0.228026;0.588142
cuda;48000;100;CrossEntropyLoss();689;28;Tanh();0.1;0.9;30;4;TRAIN;94.2;0.195690;2.415260
cuda;12000;100;CrossEntropyLoss();689;28;Tanh();0.1;0.9;30;4;VAL;93.5;0.213980;0.617790
cuda;48000;100;CrossEntropyLoss();689;28;Tanh();0.1;0.9;30;5;TRAIN;94.5;0.181044;2.561570
cuda;12000;100;CrossEntropyLoss();689;28;Tanh();0.1;0.9;30;5;VAL;93.5;0.217155;0.672949
cuda;48000;100;CrossEntropyLoss();689;28;Tanh();0.1;0.9;30;6;TRAIN;94.8;0.173545;2.356286
cuda;12000;100;CrossEntropyLoss();689;28;Tanh();0.1;0.9;30;6;VAL;93.3;0.228759;0.592300
cuda;48000;100;CrossEntropyLoss();689;28;Tanh();0.1;0.9;30;7;TRAIN;94.9;0.166341;2.442978
cuda;12000;100;CrossEntropyLoss();689;28;Tanh();0.1;0.9;30;7;VAL;93.5;0.228484;0.686983
cuda;48000;100;CrossEntropyLoss();689;28;Tanh();0.1;0.9;30;8;TRAIN;95.1;0.160610;2.461002
cuda;12000;100;CrossEntropyLoss();689;28;Tanh();0.1;0.9;30;8;VAL;93.9;0.220329;0.592290
cuda;48000;100;CrossEntropyLoss();689;28;Tanh();0.1;0.9;30;9;TRAIN;95.2;0.158202;2.346934
cuda;12000;100;CrossEntropyLoss();689;28;Tanh();0.1;0.9;30;9;VAL;93.9;0.214770;0.597368
cuda;48000;100;CrossEntropyLoss();689;28;Tanh();0.1;0.9;30;10;TRAIN;95.5;0.146321;2.716310
cuda;12000;100;CrossEntropyLoss();689;28;Tanh();0.1;0.9;30;10;VAL;94.0;0.211087;0.589433
cuda;48000;100;CrossEntropyLoss();689;28;Tanh();0.1;0.9;30;11;TRAIN;95.7;0.143317;2.346719
cuda;12000;100;CrossEntropyLoss();689;28;Tanh();0.1;0.9;30;11;VAL;94.1;0.208717;0.603633
cuda;48000;100;CrossEntropyLoss();689;28;Tanh();0.1;0.9;30;12;TRAIN;95.8;0.141164;2.629332
cuda;12000;100;CrossEntropyLoss();689;28;Tanh();0.1;0.9;30;12;VAL;93.9;0.213575;0.623342
cuda;48000;100;CrossEntropyLoss();689;28;Tanh();0.1;0.9;30;13;TRAIN;95.8;0.140365;2.359905
cuda;12000;100;CrossEntropyLoss();689;28;Tanh();0.1;0.9;30;13;VAL;94.1;0.209793;0.578163
cuda;48000;100;CrossEntropyLoss();689;28;Tanh();0.1;0.9;30;14;TRAIN;95.8;0.135519;2.457714
cuda;12000;100;CrossEntropyLoss();689;28;Tanh();0.1;0.9;30;14;VAL;94.1;0.214490;0.679056
cuda;48000;100;CrossEntropyLoss();689;28;Tanh();0.1;0.9;30;15;TRAIN;95.9;0.133163;2.410466
cuda;12000;100;CrossEntropyLoss();689;28;Tanh();0.1;0.9;30;15;VAL;93.9;0.215582;0.614124
cuda;48000;100;CrossEntropyLoss();689;28;Tanh();0.1;0.9;30;16;TRAIN;96.1;0.126611;2.363986
cuda;12000;100;CrossEntropyLoss();689;28;Tanh();0.1;0.9;30;16;VAL;93.9;0.210127;0.688450
cuda;48000;100;CrossEntropyLoss();689;28;Tanh();0.1;0.9;30;17;TRAIN;96.1;0.126424;2.538663
cuda;12000;100;CrossEntropyLoss();689;28;Tanh();0.1;0.9;30;17;VAL;94.3;0.216128;0.614209
cuda;48000;100;CrossEntropyLoss();689;28;Tanh();0.1;0.9;30;18;TRAIN;96.3;0.120506;2.370703
cuda;12000;100;CrossEntropyLoss();689;28;Tanh();0.1;0.9;30;18;VAL;94.3;0.206126;0.596911
cuda;48000;100;CrossEntropyLoss();689;28;Tanh();0.1;0.9;30;19;TRAIN;96.3;0.121089;2.690590
cuda;12000;100;CrossEntropyLoss();689;28;Tanh();0.1;0.9;30;19;VAL;94.3;0.214309;0.654285
cuda;48000;100;CrossEntropyLoss();689;28;Tanh();0.1;0.9;30;20;TRAIN;96.3;0.120434;2.348464
cuda;12000;100;CrossEntropyLoss();689;28;Tanh();0.1;0.9;30;20;VAL;94.4;0.206097;0.582989
cuda;48000;100;CrossEntropyLoss();689;28;Tanh();0.1;0.9;30;21;TRAIN;96.3;0.117376;2.594967
cuda;12000;100;CrossEntropyLoss();689;28;Tanh();0.1;0.9;30;21;VAL;94.8;0.203831;0.657523
cuda;48000;100;CrossEntropyLoss();689;28;Tanh();0.1;0.9;30;22;TRAIN;96.4;0.115103;2.334531
cuda;12000;100;CrossEntropyLoss();689;28;Tanh();0.1;0.9;30;22;VAL;94.7;0.204035;0.574880
cuda;48000;100;CrossEntropyLoss();689;28;Tanh();0.1;0.9;30;23;TRAIN;96.6;0.109374;2.365232
cuda;12000;100;CrossEntropyLoss();689;28;Tanh();0.1;0.9;30;23;VAL;94.4;0.207258;0.703390
cuda;48000;100;CrossEntropyLoss();689;28;Tanh();0.1;0.9;30;24;TRAIN;96.6;0.108169;2.512670
cuda;12000;100;CrossEntropyLoss();689;28;Tanh();0.1;0.9;30;24;VAL;94.2;0.217536;0.609075
cuda;48000;100;CrossEntropyLoss();689;28;Tanh();0.1;0.9;30;25;TRAIN;96.6;0.111344;2.379215
cuda;12000;100;CrossEntropyLoss();689;28;Tanh();0.1;0.9;30;25;VAL;94.4;0.216540;0.582350
cuda;48000;100;CrossEntropyLoss();689;28;Tanh();0.1;0.9;30;26;TRAIN;96.7;0.107974;2.672073
cuda;12000;100;CrossEntropyLoss();689;28;Tanh();0.1;0.9;30;26;VAL;94.2;0.220498;0.611277
cuda;48000;100;CrossEntropyLoss();689;28;Tanh();0.1;0.9;30;27;TRAIN;96.8;0.104605;2.347751
cuda;12000;100;CrossEntropyLoss();689;28;Tanh();0.1;0.9;30;27;VAL;94.5;0.200519;0.610794
cuda;48000;100;CrossEntropyLoss();689;28;Tanh();0.1;0.9;30;28;TRAIN;97.0;0.099057;2.628145
cuda;12000;100;CrossEntropyLoss();689;28;Tanh();0.1;0.9;30;28;VAL;94.6;0.211584;0.612877
cuda;48000;100;CrossEntropyLoss();689;28;Tanh();0.1;0.9;30;29;TRAIN;96.9;0.101373;2.413063
cuda;12000;100;CrossEntropyLoss();689;28;Tanh();0.1;0.9;30;29;VAL;94.7;0.205319;0.585245
cuda;48000;100;CrossEntropyLoss();689;28;Tanh();0.1;0.9;30;30;TRAIN;96.9;0.100353;2.458637
cuda;12000;100;CrossEntropyLoss();689;28;Tanh();0.1;0.9;30;30;VAL;94.5;0.209038;0.668108
cuda;48000;100;CrossEntropyLoss();689;397;Tanh();0.001;0.1;30;1;TRAIN;63.1;1.618029;2.475554
cuda;12000;100;CrossEntropyLoss();689;397;Tanh();0.001;0.1;30;1;VAL;77.9;1.175599;0.610599
cuda;48000;100;CrossEntropyLoss();689;397;Tanh();0.001;0.1;30;2;TRAIN;81.0;0.972424;2.364044
cuda;12000;100;CrossEntropyLoss();689;397;Tanh();0.001;0.1;30;2;VAL;83.1;0.825893;0.698989
cuda;48000;100;CrossEntropyLoss();689;397;Tanh();0.001;0.1;30;3;TRAIN;84.2;0.739888;2.560408
cuda;12000;100;CrossEntropyLoss();689;397;Tanh();0.001;0.1;30;3;VAL;84.9;0.671988;0.592585
cuda;48000;100;CrossEntropyLoss();689;397;Tanh();0.001;0.1;30;4;TRAIN;85.7;0.624966;2.321920
cuda;12000;100;CrossEntropyLoss();689;397;Tanh();0.001;0.1;30;4;VAL;86.3;0.586379;0.619434
cuda;48000;100;CrossEntropyLoss();689;397;Tanh();0.001;0.1;30;5;TRAIN;86.6;0.556228;2.686492
cuda;12000;100;CrossEntropyLoss();689;397;Tanh();0.001;0.1;30;5;VAL;87.1;0.531678;0.587178
cuda;48000;100;CrossEntropyLoss();689;397;Tanh();0.001;0.1;30;6;TRAIN;87.3;0.510201;2.387985
cuda;12000;100;CrossEntropyLoss();689;397;Tanh();0.001;0.1;30;6;VAL;87.6;0.493700;0.603501
cuda;48000;100;CrossEntropyLoss();689;397;Tanh();0.001;0.1;30;7;TRAIN;87.9;0.476988;2.564718
cuda;12000;100;CrossEntropyLoss();689;397;Tanh();0.001;0.1;30;7;VAL;88.0;0.465612;0.669967
cuda;48000;100;CrossEntropyLoss();689;397;Tanh();0.001;0.1;30;8;TRAIN;88.3;0.451775;2.340945
cuda;12000;100;CrossEntropyLoss();689;397;Tanh();0.001;0.1;30;8;VAL;88.5;0.443881;0.586863
cuda;48000;100;CrossEntropyLoss();689;397;Tanh();0.001;0.1;30;9;TRAIN;88.6;0.431846;2.502223
cuda;12000;100;CrossEntropyLoss();689;397;Tanh();0.001;0.1;30;9;VAL;88.7;0.426458;0.688546
cuda;48000;100;CrossEntropyLoss();689;397;Tanh();0.001;0.1;30;10;TRAIN;88.9;0.415647;2.473149
cuda;12000;100;CrossEntropyLoss();689;397;Tanh();0.001;0.1;30;10;VAL;88.9;0.412112;0.624769
cuda;48000;100;CrossEntropyLoss();689;397;Tanh();0.001;0.1;30;11;TRAIN;89.1;0.402182;2.392061
cuda;12000;100;CrossEntropyLoss();689;397;Tanh();0.001;0.1;30;11;VAL;89.1;0.400236;0.615614
cuda;48000;100;CrossEntropyLoss();689;397;Tanh();0.001;0.1;30;12;TRAIN;89.3;0.390717;2.643567
cuda;12000;100;CrossEntropyLoss();689;397;Tanh();0.001;0.1;30;12;VAL;89.3;0.390164;0.608843
cuda;48000;100;CrossEntropyLoss();689;397;Tanh();0.001;0.1;30;13;TRAIN;89.5;0.380859;2.411374
cuda;12000;100;CrossEntropyLoss();689;397;Tanh();0.001;0.1;30;13;VAL;89.5;0.381237;0.584748
cuda;48000;100;CrossEntropyLoss();689;397;Tanh();0.001;0.1;30;14;TRAIN;89.7;0.372193;2.636043
cuda;12000;100;CrossEntropyLoss();689;397;Tanh();0.001;0.1;30;14;VAL;89.7;0.373525;0.618518
cuda;48000;100;CrossEntropyLoss();689;397;Tanh();0.001;0.1;30;15;TRAIN;89.8;0.364532;2.349069
cuda;12000;100;CrossEntropyLoss();689;397;Tanh();0.001;0.1;30;15;VAL;89.8;0.366711;0.592803
cuda;48000;100;CrossEntropyLoss();689;397;Tanh();0.001;0.1;30;16;TRAIN;90.0;0.357717;2.522186
cuda;12000;100;CrossEntropyLoss();689;397;Tanh();0.001;0.1;30;16;VAL;89.9;0.360539;0.678797
cuda;48000;100;CrossEntropyLoss();689;397;Tanh();0.001;0.1;30;17;TRAIN;90.1;0.351518;2.425863
cuda;12000;100;CrossEntropyLoss();689;397;Tanh();0.001;0.1;30;17;VAL;90.0;0.354999;0.580444
cuda;48000;100;CrossEntropyLoss();689;397;Tanh();0.001;0.1;30;18;TRAIN;90.3;0.345889;2.339356
cuda;12000;100;CrossEntropyLoss();689;397;Tanh();0.001;0.1;30;18;VAL;90.1;0.349934;0.759333
cuda;48000;100;CrossEntropyLoss();689;397;Tanh();0.001;0.1;30;19;TRAIN;90.4;0.340719;2.614697
cuda;12000;100;CrossEntropyLoss();689;397;Tanh();0.001;0.1;30;19;VAL;90.2;0.345271;0.596521
cuda;48000;100;CrossEntropyLoss();689;397;Tanh();0.001;0.1;30;20;TRAIN;90.5;0.335960;2.366528
cuda;12000;100;CrossEntropyLoss();689;397;Tanh();0.001;0.1;30;20;VAL;90.3;0.341000;0.608357
cuda;48000;100;CrossEntropyLoss();689;397;Tanh();0.001;0.1;30;21;TRAIN;90.6;0.331553;2.703437
cuda;12000;100;CrossEntropyLoss();689;397;Tanh();0.001;0.1;30;21;VAL;90.5;0.336974;0.605594
cuda;48000;100;CrossEntropyLoss();689;397;Tanh();0.001;0.1;30;22;TRAIN;90.8;0.327448;2.402052
cuda;12000;100;CrossEntropyLoss();689;397;Tanh();0.001;0.1;30;22;VAL;90.5;0.333378;0.595044
cuda;48000;100;CrossEntropyLoss();689;397;Tanh();0.001;0.1;30;23;TRAIN;90.9;0.323601;2.614168
cuda;12000;100;CrossEntropyLoss();689;397;Tanh();0.001;0.1;30;23;VAL;90.6;0.329978;0.647518
cuda;48000;100;CrossEntropyLoss();689;397;Tanh();0.001;0.1;30;24;TRAIN;90.9;0.319976;2.371773
cuda;12000;100;CrossEntropyLoss();689;397;Tanh();0.001;0.1;30;24;VAL;90.7;0.326752;0.590023
cuda;48000;100;CrossEntropyLoss();689;397;Tanh();0.001;0.1;30;25;TRAIN;91.0;0.316542;2.452262
cuda;12000;100;CrossEntropyLoss();689;397;Tanh();0.001;0.1;30;25;VAL;90.8;0.323648;0.705687
cuda;48000;100;CrossEntropyLoss();689;397;Tanh();0.001;0.1;30;26;TRAIN;91.1;0.313306;2.472557
cuda;12000;100;CrossEntropyLoss();689;397;Tanh();0.001;0.1;30;26;VAL;90.8;0.320738;0.606010
cuda;48000;100;CrossEntropyLoss();689;397;Tanh();0.001;0.1;30;27;TRAIN;91.2;0.310234;2.354842
cuda;12000;100;CrossEntropyLoss();689;397;Tanh();0.001;0.1;30;27;VAL;91.0;0.318025;0.642128
cuda;48000;100;CrossEntropyLoss();689;397;Tanh();0.001;0.1;30;28;TRAIN;91.3;0.307306;2.674211
cuda;12000;100;CrossEntropyLoss();689;397;Tanh();0.001;0.1;30;28;VAL;91.0;0.315372;0.629915
cuda;48000;100;CrossEntropyLoss();689;397;Tanh();0.001;0.1;30;29;TRAIN;91.3;0.304498;2.346465
cuda;12000;100;CrossEntropyLoss();689;397;Tanh();0.001;0.1;30;29;VAL;91.1;0.312977;0.575584
cuda;48000;100;CrossEntropyLoss();689;397;Tanh();0.001;0.1;30;30;TRAIN;91.4;0.301801;2.703420
cuda;12000;100;CrossEntropyLoss();689;397;Tanh();0.001;0.1;30;30;VAL;91.1;0.310534;0.598634
cuda;48000;100;CrossEntropyLoss();689;397;Tanh();0.001;0.5;30;1;TRAIN;70.9;1.360334;2.360040
cuda;12000;100;CrossEntropyLoss();689;397;Tanh();0.001;0.5;30;1;VAL;81.8;0.879649;0.598517
cuda;48000;100;CrossEntropyLoss();689;397;Tanh();0.001;0.5;30;2;TRAIN;84.3;0.723768;2.538444
cuda;12000;100;CrossEntropyLoss();689;397;Tanh();0.001;0.5;30;2;VAL;85.9;0.620362;0.661442
cuda;48000;100;CrossEntropyLoss();689;397;Tanh();0.001;0.5;30;3;TRAIN;86.6;0.560632;2.359919
cuda;12000;100;CrossEntropyLoss();689;397;Tanh();0.001;0.5;30;3;VAL;87.2;0.518669;0.600662
cuda;48000;100;CrossEntropyLoss();689;397;Tanh();0.001;0.5;30;4;TRAIN;87.7;0.484884;2.405677
cuda;12000;100;CrossEntropyLoss();689;397;Tanh();0.001;0.5;30;4;VAL;88.2;0.463737;0.733384
cuda;48000;100;CrossEntropyLoss();689;397;Tanh();0.001;0.5;30;5;TRAIN;88.5;0.440410;2.518820
cuda;12000;100;CrossEntropyLoss();689;397;Tanh();0.001;0.5;30;5;VAL;88.6;0.428984;0.621691
cuda;48000;100;CrossEntropyLoss();689;397;Tanh();0.001;0.5;30;6;TRAIN;89.0;0.410677;2.398453
cuda;12000;100;CrossEntropyLoss();689;397;Tanh();0.001;0.5;30;6;VAL;89.0;0.404673;0.650409
cuda;48000;100;CrossEntropyLoss();689;397;Tanh();0.001;0.5;30;7;TRAIN;89.4;0.389065;2.719910
cuda;12000;100;CrossEntropyLoss();689;397;Tanh();0.001;0.5;30;7;VAL;89.3;0.386800;0.589098
cuda;48000;100;CrossEntropyLoss();689;397;Tanh();0.001;0.5;30;8;TRAIN;89.7;0.372495;2.483553
cuda;12000;100;CrossEntropyLoss();689;397;Tanh();0.001;0.5;30;8;VAL;89.6;0.372547;0.624577
cuda;48000;100;CrossEntropyLoss();689;397;Tanh();0.001;0.5;30;9;TRAIN;90.0;0.359210;2.830111
cuda;12000;100;CrossEntropyLoss();689;397;Tanh();0.001;0.5;30;9;VAL;89.9;0.361148;0.627600
cuda;48000;100;CrossEntropyLoss();689;397;Tanh();0.001;0.5;30;10;TRAIN;90.3;0.348210;2.536824
cuda;12000;100;CrossEntropyLoss();689;397;Tanh();0.001;0.5;30;10;VAL;90.2;0.351668;0.591931
cuda;48000;100;CrossEntropyLoss();689;397;Tanh();0.001;0.5;30;11;TRAIN;90.5;0.338848;2.684129
cuda;12000;100;CrossEntropyLoss();689;397;Tanh();0.001;0.5;30;11;VAL;90.5;0.343463;0.713996
cuda;48000;100;CrossEntropyLoss();689;397;Tanh();0.001;0.5;30;12;TRAIN;90.7;0.330670;2.363039
cuda;12000;100;CrossEntropyLoss();689;397;Tanh();0.001;0.5;30;12;VAL;90.6;0.336277;0.592110
cuda;48000;100;CrossEntropyLoss();689;397;Tanh();0.001;0.5;30;13;TRAIN;90.8;0.323463;2.402238
cuda;12000;100;CrossEntropyLoss();689;397;Tanh();0.001;0.5;30;13;VAL;90.7;0.329885;0.704759
cuda;48000;100;CrossEntropyLoss();689;397;Tanh();0.001;0.5;30;14;TRAIN;91.0;0.317080;2.492813
cuda;12000;100;CrossEntropyLoss();689;397;Tanh();0.001;0.5;30;14;VAL;90.8;0.324487;0.606229
cuda;48000;100;CrossEntropyLoss();689;397;Tanh();0.001;0.5;30;15;TRAIN;91.2;0.311304;2.334765
cuda;12000;100;CrossEntropyLoss();689;397;Tanh();0.001;0.5;30;15;VAL;90.9;0.319295;0.618017
cuda;48000;100;CrossEntropyLoss();689;397;Tanh();0.001;0.5;30;16;TRAIN;91.3;0.305962;2.672430
cuda;12000;100;CrossEntropyLoss();689;397;Tanh();0.001;0.5;30;16;VAL;91.0;0.314581;0.586101
cuda;48000;100;CrossEntropyLoss();689;397;Tanh();0.001;0.5;30;17;TRAIN;91.5;0.301030;2.448578
cuda;12000;100;CrossEntropyLoss();689;397;Tanh();0.001;0.5;30;17;VAL;91.2;0.310327;0.586071
cuda;48000;100;CrossEntropyLoss();689;397;Tanh();0.001;0.5;30;18;TRAIN;91.5;0.296498;2.671171
cuda;12000;100;CrossEntropyLoss();689;397;Tanh();0.001;0.5;30;18;VAL;91.4;0.306376;0.595258
cuda;48000;100;CrossEntropyLoss();689;397;Tanh();0.001;0.5;30;19;TRAIN;91.6;0.292215;2.337903
cuda;12000;100;CrossEntropyLoss();689;397;Tanh();0.001;0.5;30;19;VAL;91.5;0.302354;0.623258
cuda;48000;100;CrossEntropyLoss();689;397;Tanh();0.001;0.5;30;20;TRAIN;91.7;0.288136;2.552949
cuda;12000;100;CrossEntropyLoss();689;397;Tanh();0.001;0.5;30;20;VAL;91.6;0.299011;0.656166
cuda;48000;100;CrossEntropyLoss();689;397;Tanh();0.001;0.5;30;21;TRAIN;91.9;0.284328;2.400885
cuda;12000;100;CrossEntropyLoss();689;397;Tanh();0.001;0.5;30;21;VAL;91.7;0.295394;0.614346
cuda;48000;100;CrossEntropyLoss();689;397;Tanh();0.001;0.5;30;22;TRAIN;91.9;0.280656;2.376704
cuda;12000;100;CrossEntropyLoss();689;397;Tanh();0.001;0.5;30;22;VAL;91.8;0.292423;0.688984
cuda;48000;100;CrossEntropyLoss();689;397;Tanh();0.001;0.5;30;23;TRAIN;92.0;0.277159;2.542976
cuda;12000;100;CrossEntropyLoss();689;397;Tanh();0.001;0.5;30;23;VAL;91.8;0.289242;0.632797
cuda;48000;100;CrossEntropyLoss();689;397;Tanh();0.001;0.5;30;24;TRAIN;92.1;0.273824;2.352883
cuda;12000;100;CrossEntropyLoss();689;397;Tanh();0.001;0.5;30;24;VAL;91.9;0.286215;0.602777
cuda;48000;100;CrossEntropyLoss();689;397;Tanh();0.001;0.5;30;25;TRAIN;92.2;0.270606;2.694703
cuda;12000;100;CrossEntropyLoss();689;397;Tanh();0.001;0.5;30;25;VAL;92.0;0.283545;0.620572
cuda;48000;100;CrossEntropyLoss();689;397;Tanh();0.001;0.5;30;26;TRAIN;92.3;0.267461;2.402620
cuda;12000;100;CrossEntropyLoss();689;397;Tanh();0.001;0.5;30;26;VAL;92.1;0.280653;0.590265
cuda;48000;100;CrossEntropyLoss();689;397;Tanh();0.001;0.5;30;27;TRAIN;92.4;0.264435;2.792582
cuda;12000;100;CrossEntropyLoss();689;397;Tanh();0.001;0.5;30;27;VAL;92.1;0.278219;0.651850
cuda;48000;100;CrossEntropyLoss();689;397;Tanh();0.001;0.5;30;28;TRAIN;92.5;0.261520;2.373503
cuda;12000;100;CrossEntropyLoss();689;397;Tanh();0.001;0.5;30;28;VAL;92.2;0.275477;0.592665
cuda;48000;100;CrossEntropyLoss();689;397;Tanh();0.001;0.5;30;29;TRAIN;92.6;0.258650;2.512518
cuda;12000;100;CrossEntropyLoss();689;397;Tanh();0.001;0.5;30;29;VAL;92.3;0.272988;0.692810
cuda;48000;100;CrossEntropyLoss();689;397;Tanh();0.001;0.5;30;30;TRAIN;92.7;0.255869;2.460690
cuda;12000;100;CrossEntropyLoss();689;397;Tanh();0.001;0.5;30;30;VAL;92.4;0.270514;0.607546
cuda;48000;100;CrossEntropyLoss();689;397;Tanh();0.001;0.9;30;1;TRAIN;81.3;0.751867;2.368769
cuda;12000;100;CrossEntropyLoss();689;397;Tanh();0.001;0.9;30;1;VAL;88.6;0.431449;0.655770
cuda;48000;100;CrossEntropyLoss();689;397;Tanh();0.001;0.9;30;2;TRAIN;89.6;0.380204;2.582029
cuda;12000;100;CrossEntropyLoss();689;397;Tanh();0.001;0.9;30;2;VAL;90.1;0.353081;0.573200
cuda;48000;100;CrossEntropyLoss();689;397;Tanh();0.001;0.9;30;3;TRAIN;90.7;0.328006;2.348523
cuda;12000;100;CrossEntropyLoss();689;397;Tanh();0.001;0.9;30;3;VAL;91.0;0.319793;0.591610
cuda;48000;100;CrossEntropyLoss();689;397;Tanh();0.001;0.9;30;4;TRAIN;91.4;0.300391;2.653821
cuda;12000;100;CrossEntropyLoss();689;397;Tanh();0.001;0.9;30;4;VAL;91.4;0.299863;0.594139
cuda;48000;100;CrossEntropyLoss();689;397;Tanh();0.001;0.9;30;5;TRAIN;91.9;0.281021;2.356028
cuda;12000;100;CrossEntropyLoss();689;397;Tanh();0.001;0.9;30;5;VAL;92.0;0.284223;0.598524
cuda;48000;100;CrossEntropyLoss();689;397;Tanh();0.001;0.9;30;6;TRAIN;92.4;0.265361;2.535738
cuda;12000;100;CrossEntropyLoss();689;397;Tanh();0.001;0.9;30;6;VAL;92.2;0.272202;0.708010
cuda;48000;100;CrossEntropyLoss();689;397;Tanh();0.001;0.9;30;7;TRAIN;92.9;0.251918;2.441506
cuda;12000;100;CrossEntropyLoss();689;397;Tanh();0.001;0.9;30;7;VAL;92.5;0.260794;0.600915
cuda;48000;100;CrossEntropyLoss();689;397;Tanh();0.001;0.9;30;8;TRAIN;93.2;0.239692;2.394437
cuda;12000;100;CrossEntropyLoss();689;397;Tanh();0.001;0.9;30;8;VAL;92.9;0.249816;0.720752
cuda;48000;100;CrossEntropyLoss();689;397;Tanh();0.001;0.9;30;9;TRAIN;93.5;0.228352;2.557443
cuda;12000;100;CrossEntropyLoss();689;397;Tanh();0.001;0.9;30;9;VAL;93.2;0.241308;0.589379
cuda;48000;100;CrossEntropyLoss();689;397;Tanh();0.001;0.9;30;10;TRAIN;93.9;0.217901;2.389000
cuda;12000;100;CrossEntropyLoss();689;397;Tanh();0.001;0.9;30;10;VAL;93.5;0.232251;0.617490
cuda;48000;100;CrossEntropyLoss();689;397;Tanh();0.001;0.9;30;11;TRAIN;94.1;0.208261;2.642757
cuda;12000;100;CrossEntropyLoss();689;397;Tanh();0.001;0.9;30;11;VAL;93.7;0.224803;0.605674
cuda;48000;100;CrossEntropyLoss();689;397;Tanh();0.001;0.9;30;12;TRAIN;94.4;0.199139;2.342026
cuda;12000;100;CrossEntropyLoss();689;397;Tanh();0.001;0.9;30;12;VAL;93.8;0.216283;0.583390
cuda;48000;100;CrossEntropyLoss();689;397;Tanh();0.001;0.9;30;13;TRAIN;94.7;0.190655;2.616544
cuda;12000;100;CrossEntropyLoss();689;397;Tanh();0.001;0.9;30;13;VAL;94.0;0.209278;0.649068
cuda;48000;100;CrossEntropyLoss();689;397;Tanh();0.001;0.9;30;14;TRAIN;94.9;0.182533;2.359805
cuda;12000;100;CrossEntropyLoss();689;397;Tanh();0.001;0.9;30;14;VAL;94.2;0.202348;0.592451
cuda;48000;100;CrossEntropyLoss();689;397;Tanh();0.001;0.9;30;15;TRAIN;95.2;0.175078;2.490120
cuda;12000;100;CrossEntropyLoss();689;397;Tanh();0.001;0.9;30;15;VAL;94.4;0.196385;0.703423
cuda;48000;100;CrossEntropyLoss();689;397;Tanh();0.001;0.9;30;16;TRAIN;95.3;0.168126;2.485109
cuda;12000;100;CrossEntropyLoss();689;397;Tanh();0.001;0.9;30;16;VAL;94.5;0.191701;0.591403
cuda;48000;100;CrossEntropyLoss();689;397;Tanh();0.001;0.9;30;17;TRAIN;95.5;0.161743;2.382790
cuda;12000;100;CrossEntropyLoss();689;397;Tanh();0.001;0.9;30;17;VAL;94.7;0.185520;0.691086
cuda;48000;100;CrossEntropyLoss();689;397;Tanh();0.001;0.9;30;18;TRAIN;95.7;0.155595;2.657244
cuda;12000;100;CrossEntropyLoss();689;397;Tanh();0.001;0.9;30;18;VAL;94.8;0.180293;0.632824
cuda;48000;100;CrossEntropyLoss();689;397;Tanh();0.001;0.9;30;19;TRAIN;95.8;0.149949;2.385657
cuda;12000;100;CrossEntropyLoss();689;397;Tanh();0.001;0.9;30;19;VAL;94.9;0.176025;0.582120
cuda;48000;100;CrossEntropyLoss();689;397;Tanh();0.001;0.9;30;20;TRAIN;96.0;0.144606;2.671956
cuda;12000;100;CrossEntropyLoss();689;397;Tanh();0.001;0.9;30;20;VAL;95.0;0.171804;0.590657
cuda;48000;100;CrossEntropyLoss();689;397;Tanh();0.001;0.9;30;21;TRAIN;96.1;0.139626;2.355962
cuda;12000;100;CrossEntropyLoss();689;397;Tanh();0.001;0.9;30;21;VAL;95.1;0.168023;0.601754
cuda;48000;100;CrossEntropyLoss();689;397;Tanh();0.001;0.9;30;22;TRAIN;96.3;0.134735;2.587171
cuda;12000;100;CrossEntropyLoss();689;397;Tanh();0.001;0.9;30;22;VAL;95.2;0.164006;0.664851
cuda;48000;100;CrossEntropyLoss();689;397;Tanh();0.001;0.9;30;23;TRAIN;96.4;0.130341;2.377484
cuda;12000;100;CrossEntropyLoss();689;397;Tanh();0.001;0.9;30;23;VAL;95.3;0.160270;0.608340
cuda;48000;100;CrossEntropyLoss();689;397;Tanh();0.001;0.9;30;24;TRAIN;96.5;0.126164;2.417193
cuda;12000;100;CrossEntropyLoss();689;397;Tanh();0.001;0.9;30;24;VAL;95.5;0.156400;0.706185
cuda;48000;100;CrossEntropyLoss();689;397;Tanh();0.001;0.9;30;25;TRAIN;96.7;0.122221;2.492540
cuda;12000;100;CrossEntropyLoss();689;397;Tanh();0.001;0.9;30;25;VAL;95.6;0.154417;0.590175
cuda;48000;100;CrossEntropyLoss();689;397;Tanh();0.001;0.9;30;26;TRAIN;96.8;0.118347;2.420880
cuda;12000;100;CrossEntropyLoss();689;397;Tanh();0.001;0.9;30;26;VAL;95.6;0.150571;0.707173
cuda;48000;100;CrossEntropyLoss();689;397;Tanh();0.001;0.9;30;27;TRAIN;96.9;0.114912;2.620215
cuda;12000;100;CrossEntropyLoss();689;397;Tanh();0.001;0.9;30;27;VAL;95.8;0.147772;0.608370
cuda;48000;100;CrossEntropyLoss();689;397;Tanh();0.001;0.9;30;28;TRAIN;97.0;0.111334;2.376781
cuda;12000;100;CrossEntropyLoss();689;397;Tanh();0.001;0.9;30;28;VAL;95.8;0.145093;0.598394
cuda;48000;100;CrossEntropyLoss();689;397;Tanh();0.001;0.9;30;29;TRAIN;97.1;0.108158;2.656282
cuda;12000;100;CrossEntropyLoss();689;397;Tanh();0.001;0.9;30;29;VAL;95.9;0.142356;0.605283
cuda;48000;100;CrossEntropyLoss();689;397;Tanh();0.001;0.9;30;30;TRAIN;97.1;0.105070;2.407225
cuda;12000;100;CrossEntropyLoss();689;397;Tanh();0.001;0.9;30;30;VAL;96.0;0.140041;0.610047
cuda;48000;100;CrossEntropyLoss();689;397;Tanh();0.01;0.1;30;1;TRAIN;84.1;0.679763;2.604737
cuda;12000;100;CrossEntropyLoss();689;397;Tanh();0.01;0.1;30;1;VAL;89.1;0.410670;0.672761
cuda;48000;100;CrossEntropyLoss();689;397;Tanh();0.01;0.1;30;2;TRAIN;89.9;0.364116;2.349415
cuda;12000;100;CrossEntropyLoss();689;397;Tanh();0.01;0.1;30;2;VAL;90.3;0.340942;0.592205
cuda;48000;100;CrossEntropyLoss();689;397;Tanh();0.01;0.1;30;3;TRAIN;91.1;0.316248;2.379586
cuda;12000;100;CrossEntropyLoss();689;397;Tanh();0.01;0.1;30;3;VAL;91.1;0.311389;0.702960
cuda;48000;100;CrossEntropyLoss();689;397;Tanh();0.01;0.1;30;4;TRAIN;91.7;0.289871;2.719395
cuda;12000;100;CrossEntropyLoss();689;397;Tanh();0.01;0.1;30;4;VAL;91.7;0.291804;0.741098
cuda;48000;100;CrossEntropyLoss();689;397;Tanh();0.01;0.1;30;5;TRAIN;92.2;0.270404;2.334352
cuda;12000;100;CrossEntropyLoss();689;397;Tanh();0.01;0.1;30;5;VAL;92.1;0.276142;0.769313
cuda;48000;100;CrossEntropyLoss();689;397;Tanh();0.01;0.1;30;6;TRAIN;92.7;0.254452;2.611472
cuda;12000;100;CrossEntropyLoss();689;397;Tanh();0.01;0.1;30;6;VAL;92.6;0.262496;0.593587
cuda;48000;100;CrossEntropyLoss();689;397;Tanh();0.01;0.1;30;7;TRAIN;93.2;0.240403;2.345215
cuda;12000;100;CrossEntropyLoss();689;397;Tanh();0.01;0.1;30;7;VAL;92.9;0.251118;0.615367
cuda;48000;100;CrossEntropyLoss();689;397;Tanh();0.01;0.1;30;8;TRAIN;93.6;0.227705;2.728016
cuda;12000;100;CrossEntropyLoss();689;397;Tanh();0.01;0.1;30;8;VAL;93.1;0.240595;0.581754
cuda;48000;100;CrossEntropyLoss();689;397;Tanh();0.01;0.1;30;9;TRAIN;93.9;0.216262;2.452889
cuda;12000;100;CrossEntropyLoss();689;397;Tanh();0.01;0.1;30;9;VAL;93.4;0.231025;0.601348
cuda;48000;100;CrossEntropyLoss();689;397;Tanh();0.01;0.1;30;10;TRAIN;94.2;0.205422;2.570222
cuda;12000;100;CrossEntropyLoss();689;397;Tanh();0.01;0.1;30;10;VAL;93.7;0.222099;0.679679
cuda;48000;100;CrossEntropyLoss();689;397;Tanh();0.01;0.1;30;11;TRAIN;94.5;0.195482;2.423307
cuda;12000;100;CrossEntropyLoss();689;397;Tanh();0.01;0.1;30;11;VAL;93.9;0.214206;0.601249
cuda;48000;100;CrossEntropyLoss();689;397;Tanh();0.01;0.1;30;12;TRAIN;94.8;0.186235;2.472638
cuda;12000;100;CrossEntropyLoss();689;397;Tanh();0.01;0.1;30;12;VAL;94.1;0.206452;0.684435
cuda;48000;100;CrossEntropyLoss();689;397;Tanh();0.01;0.1;30;13;TRAIN;95.1;0.177930;2.468218
cuda;12000;100;CrossEntropyLoss();689;397;Tanh();0.01;0.1;30;13;VAL;94.2;0.199446;0.604391
cuda;48000;100;CrossEntropyLoss();689;397;Tanh();0.01;0.1;30;14;TRAIN;95.3;0.170096;2.393472
cuda;12000;100;CrossEntropyLoss();689;397;Tanh();0.01;0.1;30;14;VAL;94.5;0.192132;0.632256
cuda;48000;100;CrossEntropyLoss();689;397;Tanh();0.01;0.1;30;15;TRAIN;95.5;0.162875;2.692527
cuda;12000;100;CrossEntropyLoss();689;397;Tanh();0.01;0.1;30;15;VAL;94.6;0.185981;0.608899
cuda;48000;100;CrossEntropyLoss();689;397;Tanh();0.01;0.1;30;16;TRAIN;95.6;0.156090;2.406563
cuda;12000;100;CrossEntropyLoss();689;397;Tanh();0.01;0.1;30;16;VAL;94.8;0.180877;0.598068
cuda;48000;100;CrossEntropyLoss();689;397;Tanh();0.01;0.1;30;17;TRAIN;95.9;0.149933;2.673761
cuda;12000;100;CrossEntropyLoss();689;397;Tanh();0.01;0.1;30;17;VAL;94.9;0.175814;0.625750
cuda;48000;100;CrossEntropyLoss();689;397;Tanh();0.01;0.1;30;18;TRAIN;96.0;0.144006;2.353226
cuda;12000;100;CrossEntropyLoss();689;397;Tanh();0.01;0.1;30;18;VAL;95.1;0.171186;0.599147
cuda;48000;100;CrossEntropyLoss();689;397;Tanh();0.01;0.1;30;19;TRAIN;96.2;0.138549;2.579905
cuda;12000;100;CrossEntropyLoss();689;397;Tanh();0.01;0.1;30;19;VAL;95.1;0.166684;0.693612
cuda;48000;100;CrossEntropyLoss();689;397;Tanh();0.01;0.1;30;20;TRAIN;96.3;0.133433;2.365573
cuda;12000;100;CrossEntropyLoss();689;397;Tanh();0.01;0.1;30;20;VAL;95.3;0.162918;0.602274
cuda;48000;100;CrossEntropyLoss();689;397;Tanh();0.01;0.1;30;21;TRAIN;96.5;0.128682;2.386037
cuda;12000;100;CrossEntropyLoss();689;397;Tanh();0.01;0.1;30;21;VAL;95.3;0.159556;0.743966
cuda;48000;100;CrossEntropyLoss();689;397;Tanh();0.01;0.1;30;22;TRAIN;96.6;0.124211;2.496704
cuda;12000;100;CrossEntropyLoss();689;397;Tanh();0.01;0.1;30;22;VAL;95.5;0.155985;0.597422
cuda;48000;100;CrossEntropyLoss();689;397;Tanh();0.01;0.1;30;23;TRAIN;96.7;0.119957;2.320774
cuda;12000;100;CrossEntropyLoss();689;397;Tanh();0.01;0.1;30;23;VAL;95.6;0.151634;0.600265
cuda;48000;100;CrossEntropyLoss();689;397;Tanh();0.01;0.1;30;24;TRAIN;96.8;0.115968;2.662062
cuda;12000;100;CrossEntropyLoss();689;397;Tanh();0.01;0.1;30;24;VAL;95.7;0.148555;0.615168
cuda;48000;100;CrossEntropyLoss();689;397;Tanh();0.01;0.1;30;25;TRAIN;97.0;0.112066;2.447064
cuda;12000;100;CrossEntropyLoss();689;397;Tanh();0.01;0.1;30;25;VAL;95.8;0.146080;0.578783
cuda;48000;100;CrossEntropyLoss();689;397;Tanh();0.01;0.1;30;26;TRAIN;97.1;0.108642;2.619162
cuda;12000;100;CrossEntropyLoss();689;397;Tanh();0.01;0.1;30;26;VAL;96.0;0.142234;0.621443
cuda;48000;100;CrossEntropyLoss();689;397;Tanh();0.01;0.1;30;27;TRAIN;97.2;0.105112;2.390624
cuda;12000;100;CrossEntropyLoss();689;397;Tanh();0.01;0.1;30;27;VAL;96.0;0.139869;0.595132
cuda;48000;100;CrossEntropyLoss();689;397;Tanh();0.01;0.1;30;28;TRAIN;97.3;0.102002;2.579273
cuda;12000;100;CrossEntropyLoss();689;397;Tanh();0.01;0.1;30;28;VAL;96.0;0.137193;0.655170
cuda;48000;100;CrossEntropyLoss();689;397;Tanh();0.01;0.1;30;29;TRAIN;97.4;0.098776;2.433107
cuda;12000;100;CrossEntropyLoss();689;397;Tanh();0.01;0.1;30;29;VAL;96.1;0.135389;0.608550
cuda;48000;100;CrossEntropyLoss();689;397;Tanh();0.01;0.1;30;30;TRAIN;97.5;0.096003;2.371273
cuda;12000;100;CrossEntropyLoss();689;397;Tanh();0.01;0.1;30;30;VAL;96.2;0.132614;0.686942
cuda;48000;100;CrossEntropyLoss();689;397;Tanh();0.01;0.5;30;1;TRAIN;86.0;0.556180;2.540951
cuda;12000;100;CrossEntropyLoss();689;397;Tanh();0.01;0.5;30;1;VAL;90.0;0.351123;0.593465
cuda;48000;100;CrossEntropyLoss();689;397;Tanh();0.01;0.5;30;2;TRAIN;91.0;0.314745;2.374769
cuda;12000;100;CrossEntropyLoss();689;397;Tanh();0.01;0.5;30;2;VAL;91.6;0.298698;0.612810
cuda;48000;100;CrossEntropyLoss();689;397;Tanh();0.01;0.5;30;3;TRAIN;92.1;0.273036;2.706175
cuda;12000;100;CrossEntropyLoss();689;397;Tanh();0.01;0.5;30;3;VAL;92.4;0.269198;0.599503
cuda;48000;100;CrossEntropyLoss();689;397;Tanh();0.01;0.5;30;4;TRAIN;93.1;0.244664;2.407282
cuda;12000;100;CrossEntropyLoss();689;397;Tanh();0.01;0.5;30;4;VAL;92.9;0.248388;0.599990
cuda;48000;100;CrossEntropyLoss();689;397;Tanh();0.01;0.5;30;5;TRAIN;93.7;0.221685;2.645038
cuda;12000;100;CrossEntropyLoss();689;397;Tanh();0.01;0.5;30;5;VAL;93.6;0.229637;0.666011
cuda;48000;100;CrossEntropyLoss();689;397;Tanh();0.01;0.5;30;6;TRAIN;94.4;0.201877;2.370849
cuda;12000;100;CrossEntropyLoss();689;397;Tanh();0.01;0.5;30;6;VAL;94.1;0.213274;0.606583
cuda;48000;100;CrossEntropyLoss();689;397;Tanh();0.01;0.5;30;7;TRAIN;94.8;0.184877;2.498886
cuda;12000;100;CrossEntropyLoss();689;397;Tanh();0.01;0.5;30;7;VAL;94.3;0.199932;0.720079
cuda;48000;100;CrossEntropyLoss();689;397;Tanh();0.01;0.5;30;8;TRAIN;95.3;0.170281;2.439104
cuda;12000;100;CrossEntropyLoss();689;397;Tanh();0.01;0.5;30;8;VAL;94.5;0.188078;0.617192
cuda;48000;100;CrossEntropyLoss();689;397;Tanh();0.01;0.5;30;9;TRAIN;95.7;0.157661;2.372350
cuda;12000;100;CrossEntropyLoss();689;397;Tanh();0.01;0.5;30;9;VAL;94.8;0.177740;0.687581
cuda;48000;100;CrossEntropyLoss();689;397;Tanh();0.01;0.5;30;10;TRAIN;95.9;0.146406;2.603132
cuda;12000;100;CrossEntropyLoss();689;397;Tanh();0.01;0.5;30;10;VAL;95.2;0.169189;0.612908
cuda;48000;100;CrossEntropyLoss();689;397;Tanh();0.01;0.5;30;11;TRAIN;96.2;0.136491;2.344870
cuda;12000;100;CrossEntropyLoss();689;397;Tanh();0.01;0.5;30;11;VAL;95.4;0.161688;0.591545
cuda;48000;100;CrossEntropyLoss();689;397;Tanh();0.01;0.5;30;12;TRAIN;96.5;0.127856;2.676766
cuda;12000;100;CrossEntropyLoss();689;397;Tanh();0.01;0.5;30;12;VAL;95.5;0.154978;0.631144
cuda;48000;100;CrossEntropyLoss();689;397;Tanh();0.01;0.5;30;13;TRAIN;96.7;0.120039;2.411739
cuda;12000;100;CrossEntropyLoss();689;397;Tanh();0.01;0.5;30;13;VAL;95.8;0.147728;0.587193
cuda;48000;100;CrossEntropyLoss();689;397;Tanh();0.01;0.5;30;14;TRAIN;96.9;0.112985;2.676960
cuda;12000;100;CrossEntropyLoss();689;397;Tanh();0.01;0.5;30;14;VAL;95.8;0.142583;0.673248
cuda;48000;100;CrossEntropyLoss();689;397;Tanh();0.01;0.5;30;15;TRAIN;97.1;0.106719;2.383335
cuda;12000;100;CrossEntropyLoss();689;397;Tanh();0.01;0.5;30;15;VAL;95.9;0.139194;0.614061
cuda;48000;100;CrossEntropyLoss();689;397;Tanh();0.01;0.5;30;16;TRAIN;97.2;0.101120;2.488901
cuda;12000;100;CrossEntropyLoss();689;397;Tanh();0.01;0.5;30;16;VAL;96.1;0.133269;0.703418
cuda;48000;100;CrossEntropyLoss();689;397;Tanh();0.01;0.5;30;17;TRAIN;97.4;0.095764;2.544722
cuda;12000;100;CrossEntropyLoss();689;397;Tanh();0.01;0.5;30;17;VAL;96.3;0.129664;0.583124
cuda;48000;100;CrossEntropyLoss();689;397;Tanh();0.01;0.5;30;18;TRAIN;97.6;0.090921;2.370086
cuda;12000;100;CrossEntropyLoss();689;397;Tanh();0.01;0.5;30;18;VAL;96.3;0.125421;0.613264
cuda;48000;100;CrossEntropyLoss();689;397;Tanh();0.01;0.5;30;19;TRAIN;97.8;0.086471;2.682524
cuda;12000;100;CrossEntropyLoss();689;397;Tanh();0.01;0.5;30;19;VAL;96.4;0.122119;0.585984
cuda;48000;100;CrossEntropyLoss();689;397;Tanh();0.01;0.5;30;20;TRAIN;97.9;0.082424;2.416546
cuda;12000;100;CrossEntropyLoss();689;397;Tanh();0.01;0.5;30;20;VAL;96.5;0.118552;0.586002
cuda;48000;100;CrossEntropyLoss();689;397;Tanh();0.01;0.5;30;21;TRAIN;98.0;0.078566;2.663783
cuda;12000;100;CrossEntropyLoss();689;397;Tanh();0.01;0.5;30;21;VAL;96.5;0.117025;0.594922
cuda;48000;100;CrossEntropyLoss();689;397;Tanh();0.01;0.5;30;22;TRAIN;98.1;0.075038;2.348399
cuda;12000;100;CrossEntropyLoss();689;397;Tanh();0.01;0.5;30;22;VAL;96.6;0.114005;0.571305
cuda;48000;100;CrossEntropyLoss();689;397;Tanh();0.01;0.5;30;23;TRAIN;98.2;0.071639;2.568066
cuda;12000;100;CrossEntropyLoss();689;397;Tanh();0.01;0.5;30;23;VAL;96.6;0.111569;0.753113
cuda;48000;100;CrossEntropyLoss();689;397;Tanh();0.01;0.5;30;24;TRAIN;98.3;0.068504;2.442192
cuda;12000;100;CrossEntropyLoss();689;397;Tanh();0.01;0.5;30;24;VAL;96.7;0.109476;0.594740
cuda;48000;100;CrossEntropyLoss();689;397;Tanh();0.01;0.5;30;25;TRAIN;98.3;0.065665;2.374403
cuda;12000;100;CrossEntropyLoss();689;397;Tanh();0.01;0.5;30;25;VAL;96.8;0.106533;0.697162
cuda;48000;100;CrossEntropyLoss();689;397;Tanh();0.01;0.5;30;26;TRAIN;98.4;0.062864;2.546712
cuda;12000;100;CrossEntropyLoss();689;397;Tanh();0.01;0.5;30;26;VAL;96.8;0.105021;0.607437
cuda;48000;100;CrossEntropyLoss();689;397;Tanh();0.01;0.5;30;27;TRAIN;98.5;0.060372;2.344166
cuda;12000;100;CrossEntropyLoss();689;397;Tanh();0.01;0.5;30;27;VAL;96.9;0.103754;0.587580
cuda;48000;100;CrossEntropyLoss();689;397;Tanh();0.01;0.5;30;28;TRAIN;98.6;0.057964;2.666081
cuda;12000;100;CrossEntropyLoss();689;397;Tanh();0.01;0.5;30;28;VAL;96.9;0.101813;0.601614
cuda;48000;100;CrossEntropyLoss();689;397;Tanh();0.01;0.5;30;29;TRAIN;98.6;0.055617;2.329068
cuda;12000;100;CrossEntropyLoss();689;397;Tanh();0.01;0.5;30;29;VAL;97.0;0.100546;0.582689
cuda;48000;100;CrossEntropyLoss();689;397;Tanh();0.01;0.5;30;30;TRAIN;98.7;0.053509;2.608287
cuda;12000;100;CrossEntropyLoss();689;397;Tanh();0.01;0.5;30;30;VAL;97.0;0.098387;0.651952
cuda;48000;100;CrossEntropyLoss();689;397;Tanh();0.01;0.9;30;1;TRAIN;89.7;0.361707;2.347815
cuda;12000;100;CrossEntropyLoss();689;397;Tanh();0.01;0.9;30;1;VAL;92.9;0.248146;0.610071
cuda;48000;100;CrossEntropyLoss();689;397;Tanh();0.01;0.9;30;2;TRAIN;94.5;0.193897;2.455819
cuda;12000;100;CrossEntropyLoss();689;397;Tanh();0.01;0.9;30;2;VAL;94.9;0.180689;0.730743
cuda;48000;100;CrossEntropyLoss();689;397;Tanh();0.01;0.9;30;3;TRAIN;96.1;0.138819;2.488032
cuda;12000;100;CrossEntropyLoss();689;397;Tanh();0.01;0.9;30;3;VAL;95.7;0.145468;0.592246
cuda;48000;100;CrossEntropyLoss();689;397;Tanh();0.01;0.9;30;4;TRAIN;97.0;0.106848;2.355207
cuda;12000;100;CrossEntropyLoss();689;397;Tanh();0.01;0.9;30;4;VAL;96.5;0.123885;0.668829
cuda;48000;100;CrossEntropyLoss();689;397;Tanh();0.01;0.9;30;5;TRAIN;97.7;0.085149;2.597605
cuda;12000;100;CrossEntropyLoss();689;397;Tanh();0.01;0.9;30;5;VAL;96.5;0.115447;0.605432
cuda;48000;100;CrossEntropyLoss();689;397;Tanh();0.01;0.9;30;6;TRAIN;98.1;0.069590;2.379395
cuda;12000;100;CrossEntropyLoss();689;397;Tanh();0.01;0.9;30;6;VAL;96.7;0.105446;0.613533
cuda;48000;100;CrossEntropyLoss();689;397;Tanh();0.01;0.9;30;7;TRAIN;98.5;0.057581;2.657878
cuda;12000;100;CrossEntropyLoss();689;397;Tanh();0.01;0.9;30;7;VAL;97.2;0.094901;0.594338
cuda;48000;100;CrossEntropyLoss();689;397;Tanh();0.01;0.9;30;8;TRAIN;98.8;0.048649;2.342692
cuda;12000;100;CrossEntropyLoss();689;397;Tanh();0.01;0.9;30;8;VAL;97.3;0.091828;0.598253
cuda;48000;100;CrossEntropyLoss();689;397;Tanh();0.01;0.9;30;9;TRAIN;99.0;0.041173;2.554679
cuda;12000;100;CrossEntropyLoss();689;397;Tanh();0.01;0.9;30;9;VAL;97.4;0.089231;0.705856
cuda;48000;100;CrossEntropyLoss();689;397;Tanh();0.01;0.9;30;10;TRAIN;99.2;0.035140;2.355410
cuda;12000;100;CrossEntropyLoss();689;397;Tanh();0.01;0.9;30;10;VAL;97.5;0.086383;0.590948
cuda;48000;100;CrossEntropyLoss();689;397;Tanh();0.01;0.9;30;11;TRAIN;99.3;0.030095;2.414959
cuda;12000;100;CrossEntropyLoss();689;397;Tanh();0.01;0.9;30;11;VAL;97.5;0.083225;0.713208
cuda;48000;100;CrossEntropyLoss();689;397;Tanh();0.01;0.9;30;12;TRAIN;99.5;0.026104;2.489072
cuda;12000;100;CrossEntropyLoss();689;397;Tanh();0.01;0.9;30;12;VAL;97.6;0.080491;0.599013
cuda;48000;100;CrossEntropyLoss();689;397;Tanh();0.01;0.9;30;13;TRAIN;99.6;0.022539;2.395990
cuda;12000;100;CrossEntropyLoss();689;397;Tanh();0.01;0.9;30;13;VAL;97.6;0.080636;0.600985
cuda;48000;100;CrossEntropyLoss();689;397;Tanh();0.01;0.9;30;14;TRAIN;99.7;0.019537;2.706971
cuda;12000;100;CrossEntropyLoss();689;397;Tanh();0.01;0.9;30;14;VAL;97.5;0.079639;0.587186
cuda;48000;100;CrossEntropyLoss();689;397;Tanh();0.01;0.9;30;15;TRAIN;99.8;0.016995;2.331716
cuda;12000;100;CrossEntropyLoss();689;397;Tanh();0.01;0.9;30;15;VAL;97.8;0.078412;0.601417
cuda;48000;100;CrossEntropyLoss();689;397;Tanh();0.01;0.9;30;16;TRAIN;99.8;0.015054;2.633451
cuda;12000;100;CrossEntropyLoss();689;397;Tanh();0.01;0.9;30;16;VAL;97.8;0.078197;0.639823
cuda;48000;100;CrossEntropyLoss();689;397;Tanh();0.01;0.9;30;17;TRAIN;99.9;0.013279;2.392964
cuda;12000;100;CrossEntropyLoss();689;397;Tanh();0.01;0.9;30;17;VAL;97.6;0.077605;0.593665
cuda;48000;100;CrossEntropyLoss();689;397;Tanh();0.01;0.9;30;18;TRAIN;99.9;0.011855;2.504312
cuda;12000;100;CrossEntropyLoss();689;397;Tanh();0.01;0.9;30;18;VAL;97.7;0.076871;0.679289
cuda;48000;100;CrossEntropyLoss();689;397;Tanh();0.01;0.9;30;19;TRAIN;99.9;0.010731;2.435966
cuda;12000;100;CrossEntropyLoss();689;397;Tanh();0.01;0.9;30;19;VAL;97.7;0.076648;0.609238
cuda;48000;100;CrossEntropyLoss();689;397;Tanh();0.01;0.9;30;20;TRAIN;99.9;0.009604;2.376897
cuda;12000;100;CrossEntropyLoss();689;397;Tanh();0.01;0.9;30;20;VAL;97.7;0.077544;0.678623
cuda;48000;100;CrossEntropyLoss();689;397;Tanh();0.01;0.9;30;21;TRAIN;100.0;0.008649;2.575369
cuda;12000;100;CrossEntropyLoss();689;397;Tanh();0.01;0.9;30;21;VAL;97.7;0.077001;0.601045
cuda;48000;100;CrossEntropyLoss();689;397;Tanh();0.01;0.9;30;22;TRAIN;100.0;0.008025;2.359237
cuda;12000;100;CrossEntropyLoss();689;397;Tanh();0.01;0.9;30;22;VAL;97.8;0.076957;0.592178
cuda;48000;100;CrossEntropyLoss();689;397;Tanh();0.01;0.9;30;23;TRAIN;100.0;0.007395;2.752056
cuda;12000;100;CrossEntropyLoss();689;397;Tanh();0.01;0.9;30;23;VAL;97.7;0.076940;0.624123
cuda;48000;100;CrossEntropyLoss();689;397;Tanh();0.01;0.9;30;24;TRAIN;100.0;0.006736;2.419579
cuda;12000;100;CrossEntropyLoss();689;397;Tanh();0.01;0.9;30;24;VAL;97.7;0.076272;0.621418
cuda;48000;100;CrossEntropyLoss();689;397;Tanh();0.01;0.9;30;25;TRAIN;100.0;0.006215;2.632410
cuda;12000;100;CrossEntropyLoss();689;397;Tanh();0.01;0.9;30;25;VAL;97.8;0.076363;0.651648
cuda;48000;100;CrossEntropyLoss();689;397;Tanh();0.01;0.9;30;26;TRAIN;100.0;0.005799;2.399992
cuda;12000;100;CrossEntropyLoss();689;397;Tanh();0.01;0.9;30;26;VAL;97.7;0.076239;0.610114
cuda;48000;100;CrossEntropyLoss();689;397;Tanh();0.01;0.9;30;27;TRAIN;100.0;0.005403;2.498293
cuda;12000;100;CrossEntropyLoss();689;397;Tanh();0.01;0.9;30;27;VAL;97.8;0.075948;0.692050
cuda;48000;100;CrossEntropyLoss();689;397;Tanh();0.01;0.9;30;28;TRAIN;100.0;0.005034;2.438306
cuda;12000;100;CrossEntropyLoss();689;397;Tanh();0.01;0.9;30;28;VAL;97.7;0.077087;0.592397
cuda;48000;100;CrossEntropyLoss();689;397;Tanh();0.01;0.9;30;29;TRAIN;100.0;0.004761;2.330575
cuda;12000;100;CrossEntropyLoss();689;397;Tanh();0.01;0.9;30;29;VAL;97.7;0.076655;0.652881
cuda;48000;100;CrossEntropyLoss();689;397;Tanh();0.01;0.9;30;30;TRAIN;100.0;0.004472;2.634886
cuda;12000;100;CrossEntropyLoss();689;397;Tanh();0.01;0.9;30;30;VAL;97.7;0.076204;0.598015
cuda;48000;100;CrossEntropyLoss();689;397;Tanh();0.1;0.1;30;1;TRAIN;90.4;0.338565;2.360611
cuda;12000;100;CrossEntropyLoss();689;397;Tanh();0.1;0.1;30;1;VAL;93.4;0.233917;0.591393
cuda;48000;100;CrossEntropyLoss();689;397;Tanh();0.1;0.1;30;2;TRAIN;94.6;0.185143;2.806593
cuda;12000;100;CrossEntropyLoss();689;397;Tanh();0.1;0.1;30;2;VAL;95.0;0.171392;0.616836
cuda;48000;100;CrossEntropyLoss();689;397;Tanh();0.1;0.1;30;3;TRAIN;96.3;0.129527;2.374116
cuda;12000;100;CrossEntropyLoss();689;397;Tanh();0.1;0.1;30;3;VAL;95.9;0.137432;0.582570
cuda;48000;100;CrossEntropyLoss();689;397;Tanh();0.1;0.1;30;4;TRAIN;97.3;0.098547;2.587754
cuda;12000;100;CrossEntropyLoss();689;397;Tanh();0.1;0.1;30;4;VAL;96.4;0.119612;0.677043
cuda;48000;100;CrossEntropyLoss();689;397;Tanh();0.1;0.1;30;5;TRAIN;97.9;0.077646;2.370475
cuda;12000;100;CrossEntropyLoss();689;397;Tanh();0.1;0.1;30;5;VAL;96.6;0.111238;0.596118
cuda;48000;100;CrossEntropyLoss();689;397;Tanh();0.1;0.1;30;6;TRAIN;98.3;0.062807;2.487191
cuda;12000;100;CrossEntropyLoss();689;397;Tanh();0.1;0.1;30;6;VAL;97.0;0.099779;0.682954
cuda;48000;100;CrossEntropyLoss();689;397;Tanh();0.1;0.1;30;7;TRAIN;98.6;0.051997;2.477060
cuda;12000;100;CrossEntropyLoss();689;397;Tanh();0.1;0.1;30;7;VAL;97.2;0.093953;0.604290
cuda;48000;100;CrossEntropyLoss();689;397;Tanh();0.1;0.1;30;8;TRAIN;99.0;0.043079;2.373337
cuda;12000;100;CrossEntropyLoss();689;397;Tanh();0.1;0.1;30;8;VAL;97.3;0.088219;0.596931
cuda;48000;100;CrossEntropyLoss();689;397;Tanh();0.1;0.1;30;9;TRAIN;99.2;0.036163;2.646750
cuda;12000;100;CrossEntropyLoss();689;397;Tanh();0.1;0.1;30;9;VAL;97.4;0.085186;0.601029
cuda;48000;100;CrossEntropyLoss();689;397;Tanh();0.1;0.1;30;10;TRAIN;99.4;0.030375;2.353083
cuda;12000;100;CrossEntropyLoss();689;397;Tanh();0.1;0.1;30;10;VAL;97.5;0.081063;0.607924
cuda;48000;100;CrossEntropyLoss();689;397;Tanh();0.1;0.1;30;11;TRAIN;99.5;0.025861;2.640390
cuda;12000;100;CrossEntropyLoss();689;397;Tanh();0.1;0.1;30;11;VAL;97.5;0.080485;0.609490
cuda;48000;100;CrossEntropyLoss();689;397;Tanh();0.1;0.1;30;12;TRAIN;99.6;0.021932;2.435208
cuda;12000;100;CrossEntropyLoss();689;397;Tanh();0.1;0.1;30;12;VAL;97.6;0.078850;0.598124
cuda;48000;100;CrossEntropyLoss();689;397;Tanh();0.1;0.1;30;13;TRAIN;99.7;0.018810;2.520564
cuda;12000;100;CrossEntropyLoss();689;397;Tanh();0.1;0.1;30;13;VAL;97.5;0.077207;0.653053
cuda;48000;100;CrossEntropyLoss();689;397;Tanh();0.1;0.1;30;14;TRAIN;99.8;0.016294;2.400700
cuda;12000;100;CrossEntropyLoss();689;397;Tanh();0.1;0.1;30;14;VAL;97.7;0.076650;0.592524
cuda;48000;100;CrossEntropyLoss();689;397;Tanh();0.1;0.1;30;15;TRAIN;99.9;0.014224;2.334887
cuda;12000;100;CrossEntropyLoss();689;397;Tanh();0.1;0.1;30;15;VAL;97.7;0.075746;0.684155
cuda;48000;100;CrossEntropyLoss();689;397;Tanh();0.1;0.1;30;16;TRAIN;99.9;0.012488;2.619697
cuda;12000;100;CrossEntropyLoss();689;397;Tanh();0.1;0.1;30;16;VAL;97.7;0.074810;0.598062
cuda;48000;100;CrossEntropyLoss();689;397;Tanh();0.1;0.1;30;17;TRAIN;99.9;0.011059;2.344425
cuda;12000;100;CrossEntropyLoss();689;397;Tanh();0.1;0.1;30;17;VAL;97.7;0.076020;0.581206
cuda;48000;100;CrossEntropyLoss();689;397;Tanh();0.1;0.1;30;18;TRAIN;99.9;0.009888;2.720531
cuda;12000;100;CrossEntropyLoss();689;397;Tanh();0.1;0.1;30;18;VAL;97.8;0.074737;0.589260
cuda;48000;100;CrossEntropyLoss();689;397;Tanh();0.1;0.1;30;19;TRAIN;100.0;0.008932;2.359680
cuda;12000;100;CrossEntropyLoss();689;397;Tanh();0.1;0.1;30;19;VAL;97.8;0.074099;0.582394
cuda;48000;100;CrossEntropyLoss();689;397;Tanh();0.1;0.1;30;20;TRAIN;100.0;0.008082;2.591588
cuda;12000;100;CrossEntropyLoss();689;397;Tanh();0.1;0.1;30;20;VAL;97.8;0.073986;0.658192
cuda;48000;100;CrossEntropyLoss();689;397;Tanh();0.1;0.1;30;21;TRAIN;100.0;0.007356;2.389732
cuda;12000;100;CrossEntropyLoss();689;397;Tanh();0.1;0.1;30;21;VAL;97.7;0.075648;0.668793
cuda;48000;100;CrossEntropyLoss();689;397;Tanh();0.1;0.1;30;22;TRAIN;100.0;0.006662;2.486586
cuda;12000;100;CrossEntropyLoss();689;397;Tanh();0.1;0.1;30;22;VAL;97.8;0.075731;0.739123
cuda;48000;100;CrossEntropyLoss();689;397;Tanh();0.1;0.1;30;23;TRAIN;100.0;0.006228;2.469363
cuda;12000;100;CrossEntropyLoss();689;397;Tanh();0.1;0.1;30;23;VAL;97.8;0.075148;0.601853
cuda;48000;100;CrossEntropyLoss();689;397;Tanh();0.1;0.1;30;24;TRAIN;100.0;0.005689;2.335046
cuda;12000;100;CrossEntropyLoss();689;397;Tanh();0.1;0.1;30;24;VAL;97.8;0.074135;0.664664
cuda;48000;100;CrossEntropyLoss();689;397;Tanh();0.1;0.1;30;25;TRAIN;100.0;0.005297;2.736785
cuda;12000;100;CrossEntropyLoss();689;397;Tanh();0.1;0.1;30;25;VAL;97.8;0.074985;0.576063
cuda;48000;100;CrossEntropyLoss();689;397;Tanh();0.1;0.1;30;26;TRAIN;100.0;0.004914;2.399602
cuda;12000;100;CrossEntropyLoss();689;397;Tanh();0.1;0.1;30;26;VAL;97.8;0.076457;0.586438
cuda;48000;100;CrossEntropyLoss();689;397;Tanh();0.1;0.1;30;27;TRAIN;100.0;0.004610;2.664406
cuda;12000;100;CrossEntropyLoss();689;397;Tanh();0.1;0.1;30;27;VAL;97.8;0.075472;0.619331
cuda;48000;100;CrossEntropyLoss();689;397;Tanh();0.1;0.1;30;28;TRAIN;100.0;0.004284;2.347104
cuda;12000;100;CrossEntropyLoss();689;397;Tanh();0.1;0.1;30;28;VAL;97.8;0.075142;0.597201
cuda;48000;100;CrossEntropyLoss();689;397;Tanh();0.1;0.1;30;29;TRAIN;100.0;0.004013;2.555363
cuda;12000;100;CrossEntropyLoss();689;397;Tanh();0.1;0.1;30;29;VAL;97.8;0.075183;0.655506
cuda;48000;100;CrossEntropyLoss();689;397;Tanh();0.1;0.1;30;30;TRAIN;100.0;0.003816;2.371714
cuda;12000;100;CrossEntropyLoss();689;397;Tanh();0.1;0.1;30;30;VAL;97.8;0.075318;0.592319
cuda;48000;100;CrossEntropyLoss();689;397;Tanh();0.1;0.5;30;1;TRAIN;91.5;0.290966;2.463566
cuda;12000;100;CrossEntropyLoss();689;397;Tanh();0.1;0.5;30;1;VAL;94.5;0.187350;0.689062
cuda;48000;100;CrossEntropyLoss();689;397;Tanh();0.1;0.5;30;2;TRAIN;96.0;0.138314;2.527186
cuda;12000;100;CrossEntropyLoss();689;397;Tanh();0.1;0.5;30;2;VAL;96.1;0.133725;0.605224
cuda;48000;100;CrossEntropyLoss();689;397;Tanh();0.1;0.5;30;3;TRAIN;97.5;0.091217;2.337246
cuda;12000;100;CrossEntropyLoss();689;397;Tanh();0.1;0.5;30;3;VAL;96.7;0.108743;0.593068
cuda;48000;100;CrossEntropyLoss();689;397;Tanh();0.1;0.5;30;4;TRAIN;98.1;0.065485;2.704186
cuda;12000;100;CrossEntropyLoss();689;397;Tanh();0.1;0.5;30;4;VAL;97.1;0.094605;0.602571
cuda;48000;100;CrossEntropyLoss();689;397;Tanh();0.1;0.5;30;5;TRAIN;98.7;0.047875;2.372565
cuda;12000;100;CrossEntropyLoss();689;397;Tanh();0.1;0.5;30;5;VAL;97.2;0.092752;0.613371
cuda;48000;100;CrossEntropyLoss();689;397;Tanh();0.1;0.5;30;6;TRAIN;99.1;0.035460;2.646679
cuda;12000;100;CrossEntropyLoss();689;397;Tanh();0.1;0.5;30;6;VAL;97.5;0.080766;0.681242
cuda;48000;100;CrossEntropyLoss();689;397;Tanh();0.1;0.5;30;7;TRAIN;99.4;0.026786;2.348183
cuda;12000;100;CrossEntropyLoss();689;397;Tanh();0.1;0.5;30;7;VAL;97.5;0.083207;0.599564
cuda;48000;100;CrossEntropyLoss();689;397;Tanh();0.1;0.5;30;8;TRAIN;99.7;0.020092;2.488345
cuda;12000;100;CrossEntropyLoss();689;397;Tanh();0.1;0.5;30;8;VAL;97.6;0.080099;0.702564
cuda;48000;100;CrossEntropyLoss();689;397;Tanh();0.1;0.5;30;9;TRAIN;99.8;0.015567;2.439911
cuda;12000;100;CrossEntropyLoss();689;397;Tanh();0.1;0.5;30;9;VAL;97.7;0.075797;0.596892
cuda;48000;100;CrossEntropyLoss();689;397;Tanh();0.1;0.5;30;10;TRAIN;99.9;0.012312;2.358958
cuda;12000;100;CrossEntropyLoss();689;397;Tanh();0.1;0.5;30;10;VAL;97.8;0.073842;0.671987
cuda;48000;100;CrossEntropyLoss();689;397;Tanh();0.1;0.5;30;11;TRAIN;99.9;0.009779;2.657526
cuda;12000;100;CrossEntropyLoss();689;397;Tanh();0.1;0.5;30;11;VAL;97.8;0.072271;0.593111
cuda;48000;100;CrossEntropyLoss();689;397;Tanh();0.1;0.5;30;12;TRAIN;100.0;0.007988;2.431705
cuda;12000;100;CrossEntropyLoss();689;397;Tanh();0.1;0.5;30;12;VAL;97.8;0.071572;0.586664
cuda;48000;100;CrossEntropyLoss();689;397;Tanh();0.1;0.5;30;13;TRAIN;100.0;0.006710;2.736154
cuda;12000;100;CrossEntropyLoss();689;397;Tanh();0.1;0.5;30;13;VAL;97.8;0.071536;0.581851
cuda;48000;100;CrossEntropyLoss();689;397;Tanh();0.1;0.5;30;14;TRAIN;100.0;0.005802;2.368125
cuda;12000;100;CrossEntropyLoss();689;397;Tanh();0.1;0.5;30;14;VAL;97.8;0.072141;0.607512
cuda;48000;100;CrossEntropyLoss();689;397;Tanh();0.1;0.5;30;15;TRAIN;100.0;0.004950;2.594836
cuda;12000;100;CrossEntropyLoss();689;397;Tanh();0.1;0.5;30;15;VAL;97.9;0.071899;0.679594
cuda;48000;100;CrossEntropyLoss();689;397;Tanh();0.1;0.5;30;16;TRAIN;100.0;0.004369;2.357783
cuda;12000;100;CrossEntropyLoss();689;397;Tanh();0.1;0.5;30;16;VAL;97.9;0.071800;0.589224
cuda;48000;100;CrossEntropyLoss();689;397;Tanh();0.1;0.5;30;17;TRAIN;100.0;0.003884;2.403903
cuda;12000;100;CrossEntropyLoss();689;397;Tanh();0.1;0.5;30;17;VAL;97.9;0.072573;0.697195
cuda;48000;100;CrossEntropyLoss();689;397;Tanh();0.1;0.5;30;18;TRAIN;100.0;0.003473;2.470506
cuda;12000;100;CrossEntropyLoss();689;397;Tanh();0.1;0.5;30;18;VAL;97.8;0.071636;0.594485
cuda;48000;100;CrossEntropyLoss();689;397;Tanh();0.1;0.5;30;19;TRAIN;100.0;0.003157;2.445474
cuda;12000;100;CrossEntropyLoss();689;397;Tanh();0.1;0.5;30;19;VAL;97.9;0.071352;0.622528
cuda;48000;100;CrossEntropyLoss();689;397;Tanh();0.1;0.5;30;20;TRAIN;100.0;0.002879;2.668464
cuda;12000;100;CrossEntropyLoss();689;397;Tanh();0.1;0.5;30;20;VAL;97.9;0.072362;0.652164
cuda;48000;100;CrossEntropyLoss();689;397;Tanh();0.1;0.5;30;21;TRAIN;100.0;0.002649;2.375440
cuda;12000;100;CrossEntropyLoss();689;397;Tanh();0.1;0.5;30;21;VAL;97.9;0.073474;0.588803
cuda;48000;100;CrossEntropyLoss();689;397;Tanh();0.1;0.5;30;22;TRAIN;100.0;0.002460;2.701828
cuda;12000;100;CrossEntropyLoss();689;397;Tanh();0.1;0.5;30;22;VAL;97.9;0.072860;0.584926
cuda;48000;100;CrossEntropyLoss();689;397;Tanh();0.1;0.5;30;23;TRAIN;100.0;0.002303;2.335165
cuda;12000;100;CrossEntropyLoss();689;397;Tanh();0.1;0.5;30;23;VAL;97.9;0.072364;0.598897
cuda;48000;100;CrossEntropyLoss();689;397;Tanh();0.1;0.5;30;24;TRAIN;100.0;0.002148;2.638304
cuda;12000;100;CrossEntropyLoss();689;397;Tanh();0.1;0.5;30;24;VAL;97.9;0.073136;0.664854
cuda;48000;100;CrossEntropyLoss();689;397;Tanh();0.1;0.5;30;25;TRAIN;100.0;0.002014;2.400951
cuda;12000;100;CrossEntropyLoss();689;397;Tanh();0.1;0.5;30;25;VAL;97.9;0.072867;0.589040
cuda;48000;100;CrossEntropyLoss();689;397;Tanh();0.1;0.5;30;26;TRAIN;100.0;0.001903;2.350047
cuda;12000;100;CrossEntropyLoss();689;397;Tanh();0.1;0.5;30;26;VAL;97.9;0.072972;0.692089
cuda;48000;100;CrossEntropyLoss();689;397;Tanh();0.1;0.5;30;27;TRAIN;100.0;0.001796;2.517337
cuda;12000;100;CrossEntropyLoss();689;397;Tanh();0.1;0.5;30;27;VAL;97.9;0.073281;0.624453
cuda;48000;100;CrossEntropyLoss();689;397;Tanh();0.1;0.5;30;28;TRAIN;100.0;0.001696;2.489916
cuda;12000;100;CrossEntropyLoss();689;397;Tanh();0.1;0.5;30;28;VAL;97.9;0.073644;0.583757
cuda;48000;100;CrossEntropyLoss();689;397;Tanh();0.1;0.5;30;29;TRAIN;100.0;0.001613;2.689543
cuda;12000;100;CrossEntropyLoss();689;397;Tanh();0.1;0.5;30;29;VAL;97.9;0.073162;0.607899
cuda;48000;100;CrossEntropyLoss();689;397;Tanh();0.1;0.5;30;30;TRAIN;100.0;0.001529;2.445306
cuda;12000;100;CrossEntropyLoss();689;397;Tanh();0.1;0.5;30;30;VAL;97.9;0.073386;0.602440
cuda;48000;100;CrossEntropyLoss();689;397;Tanh();0.1;0.9;30;1;TRAIN;91.7;0.291689;2.643662
cuda;12000;100;CrossEntropyLoss();689;397;Tanh();0.1;0.9;30;1;VAL;94.9;0.183314;0.608122
cuda;48000;100;CrossEntropyLoss();689;397;Tanh();0.1;0.9;30;2;TRAIN;96.0;0.135669;2.536623
cuda;12000;100;CrossEntropyLoss();689;397;Tanh();0.1;0.9;30;2;VAL;95.1;0.172948;0.591257
cuda;48000;100;CrossEntropyLoss();689;397;Tanh();0.1;0.9;30;3;TRAIN;96.9;0.100823;2.598254
cuda;12000;100;CrossEntropyLoss();689;397;Tanh();0.1;0.9;30;3;VAL;96.1;0.145838;0.671963
cuda;48000;100;CrossEntropyLoss();689;397;Tanh();0.1;0.9;30;4;TRAIN;97.7;0.071912;2.431595
cuda;12000;100;CrossEntropyLoss();689;397;Tanh();0.1;0.9;30;4;VAL;96.3;0.138256;0.620095
cuda;48000;100;CrossEntropyLoss();689;397;Tanh();0.1;0.9;30;5;TRAIN;98.2;0.058428;2.382991
cuda;12000;100;CrossEntropyLoss();689;397;Tanh();0.1;0.9;30;5;VAL;97.0;0.119531;0.714244
cuda;48000;100;CrossEntropyLoss();689;397;Tanh();0.1;0.9;30;6;TRAIN;98.5;0.044539;2.543401
cuda;12000;100;CrossEntropyLoss();689;397;Tanh();0.1;0.9;30;6;VAL;96.7;0.135773;0.585275
cuda;48000;100;CrossEntropyLoss();689;397;Tanh();0.1;0.9;30;7;TRAIN;98.5;0.045322;2.363354
cuda;12000;100;CrossEntropyLoss();689;397;Tanh();0.1;0.9;30;7;VAL;96.8;0.132265;0.584006
cuda;48000;100;CrossEntropyLoss();689;397;Tanh();0.1;0.9;30;8;TRAIN;98.7;0.039545;2.698139
cuda;12000;100;CrossEntropyLoss();689;397;Tanh();0.1;0.9;30;8;VAL;97.0;0.132078;0.582052
cuda;48000;100;CrossEntropyLoss();689;397;Tanh();0.1;0.9;30;9;TRAIN;98.9;0.030439;2.351038
cuda;12000;100;CrossEntropyLoss();689;397;Tanh();0.1;0.9;30;9;VAL;96.6;0.140711;0.587512
cuda;48000;100;CrossEntropyLoss();689;397;Tanh();0.1;0.9;30;10;TRAIN;99.2;0.024492;2.661839
cuda;12000;100;CrossEntropyLoss();689;397;Tanh();0.1;0.9;30;10;VAL;97.2;0.126673;0.637057
cuda;48000;100;CrossEntropyLoss();689;397;Tanh();0.1;0.9;30;11;TRAIN;99.4;0.018529;2.336201
cuda;12000;100;CrossEntropyLoss();689;397;Tanh();0.1;0.9;30;11;VAL;97.3;0.128892;0.602993
cuda;48000;100;CrossEntropyLoss();689;397;Tanh();0.1;0.9;30;12;TRAIN;99.6;0.010299;2.472597
cuda;12000;100;CrossEntropyLoss();689;397;Tanh();0.1;0.9;30;12;VAL;97.3;0.129279;0.687617
cuda;48000;100;CrossEntropyLoss();689;397;Tanh();0.1;0.9;30;13;TRAIN;99.8;0.006512;2.467909
cuda;12000;100;CrossEntropyLoss();689;397;Tanh();0.1;0.9;30;13;VAL;97.4;0.117962;0.582990
cuda;48000;100;CrossEntropyLoss();689;397;Tanh();0.1;0.9;30;14;TRAIN;99.9;0.002264;2.355424
cuda;12000;100;CrossEntropyLoss();689;397;Tanh();0.1;0.9;30;14;VAL;97.6;0.112309;0.678769
cuda;48000;100;CrossEntropyLoss();689;397;Tanh();0.1;0.9;30;15;TRAIN;100.0;0.000747;2.584033
cuda;12000;100;CrossEntropyLoss();689;397;Tanh();0.1;0.9;30;15;VAL;97.6;0.113051;0.617444
cuda;48000;100;CrossEntropyLoss();689;397;Tanh();0.1;0.9;30;16;TRAIN;100.0;0.000353;2.367797
cuda;12000;100;CrossEntropyLoss();689;397;Tanh();0.1;0.9;30;16;VAL;97.7;0.110346;0.584760
cuda;48000;100;CrossEntropyLoss();689;397;Tanh();0.1;0.9;30;17;TRAIN;100.0;0.000189;2.632973
cuda;12000;100;CrossEntropyLoss();689;397;Tanh();0.1;0.9;30;17;VAL;97.8;0.110432;0.605271
cuda;48000;100;CrossEntropyLoss();689;397;Tanh();0.1;0.9;30;18;TRAIN;100.0;0.000152;2.379594
cuda;12000;100;CrossEntropyLoss();689;397;Tanh();0.1;0.9;30;18;VAL;97.8;0.110609;0.599242
cuda;48000;100;CrossEntropyLoss();689;397;Tanh();0.1;0.9;30;19;TRAIN;100.0;0.000135;2.601724
cuda;12000;100;CrossEntropyLoss();689;397;Tanh();0.1;0.9;30;19;VAL;97.8;0.110691;0.731124
cuda;48000;100;CrossEntropyLoss();689;397;Tanh();0.1;0.9;30;20;TRAIN;100.0;0.000123;2.340420
cuda;12000;100;CrossEntropyLoss();689;397;Tanh();0.1;0.9;30;20;VAL;97.8;0.110943;0.596598
cuda;48000;100;CrossEntropyLoss();689;397;Tanh();0.1;0.9;30;21;TRAIN;100.0;0.000114;2.437761
cuda;12000;100;CrossEntropyLoss();689;397;Tanh();0.1;0.9;30;21;VAL;97.8;0.110948;0.705119
cuda;48000;100;CrossEntropyLoss();689;397;Tanh();0.1;0.9;30;22;TRAIN;100.0;0.000107;2.479265
cuda;12000;100;CrossEntropyLoss();689;397;Tanh();0.1;0.9;30;22;VAL;97.8;0.110962;0.590715
cuda;48000;100;CrossEntropyLoss();689;397;Tanh();0.1;0.9;30;23;TRAIN;100.0;0.000101;2.376245
cuda;12000;100;CrossEntropyLoss();689;397;Tanh();0.1;0.9;30;23;VAL;97.8;0.110901;0.648264
cuda;48000;100;CrossEntropyLoss();689;397;Tanh();0.1;0.9;30;24;TRAIN;100.0;0.000096;2.681959
cuda;12000;100;CrossEntropyLoss();689;397;Tanh();0.1;0.9;30;24;VAL;97.9;0.111092;0.601397
cuda;48000;100;CrossEntropyLoss();689;397;Tanh();0.1;0.9;30;25;TRAIN;100.0;0.000092;2.356596
cuda;12000;100;CrossEntropyLoss();689;397;Tanh();0.1;0.9;30;25;VAL;97.9;0.111036;0.599193
cuda;48000;100;CrossEntropyLoss();689;397;Tanh();0.1;0.9;30;26;TRAIN;100.0;0.000088;2.671514
cuda;12000;100;CrossEntropyLoss();689;397;Tanh();0.1;0.9;30;26;VAL;97.9;0.111193;0.645105
cuda;48000;100;CrossEntropyLoss();689;397;Tanh();0.1;0.9;30;27;TRAIN;100.0;0.000084;2.391123
cuda;12000;100;CrossEntropyLoss();689;397;Tanh();0.1;0.9;30;27;VAL;97.9;0.111299;0.579879
cuda;48000;100;CrossEntropyLoss();689;397;Tanh();0.1;0.9;30;28;TRAIN;100.0;0.000081;2.520769
cuda;12000;100;CrossEntropyLoss();689;397;Tanh();0.1;0.9;30;28;VAL;97.8;0.111340;0.682127
cuda;48000;100;CrossEntropyLoss();689;397;Tanh();0.1;0.9;30;29;TRAIN;100.0;0.000078;2.496996
cuda;12000;100;CrossEntropyLoss();689;397;Tanh();0.1;0.9;30;29;VAL;97.9;0.111435;0.599227
cuda;48000;100;CrossEntropyLoss();689;397;Tanh();0.1;0.9;30;30;TRAIN;100.0;0.000076;2.359337
cuda;12000;100;CrossEntropyLoss();689;397;Tanh();0.1;0.9;30;30;VAL;97.9;0.111432;0.688523
cuda;48000;100;CrossEntropyLoss();689;784;Tanh();0.001;0.1;30;1;TRAIN;65.4;1.532087;2.549401
cuda;12000;100;CrossEntropyLoss();689;784;Tanh();0.001;0.1;30;1;VAL;79.0;1.069861;0.611960
cuda;48000;100;CrossEntropyLoss();689;784;Tanh();0.001;0.1;30;2;TRAIN;82.0;0.880737;2.331433
cuda;12000;100;CrossEntropyLoss();689;784;Tanh();0.001;0.1;30;2;VAL;83.8;0.752374;0.586904
cuda;48000;100;CrossEntropyLoss();689;784;Tanh();0.001;0.1;30;3;TRAIN;85.1;0.675171;2.681690
cuda;12000;100;CrossEntropyLoss();689;784;Tanh();0.001;0.1;30;3;VAL;85.7;0.619615;0.606476
cuda;48000;100;CrossEntropyLoss();689;784;Tanh();0.001;0.1;30;4;TRAIN;86.5;0.576383;2.382780
cuda;12000;100;CrossEntropyLoss();689;784;Tanh();0.001;0.1;30;4;VAL;86.8;0.546756;0.601966
cuda;48000;100;CrossEntropyLoss();689;784;Tanh();0.001;0.1;30;5;TRAIN;87.3;0.517661;2.591791
cuda;12000;100;CrossEntropyLoss();689;784;Tanh();0.001;0.1;30;5;VAL;87.5;0.500253;0.663987
cuda;48000;100;CrossEntropyLoss();689;784;Tanh();0.001;0.1;30;6;TRAIN;87.9;0.478309;2.336005
cuda;12000;100;CrossEntropyLoss();689;784;Tanh();0.001;0.1;30;6;VAL;88.0;0.467951;0.586731
cuda;48000;100;CrossEntropyLoss();689;784;Tanh();0.001;0.1;30;7;TRAIN;88.3;0.449975;2.471868
cuda;12000;100;CrossEntropyLoss();689;784;Tanh();0.001;0.1;30;7;VAL;88.5;0.443985;0.695942
cuda;48000;100;CrossEntropyLoss();689;784;Tanh();0.001;0.1;30;8;TRAIN;88.7;0.428421;2.430493
cuda;12000;100;CrossEntropyLoss();689;784;Tanh();0.001;0.1;30;8;VAL;88.7;0.425442;0.587212
cuda;48000;100;CrossEntropyLoss();689;784;Tanh();0.001;0.1;30;9;TRAIN;89.0;0.411411;2.427279
cuda;12000;100;CrossEntropyLoss();689;784;Tanh();0.001;0.1;30;9;VAL;88.9;0.410561;0.687160
cuda;48000;100;CrossEntropyLoss();689;784;Tanh();0.001;0.1;30;10;TRAIN;89.2;0.397575;2.577848
cuda;12000;100;CrossEntropyLoss();689;784;Tanh();0.001;0.1;30;10;VAL;89.2;0.398448;0.608404
cuda;48000;100;CrossEntropyLoss();689;784;Tanh();0.001;0.1;30;11;TRAIN;89.4;0.386013;2.328284
cuda;12000;100;CrossEntropyLoss();689;784;Tanh();0.001;0.1;30;11;VAL;89.4;0.388325;0.585285
cuda;48000;100;CrossEntropyLoss();689;784;Tanh();0.001;0.1;30;12;TRAIN;89.6;0.376196;2.694831
cuda;12000;100;CrossEntropyLoss();689;784;Tanh();0.001;0.1;30;12;VAL;89.6;0.379448;0.610609
cuda;48000;100;CrossEntropyLoss();689;784;Tanh();0.001;0.1;30;13;TRAIN;89.7;0.367703;2.381218
cuda;12000;100;CrossEntropyLoss();689;784;Tanh();0.001;0.1;30;13;VAL;89.7;0.371895;0.596674
cuda;48000;100;CrossEntropyLoss();689;784;Tanh();0.001;0.1;30;14;TRAIN;89.9;0.360256;2.606378
cuda;12000;100;CrossEntropyLoss();689;784;Tanh();0.001;0.1;30;14;VAL;89.9;0.365181;0.702874
cuda;48000;100;CrossEntropyLoss();689;784;Tanh();0.001;0.1;30;15;TRAIN;90.0;0.353667;2.345809
cuda;12000;100;CrossEntropyLoss();689;784;Tanh();0.001;0.1;30;15;VAL;90.0;0.359234;0.598153
cuda;48000;100;CrossEntropyLoss();689;784;Tanh();0.001;0.1;30;16;TRAIN;90.2;0.347779;2.462211
cuda;12000;100;CrossEntropyLoss();689;784;Tanh();0.001;0.1;30;16;VAL;90.2;0.353997;0.729660
cuda;48000;100;CrossEntropyLoss();689;784;Tanh();0.001;0.1;30;17;TRAIN;90.3;0.342409;2.487612
cuda;12000;100;CrossEntropyLoss();689;784;Tanh();0.001;0.1;30;17;VAL;90.3;0.349062;0.607367
cuda;48000;100;CrossEntropyLoss();689;784;Tanh();0.001;0.1;30;18;TRAIN;90.4;0.337507;2.348875
cuda;12000;100;CrossEntropyLoss();689;784;Tanh();0.001;0.1;30;18;VAL;90.4;0.344881;0.664756
cuda;48000;100;CrossEntropyLoss();689;784;Tanh();0.001;0.1;30;19;TRAIN;90.6;0.333068;2.622488
cuda;12000;100;CrossEntropyLoss();689;784;Tanh();0.001;0.1;30;19;VAL;90.5;0.340650;0.605499
cuda;48000;100;CrossEntropyLoss();689;784;Tanh();0.001;0.1;30;20;TRAIN;90.7;0.328940;2.394475
cuda;12000;100;CrossEntropyLoss();689;784;Tanh();0.001;0.1;30;20;VAL;90.6;0.337010;0.594273
cuda;48000;100;CrossEntropyLoss();689;784;Tanh();0.001;0.1;30;21;TRAIN;90.8;0.325111;2.677118
cuda;12000;100;CrossEntropyLoss();689;784;Tanh();0.001;0.1;30;21;VAL;90.7;0.333562;0.596963
cuda;48000;100;CrossEntropyLoss();689;784;Tanh();0.001;0.1;30;22;TRAIN;90.9;0.321524;2.401611
cuda;12000;100;CrossEntropyLoss();689;784;Tanh();0.001;0.1;30;22;VAL;90.8;0.330420;0.612426
cuda;48000;100;CrossEntropyLoss();689;784;Tanh();0.001;0.1;30;23;TRAIN;90.9;0.318186;2.556132
cuda;12000;100;CrossEntropyLoss();689;784;Tanh();0.001;0.1;30;23;VAL;90.8;0.327384;0.676453
cuda;48000;100;CrossEntropyLoss();689;784;Tanh();0.001;0.1;30;24;TRAIN;91.0;0.315003;2.388228
cuda;12000;100;CrossEntropyLoss();689;784;Tanh();0.001;0.1;30;24;VAL;90.8;0.324734;0.602101
cuda;48000;100;CrossEntropyLoss();689;784;Tanh();0.001;0.1;30;25;TRAIN;91.1;0.312041;2.417201
cuda;12000;100;CrossEntropyLoss();689;784;Tanh();0.001;0.1;30;25;VAL;90.9;0.321894;0.699511
cuda;48000;100;CrossEntropyLoss();689;784;Tanh();0.001;0.1;30;26;TRAIN;91.2;0.309242;2.509332
cuda;12000;100;CrossEntropyLoss();689;784;Tanh();0.001;0.1;30;26;VAL;91.0;0.319325;0.614363
cuda;48000;100;CrossEntropyLoss();689;784;Tanh();0.001;0.1;30;27;TRAIN;91.2;0.306495;2.395443
cuda;12000;100;CrossEntropyLoss();689;784;Tanh();0.001;0.1;30;27;VAL;91.1;0.317001;0.623187
cuda;48000;100;CrossEntropyLoss();689;784;Tanh();0.001;0.1;30;28;TRAIN;91.3;0.303995;2.786595
cuda;12000;100;CrossEntropyLoss();689;784;Tanh();0.001;0.1;30;28;VAL;91.1;0.314657;0.621327
cuda;48000;100;CrossEntropyLoss();689;784;Tanh();0.001;0.1;30;29;TRAIN;91.4;0.301522;2.325868
cuda;12000;100;CrossEntropyLoss();689;784;Tanh();0.001;0.1;30;29;VAL;91.2;0.312476;0.599403
cuda;48000;100;CrossEntropyLoss();689;784;Tanh();0.001;0.1;30;30;TRAIN;91.4;0.299197;2.756310
cuda;12000;100;CrossEntropyLoss();689;784;Tanh();0.001;0.1;30;30;VAL;91.2;0.310527;0.610157
cuda;48000;100;CrossEntropyLoss();689;784;Tanh();0.001;0.5;30;1;TRAIN;73.4;1.246395;2.333899
cuda;12000;100;CrossEntropyLoss();689;784;Tanh();0.001;0.5;30;1;VAL;84.2;0.778938;0.590622
cuda;48000;100;CrossEntropyLoss();689;784;Tanh();0.001;0.5;30;2;TRAIN;85.7;0.647132;2.617211
cuda;12000;100;CrossEntropyLoss();689;784;Tanh();0.001;0.5;30;2;VAL;86.8;0.561841;0.694173
cuda;48000;100;CrossEntropyLoss();689;784;Tanh();0.001;0.5;30;3;TRAIN;87.4;0.513134;2.441511
cuda;12000;100;CrossEntropyLoss();689;784;Tanh();0.001;0.5;30;3;VAL;87.9;0.479249;0.606473
cuda;48000;100;CrossEntropyLoss();689;784;Tanh();0.001;0.5;30;4;TRAIN;88.3;0.451632;2.388657
cuda;12000;100;CrossEntropyLoss();689;784;Tanh();0.001;0.5;30;4;VAL;88.7;0.434817;0.693487
cuda;48000;100;CrossEntropyLoss();689;784;Tanh();0.001;0.5;30;5;TRAIN;88.9;0.415392;2.594882
cuda;12000;100;CrossEntropyLoss();689;784;Tanh();0.001;0.5;30;5;VAL;89.1;0.406239;0.616608
cuda;48000;100;CrossEntropyLoss();689;784;Tanh();0.001;0.5;30;6;TRAIN;89.4;0.390921;2.431290
cuda;12000;100;CrossEntropyLoss();689;784;Tanh();0.001;0.5;30;6;VAL;89.5;0.386449;0.614476
cuda;48000;100;CrossEntropyLoss();689;784;Tanh();0.001;0.5;30;7;TRAIN;89.7;0.373016;2.655427
cuda;12000;100;CrossEntropyLoss();689;784;Tanh();0.001;0.5;30;7;VAL;89.8;0.371554;0.663738
cuda;48000;100;CrossEntropyLoss();689;784;Tanh();0.001;0.5;30;8;TRAIN;90.0;0.359108;2.378302
cuda;12000;100;CrossEntropyLoss();689;784;Tanh();0.001;0.5;30;8;VAL;89.9;0.360085;0.570039
cuda;48000;100;CrossEntropyLoss();689;784;Tanh();0.001;0.5;30;9;TRAIN;90.3;0.347917;2.669539
cuda;12000;100;CrossEntropyLoss();689;784;Tanh();0.001;0.5;30;9;VAL;90.0;0.350211;0.621101
cuda;48000;100;CrossEntropyLoss();689;784;Tanh();0.001;0.5;30;10;TRAIN;90.5;0.338491;2.377858
cuda;12000;100;CrossEntropyLoss();689;784;Tanh();0.001;0.5;30;10;VAL;90.3;0.342193;0.662110
cuda;48000;100;CrossEntropyLoss();689;784;Tanh();0.001;0.5;30;11;TRAIN;90.6;0.330502;3.127947
cuda;12000;100;CrossEntropyLoss();689;784;Tanh();0.001;0.5;30;11;VAL;90.5;0.335517;0.886174
cuda;48000;100;CrossEntropyLoss();689;784;Tanh();0.001;0.5;30;12;TRAIN;90.8;0.323530;2.672396
cuda;12000;100;CrossEntropyLoss();689;784;Tanh();0.001;0.5;30;12;VAL;90.6;0.329489;0.642211
cuda;48000;100;CrossEntropyLoss();689;784;Tanh();0.001;0.5;30;13;TRAIN;91.0;0.317397;2.628825
cuda;12000;100;CrossEntropyLoss();689;784;Tanh();0.001;0.5;30;13;VAL;90.8;0.323985;0.815817
cuda;48000;100;CrossEntropyLoss();689;784;Tanh();0.001;0.5;30;14;TRAIN;91.1;0.311869;2.535536
cuda;12000;100;CrossEntropyLoss();689;784;Tanh();0.001;0.5;30;14;VAL;91.0;0.319268;0.604493
cuda;48000;100;CrossEntropyLoss();689;784;Tanh();0.001;0.5;30;15;TRAIN;91.3;0.306824;2.354884
cuda;12000;100;CrossEntropyLoss();689;784;Tanh();0.001;0.5;30;15;VAL;91.1;0.314928;0.723414
cuda;48000;100;CrossEntropyLoss();689;784;Tanh();0.001;0.5;30;16;TRAIN;91.4;0.302255;2.582381
cuda;12000;100;CrossEntropyLoss();689;784;Tanh();0.001;0.5;30;16;VAL;91.2;0.310929;0.591649
cuda;48000;100;CrossEntropyLoss();689;784;Tanh();0.001;0.5;30;17;TRAIN;91.5;0.297957;2.412278
cuda;12000;100;CrossEntropyLoss();689;784;Tanh();0.001;0.5;30;17;VAL;91.2;0.307347;0.610282
cuda;48000;100;CrossEntropyLoss();689;784;Tanh();0.001;0.5;30;18;TRAIN;91.6;0.293991;2.678625
cuda;12000;100;CrossEntropyLoss();689;784;Tanh();0.001;0.5;30;18;VAL;91.3;0.303980;0.595933
cuda;48000;100;CrossEntropyLoss();689;784;Tanh();0.001;0.5;30;19;TRAIN;91.7;0.290269;2.390455
cuda;12000;100;CrossEntropyLoss();689;784;Tanh();0.001;0.5;30;19;VAL;91.4;0.300976;0.576588
cuda;48000;100;CrossEntropyLoss();689;784;Tanh();0.001;0.5;30;20;TRAIN;91.8;0.286736;2.570158
cuda;12000;100;CrossEntropyLoss();689;784;Tanh();0.001;0.5;30;20;VAL;91.5;0.297909;0.669079
cuda;48000;100;CrossEntropyLoss();689;784;Tanh();0.001;0.5;30;21;TRAIN;91.9;0.283431;2.399291
cuda;12000;100;CrossEntropyLoss();689;784;Tanh();0.001;0.5;30;21;VAL;91.6;0.294952;0.578660
cuda;48000;100;CrossEntropyLoss();689;784;Tanh();0.001;0.5;30;22;TRAIN;92.0;0.280195;2.436619
cuda;12000;100;CrossEntropyLoss();689;784;Tanh();0.001;0.5;30;22;VAL;91.7;0.292508;0.705288
cuda;48000;100;CrossEntropyLoss();689;784;Tanh();0.001;0.5;30;23;TRAIN;92.1;0.277176;2.473852
cuda;12000;100;CrossEntropyLoss();689;784;Tanh();0.001;0.5;30;23;VAL;91.8;0.289730;0.577858
cuda;48000;100;CrossEntropyLoss();689;784;Tanh();0.001;0.5;30;24;TRAIN;92.2;0.274213;2.353953
cuda;12000;100;CrossEntropyLoss();689;784;Tanh();0.001;0.5;30;24;VAL;91.8;0.287708;0.651488
cuda;48000;100;CrossEntropyLoss();689;784;Tanh();0.001;0.5;30;25;TRAIN;92.3;0.271463;2.729808
cuda;12000;100;CrossEntropyLoss();689;784;Tanh();0.001;0.5;30;25;VAL;91.9;0.284705;0.602744
cuda;48000;100;CrossEntropyLoss();689;784;Tanh();0.001;0.5;30;26;TRAIN;92.4;0.268689;2.436290
cuda;12000;100;CrossEntropyLoss();689;784;Tanh();0.001;0.5;30;26;VAL;92.0;0.282634;0.605755
cuda;48000;100;CrossEntropyLoss();689;784;Tanh();0.001;0.5;30;27;TRAIN;92.4;0.266054;2.734794
cuda;12000;100;CrossEntropyLoss();689;784;Tanh();0.001;0.5;30;27;VAL;92.0;0.280493;0.618038
cuda;48000;100;CrossEntropyLoss();689;784;Tanh();0.001;0.5;30;28;TRAIN;92.5;0.263483;2.323445
cuda;12000;100;CrossEntropyLoss();689;784;Tanh();0.001;0.5;30;28;VAL;92.2;0.278042;0.650232
cuda;48000;100;CrossEntropyLoss();689;784;Tanh();0.001;0.5;30;29;TRAIN;92.6;0.260985;2.751537
cuda;12000;100;CrossEntropyLoss();689;784;Tanh();0.001;0.5;30;29;VAL;92.1;0.276120;0.675611
cuda;48000;100;CrossEntropyLoss();689;784;Tanh();0.001;0.5;30;30;TRAIN;92.7;0.258579;2.387889
cuda;12000;100;CrossEntropyLoss();689;784;Tanh();0.001;0.5;30;30;VAL;92.2;0.274033;0.626563
cuda;48000;100;CrossEntropyLoss();689;784;Tanh();0.001;0.9;30;1;TRAIN;83.0;0.681722;2.527302
cuda;12000;100;CrossEntropyLoss();689;784;Tanh();0.001;0.9;30;1;VAL;88.8;0.411075;0.684457
cuda;48000;100;CrossEntropyLoss();689;784;Tanh();0.001;0.9;30;2;TRAIN;89.7;0.367365;2.430789
cuda;12000;100;CrossEntropyLoss();689;784;Tanh();0.001;0.9;30;2;VAL;90.2;0.345474;0.576919
cuda;48000;100;CrossEntropyLoss();689;784;Tanh();0.001;0.9;30;3;TRAIN;90.8;0.323065;2.342866
cuda;12000;100;CrossEntropyLoss();689;784;Tanh();0.001;0.9;30;3;VAL;90.8;0.317988;0.681926
cuda;48000;100;CrossEntropyLoss();689;784;Tanh();0.001;0.9;30;4;TRAIN;91.4;0.298974;2.592164
cuda;12000;100;CrossEntropyLoss();689;784;Tanh();0.001;0.9;30;4;VAL;91.4;0.301320;0.606992
cuda;48000;100;CrossEntropyLoss();689;784;Tanh();0.001;0.9;30;5;TRAIN;92.0;0.281959;2.369426
cuda;12000;100;CrossEntropyLoss();689;784;Tanh();0.001;0.9;30;5;VAL;91.9;0.288477;0.615020
cuda;48000;100;CrossEntropyLoss();689;784;Tanh();0.001;0.9;30;6;TRAIN;92.3;0.268189;2.775867
cuda;12000;100;CrossEntropyLoss();689;784;Tanh();0.001;0.9;30;6;VAL;92.2;0.277695;0.601855
cuda;48000;100;CrossEntropyLoss();689;784;Tanh();0.001;0.9;30;7;TRAIN;92.7;0.256302;2.351011
cuda;12000;100;CrossEntropyLoss();689;784;Tanh();0.001;0.9;30;7;VAL;92.5;0.267942;0.613439
cuda;48000;100;CrossEntropyLoss();689;784;Tanh();0.001;0.9;30;8;TRAIN;93.0;0.245311;2.585686
cuda;12000;100;CrossEntropyLoss();689;784;Tanh();0.001;0.9;30;8;VAL;92.8;0.258719;0.675316
cuda;48000;100;CrossEntropyLoss();689;784;Tanh();0.001;0.9;30;9;TRAIN;93.4;0.235119;2.385186
cuda;12000;100;CrossEntropyLoss();689;784;Tanh();0.001;0.9;30;9;VAL;93.1;0.250520;0.620794
cuda;48000;100;CrossEntropyLoss();689;784;Tanh();0.001;0.9;30;10;TRAIN;93.7;0.225290;2.468156
cuda;12000;100;CrossEntropyLoss();689;784;Tanh();0.001;0.9;30;10;VAL;93.3;0.241833;0.710044
cuda;48000;100;CrossEntropyLoss();689;784;Tanh();0.001;0.9;30;11;TRAIN;93.9;0.215913;2.445754
cuda;12000;100;CrossEntropyLoss();689;784;Tanh();0.001;0.9;30;11;VAL;93.4;0.235466;0.621126
cuda;48000;100;CrossEntropyLoss();689;784;Tanh();0.001;0.9;30;12;TRAIN;94.2;0.207029;2.372270
cuda;12000;100;CrossEntropyLoss();689;784;Tanh();0.001;0.9;30;12;VAL;93.7;0.227968;0.658725
cuda;48000;100;CrossEntropyLoss();689;784;Tanh();0.001;0.9;30;13;TRAIN;94.4;0.198477;2.723813
cuda;12000;100;CrossEntropyLoss();689;784;Tanh();0.001;0.9;30;13;VAL;93.9;0.219735;0.631647
cuda;48000;100;CrossEntropyLoss();689;784;Tanh();0.001;0.9;30;14;TRAIN;94.7;0.190385;2.371162
cuda;12000;100;CrossEntropyLoss();689;784;Tanh();0.001;0.9;30;14;VAL;94.0;0.213573;0.582103
cuda;48000;100;CrossEntropyLoss();689;784;Tanh();0.001;0.9;30;15;TRAIN;94.9;0.182721;2.666042
cuda;12000;100;CrossEntropyLoss();689;784;Tanh();0.001;0.9;30;15;VAL;94.1;0.206478;0.680882
cuda;48000;100;CrossEntropyLoss();689;784;Tanh();0.001;0.9;30;16;TRAIN;95.2;0.175416;2.366588
cuda;12000;100;CrossEntropyLoss();689;784;Tanh();0.001;0.9;30;16;VAL;94.3;0.200227;0.585966
cuda;48000;100;CrossEntropyLoss();689;784;Tanh();0.001;0.9;30;17;TRAIN;95.3;0.168503;2.660205
cuda;12000;100;CrossEntropyLoss();689;784;Tanh();0.001;0.9;30;17;VAL;94.4;0.194669;0.678478
cuda;48000;100;CrossEntropyLoss();689;784;Tanh();0.001;0.9;30;18;TRAIN;95.5;0.162220;2.344035
cuda;12000;100;CrossEntropyLoss();689;784;Tanh();0.001;0.9;30;18;VAL;94.6;0.189509;0.592779
cuda;48000;100;CrossEntropyLoss();689;784;Tanh();0.001;0.9;30;19;TRAIN;95.8;0.155891;2.469741
cuda;12000;100;CrossEntropyLoss();689;784;Tanh();0.001;0.9;30;19;VAL;94.7;0.183994;0.697657
cuda;48000;100;CrossEntropyLoss();689;784;Tanh();0.001;0.9;30;20;TRAIN;95.9;0.150169;2.480216
cuda;12000;100;CrossEntropyLoss();689;784;Tanh();0.001;0.9;30;20;VAL;94.8;0.179076;0.590949
cuda;48000;100;CrossEntropyLoss();689;784;Tanh();0.001;0.9;30;21;TRAIN;96.1;0.144818;2.360469
cuda;12000;100;CrossEntropyLoss();689;784;Tanh();0.001;0.9;30;21;VAL;95.0;0.174649;0.657043
cuda;48000;100;CrossEntropyLoss();689;784;Tanh();0.001;0.9;30;22;TRAIN;96.2;0.139690;2.747720
cuda;12000;100;CrossEntropyLoss();689;784;Tanh();0.001;0.9;30;22;VAL;95.1;0.170543;0.603165
cuda;48000;100;CrossEntropyLoss();689;784;Tanh();0.001;0.9;30;23;TRAIN;96.4;0.134734;2.366048
cuda;12000;100;CrossEntropyLoss();689;784;Tanh();0.001;0.9;30;23;VAL;95.3;0.166065;0.579284
cuda;48000;100;CrossEntropyLoss();689;784;Tanh();0.001;0.9;30;24;TRAIN;96.5;0.130209;2.671755
cuda;12000;100;CrossEntropyLoss();689;784;Tanh();0.001;0.9;30;24;VAL;95.3;0.163008;0.608450
cuda;48000;100;CrossEntropyLoss();689;784;Tanh();0.001;0.9;30;25;TRAIN;96.6;0.125867;2.429140
cuda;12000;100;CrossEntropyLoss();689;784;Tanh();0.001;0.9;30;25;VAL;95.5;0.158369;0.607266
cuda;48000;100;CrossEntropyLoss();689;784;Tanh();0.001;0.9;30;26;TRAIN;96.7;0.121806;2.570157
cuda;12000;100;CrossEntropyLoss();689;784;Tanh();0.001;0.9;30;26;VAL;95.6;0.155675;0.684889
cuda;48000;100;CrossEntropyLoss();689;784;Tanh();0.001;0.9;30;27;TRAIN;96.8;0.117999;2.355039
cuda;12000;100;CrossEntropyLoss();689;784;Tanh();0.001;0.9;30;27;VAL;95.7;0.152249;0.578219
cuda;48000;100;CrossEntropyLoss();689;784;Tanh();0.001;0.9;30;28;TRAIN;97.0;0.114316;2.403135
cuda;12000;100;CrossEntropyLoss();689;784;Tanh();0.001;0.9;30;28;VAL;95.6;0.149779;0.728285
cuda;48000;100;CrossEntropyLoss();689;784;Tanh();0.001;0.9;30;29;TRAIN;97.0;0.110752;2.461186
cuda;12000;100;CrossEntropyLoss();689;784;Tanh();0.001;0.9;30;29;VAL;95.8;0.146717;0.627838
cuda;48000;100;CrossEntropyLoss();689;784;Tanh();0.001;0.9;30;30;TRAIN;97.1;0.107371;2.419222
cuda;12000;100;CrossEntropyLoss();689;784;Tanh();0.001;0.9;30;30;VAL;95.8;0.144376;0.605823
cuda;48000;100;CrossEntropyLoss();689;784;Tanh();0.01;0.1;30;1;TRAIN;84.7;0.637465;2.699386
cuda;12000;100;CrossEntropyLoss();689;784;Tanh();0.01;0.1;30;1;VAL;89.2;0.396609;0.584395
cuda;48000;100;CrossEntropyLoss();689;784;Tanh();0.01;0.1;30;2;TRAIN;90.0;0.356323;2.342270
cuda;12000;100;CrossEntropyLoss();689;784;Tanh();0.01;0.1;30;2;VAL;90.5;0.337465;0.584528
cuda;48000;100;CrossEntropyLoss();689;784;Tanh();0.01;0.1;30;3;TRAIN;91.0;0.314780;2.668553
cuda;12000;100;CrossEntropyLoss();689;784;Tanh();0.01;0.1;30;3;VAL;91.1;0.310710;0.604361
cuda;48000;100;CrossEntropyLoss();689;784;Tanh();0.01;0.1;30;4;TRAIN;91.7;0.291442;2.348977
cuda;12000;100;CrossEntropyLoss();689;784;Tanh();0.01;0.1;30;4;VAL;91.6;0.294713;0.599820
cuda;48000;100;CrossEntropyLoss();689;784;Tanh();0.01;0.1;30;5;TRAIN;92.2;0.274475;2.594946
cuda;12000;100;CrossEntropyLoss();689;784;Tanh();0.01;0.1;30;5;VAL;92.1;0.281614;0.643237
cuda;48000;100;CrossEntropyLoss();689;784;Tanh();0.01;0.1;30;6;TRAIN;92.6;0.260774;2.412149
cuda;12000;100;CrossEntropyLoss();689;784;Tanh();0.01;0.1;30;6;VAL;92.5;0.269259;0.581040
cuda;48000;100;CrossEntropyLoss();689;784;Tanh();0.01;0.1;30;7;TRAIN;93.0;0.248021;2.384260
cuda;12000;100;CrossEntropyLoss();689;784;Tanh();0.01;0.1;30;7;VAL;92.8;0.259446;0.727236
cuda;48000;100;CrossEntropyLoss();689;784;Tanh();0.01;0.1;30;8;TRAIN;93.3;0.236448;2.632047
cuda;12000;100;CrossEntropyLoss();689;784;Tanh();0.01;0.1;30;8;VAL;93.0;0.250521;0.619874
cuda;48000;100;CrossEntropyLoss();689;784;Tanh();0.01;0.1;30;9;TRAIN;93.6;0.225489;2.369388
cuda;12000;100;CrossEntropyLoss();689;784;Tanh();0.01;0.1;30;9;VAL;93.4;0.241754;0.627933
cuda;48000;100;CrossEntropyLoss();689;784;Tanh();0.01;0.1;30;10;TRAIN;93.9;0.214909;2.666513
cuda;12000;100;CrossEntropyLoss();689;784;Tanh();0.01;0.1;30;10;VAL;93.6;0.233346;0.590043
cuda;48000;100;CrossEntropyLoss();689;784;Tanh();0.01;0.1;30;11;TRAIN;94.2;0.205248;2.387917
cuda;12000;100;CrossEntropyLoss();689;784;Tanh();0.01;0.1;30;11;VAL;93.7;0.223517;0.578980
cuda;48000;100;CrossEntropyLoss();689;784;Tanh();0.01;0.1;30;12;TRAIN;94.5;0.196022;2.591489
cuda;12000;100;CrossEntropyLoss();689;784;Tanh();0.01;0.1;30;12;VAL;94.0;0.215442;0.665458
cuda;48000;100;CrossEntropyLoss();689;784;Tanh();0.01;0.1;30;13;TRAIN;94.8;0.187124;2.364965
cuda;12000;100;CrossEntropyLoss();689;784;Tanh();0.01;0.1;30;13;VAL;94.1;0.208109;0.610293
cuda;48000;100;CrossEntropyLoss();689;784;Tanh();0.01;0.1;30;14;TRAIN;95.0;0.178873;2.474710
cuda;12000;100;CrossEntropyLoss();689;784;Tanh();0.01;0.1;30;14;VAL;94.3;0.201877;0.807034
cuda;48000;100;CrossEntropyLoss();689;784;Tanh();0.01;0.1;30;15;TRAIN;95.2;0.171180;2.457622
cuda;12000;100;CrossEntropyLoss();689;784;Tanh();0.01;0.1;30;15;VAL;94.4;0.195195;0.601104
cuda;48000;100;CrossEntropyLoss();689;784;Tanh();0.01;0.1;30;16;TRAIN;95.4;0.163913;2.330818
cuda;12000;100;CrossEntropyLoss();689;784;Tanh();0.01;0.1;30;16;VAL;94.5;0.190341;0.636096
cuda;48000;100;CrossEntropyLoss();689;784;Tanh();0.01;0.1;30;17;TRAIN;95.7;0.157328;2.580479
cuda;12000;100;CrossEntropyLoss();689;784;Tanh();0.01;0.1;30;17;VAL;94.7;0.183891;0.607263
cuda;48000;100;CrossEntropyLoss();689;784;Tanh();0.01;0.1;30;18;TRAIN;95.8;0.150775;2.377854
cuda;12000;100;CrossEntropyLoss();689;784;Tanh();0.01;0.1;30;18;VAL;94.9;0.178646;0.603933
cuda;48000;100;CrossEntropyLoss();689;784;Tanh();0.01;0.1;30;19;TRAIN;96.0;0.144743;2.701713
cuda;12000;100;CrossEntropyLoss();689;784;Tanh();0.01;0.1;30;19;VAL;95.0;0.173548;0.604780
cuda;48000;100;CrossEntropyLoss();689;784;Tanh();0.01;0.1;30;20;TRAIN;96.2;0.139273;2.351534
cuda;12000;100;CrossEntropyLoss();689;784;Tanh();0.01;0.1;30;20;VAL;95.1;0.169263;0.581062
cuda;48000;100;CrossEntropyLoss();689;784;Tanh();0.01;0.1;30;21;TRAIN;96.3;0.134175;2.568514
cuda;12000;100;CrossEntropyLoss();689;784;Tanh();0.01;0.1;30;21;VAL;95.3;0.164550;0.681809
cuda;48000;100;CrossEntropyLoss();689;784;Tanh();0.01;0.1;30;22;TRAIN;96.5;0.129178;2.394469
cuda;12000;100;CrossEntropyLoss();689;784;Tanh();0.01;0.1;30;22;VAL;95.4;0.160393;0.593108
cuda;48000;100;CrossEntropyLoss();689;784;Tanh();0.01;0.1;30;23;TRAIN;96.6;0.124440;2.443284
cuda;12000;100;CrossEntropyLoss();689;784;Tanh();0.01;0.1;30;23;VAL;95.5;0.156979;0.703676
cuda;48000;100;CrossEntropyLoss();689;784;Tanh();0.01;0.1;30;24;TRAIN;96.8;0.120044;2.769302
cuda;12000;100;CrossEntropyLoss();689;784;Tanh();0.01;0.1;30;24;VAL;95.6;0.152793;0.606751
cuda;48000;100;CrossEntropyLoss();689;784;Tanh();0.01;0.1;30;25;TRAIN;96.9;0.116097;2.359486
cuda;12000;100;CrossEntropyLoss();689;784;Tanh();0.01;0.1;30;25;VAL;95.6;0.150000;0.639666
cuda;48000;100;CrossEntropyLoss();689;784;Tanh();0.01;0.1;30;26;TRAIN;97.0;0.112007;2.632170
cuda;12000;100;CrossEntropyLoss();689;784;Tanh();0.01;0.1;30;26;VAL;95.7;0.147298;0.596382
cuda;48000;100;CrossEntropyLoss();689;784;Tanh();0.01;0.1;30;27;TRAIN;97.1;0.108299;2.380935
cuda;12000;100;CrossEntropyLoss();689;784;Tanh();0.01;0.1;30;27;VAL;95.9;0.143886;0.609264
cuda;48000;100;CrossEntropyLoss();689;784;Tanh();0.01;0.1;30;28;TRAIN;97.2;0.104767;2.664462
cuda;12000;100;CrossEntropyLoss();689;784;Tanh();0.01;0.1;30;28;VAL;95.9;0.141563;0.588075
cuda;48000;100;CrossEntropyLoss();689;784;Tanh();0.01;0.1;30;29;TRAIN;97.3;0.101389;2.408919
cuda;12000;100;CrossEntropyLoss();689;784;Tanh();0.01;0.1;30;29;VAL;96.0;0.138885;0.593930
cuda;48000;100;CrossEntropyLoss();689;784;Tanh();0.01;0.1;30;30;TRAIN;97.4;0.098118;2.586738
cuda;12000;100;CrossEntropyLoss();689;784;Tanh();0.01;0.1;30;30;VAL;96.1;0.135726;0.680242
cuda;48000;100;CrossEntropyLoss();689;784;Tanh();0.01;0.5;30;1;TRAIN;86.7;0.520743;2.374543
cuda;12000;100;CrossEntropyLoss();689;784;Tanh();0.01;0.5;30;1;VAL;90.1;0.346155;0.594236
cuda;48000;100;CrossEntropyLoss();689;784;Tanh();0.01;0.5;30;2;TRAIN;91.1;0.312221;2.460701
cuda;12000;100;CrossEntropyLoss();689;784;Tanh();0.01;0.5;30;2;VAL;91.4;0.301101;0.702379
cuda;48000;100;CrossEntropyLoss();689;784;Tanh();0.01;0.5;30;3;TRAIN;92.1;0.276532;2.493294
cuda;12000;100;CrossEntropyLoss();689;784;Tanh();0.01;0.5;30;3;VAL;92.2;0.278713;0.596466
cuda;48000;100;CrossEntropyLoss();689;784;Tanh();0.01;0.5;30;4;TRAIN;92.8;0.251449;2.450244
cuda;12000;100;CrossEntropyLoss();689;784;Tanh();0.01;0.5;30;4;VAL;92.8;0.259034;0.625821
cuda;48000;100;CrossEntropyLoss();689;784;Tanh();0.01;0.5;30;5;TRAIN;93.5;0.230560;2.628718
cuda;12000;100;CrossEntropyLoss();689;784;Tanh();0.01;0.5;30;5;VAL;93.2;0.241117;0.605557
cuda;48000;100;CrossEntropyLoss();689;784;Tanh();0.01;0.5;30;6;TRAIN;94.1;0.211417;2.373575
cuda;12000;100;CrossEntropyLoss();689;784;Tanh();0.01;0.5;30;6;VAL;93.6;0.225517;0.585472
cuda;48000;100;CrossEntropyLoss();689;784;Tanh();0.01;0.5;30;7;TRAIN;94.6;0.194172;2.683730
cuda;12000;100;CrossEntropyLoss();689;784;Tanh();0.01;0.5;30;7;VAL;94.0;0.210265;0.579528
cuda;48000;100;CrossEntropyLoss();689;784;Tanh();0.01;0.5;30;8;TRAIN;95.1;0.178958;2.340985
cuda;12000;100;CrossEntropyLoss();689;784;Tanh();0.01;0.5;30;8;VAL;94.3;0.197475;0.617634
cuda;48000;100;CrossEntropyLoss();689;784;Tanh();0.01;0.5;30;9;TRAIN;95.5;0.165330;2.539031
cuda;12000;100;CrossEntropyLoss();689;784;Tanh();0.01;0.5;30;9;VAL;94.6;0.187881;0.668489
cuda;48000;100;CrossEntropyLoss();689;784;Tanh();0.01;0.5;30;10;TRAIN;95.7;0.153238;2.414787
cuda;12000;100;CrossEntropyLoss();689;784;Tanh();0.01;0.5;30;10;VAL;94.9;0.177389;0.587446
cuda;48000;100;CrossEntropyLoss();689;784;Tanh();0.01;0.5;30;11;TRAIN;96.1;0.142615;2.346962
cuda;12000;100;CrossEntropyLoss();689;784;Tanh();0.01;0.5;30;11;VAL;95.2;0.168008;0.696015
cuda;48000;100;CrossEntropyLoss();689;784;Tanh();0.01;0.5;30;12;TRAIN;96.3;0.133110;2.568757
cuda;12000;100;CrossEntropyLoss();689;784;Tanh();0.01;0.5;30;12;VAL;95.3;0.161451;0.574927
cuda;48000;100;CrossEntropyLoss();689;784;Tanh();0.01;0.5;30;13;TRAIN;96.6;0.124549;2.416463
cuda;12000;100;CrossEntropyLoss();689;784;Tanh();0.01;0.5;30;13;VAL;95.5;0.153409;0.617481
cuda;48000;100;CrossEntropyLoss();689;784;Tanh();0.01;0.5;30;14;TRAIN;96.8;0.116853;2.683781
cuda;12000;100;CrossEntropyLoss();689;784;Tanh();0.01;0.5;30;14;VAL;95.8;0.147837;0.618953
cuda;48000;100;CrossEntropyLoss();689;784;Tanh();0.01;0.5;30;15;TRAIN;97.0;0.109766;2.562331
cuda;12000;100;CrossEntropyLoss();689;784;Tanh();0.01;0.5;30;15;VAL;95.9;0.142327;0.598302
cuda;48000;100;CrossEntropyLoss();689;784;Tanh();0.01;0.5;30;16;TRAIN;97.2;0.103658;2.739232
cuda;12000;100;CrossEntropyLoss();689;784;Tanh();0.01;0.5;30;16;VAL;96.2;0.136907;0.622851
cuda;48000;100;CrossEntropyLoss();689;784;Tanh();0.01;0.5;30;17;TRAIN;97.4;0.097928;2.403199
cuda;12000;100;CrossEntropyLoss();689;784;Tanh();0.01;0.5;30;17;VAL;96.1;0.134792;0.599267
cuda;48000;100;CrossEntropyLoss();689;784;Tanh();0.01;0.5;30;18;TRAIN;97.5;0.092679;2.622723
cuda;12000;100;CrossEntropyLoss();689;784;Tanh();0.01;0.5;30;18;VAL;96.4;0.129709;0.662815
cuda;48000;100;CrossEntropyLoss();689;784;Tanh();0.01;0.5;30;19;TRAIN;97.7;0.087921;2.439669
cuda;12000;100;CrossEntropyLoss();689;784;Tanh();0.01;0.5;30;19;VAL;96.5;0.125965;0.592847
cuda;48000;100;CrossEntropyLoss();689;784;Tanh();0.01;0.5;30;20;TRAIN;97.8;0.083349;2.426155
cuda;12000;100;CrossEntropyLoss();689;784;Tanh();0.01;0.5;30;20;VAL;96.5;0.122253;0.711405
cuda;48000;100;CrossEntropyLoss();689;784;Tanh();0.01;0.5;30;21;TRAIN;97.9;0.079343;2.476889
cuda;12000;100;CrossEntropyLoss();689;784;Tanh();0.01;0.5;30;21;VAL;96.5;0.119193;0.579565
cuda;48000;100;CrossEntropyLoss();689;784;Tanh();0.01;0.5;30;22;TRAIN;98.1;0.075533;2.358819
cuda;12000;100;CrossEntropyLoss();689;784;Tanh();0.01;0.5;30;22;VAL;96.7;0.116051;0.595416
cuda;48000;100;CrossEntropyLoss();689;784;Tanh();0.01;0.5;30;23;TRAIN;98.2;0.071928;2.793134
cuda;12000;100;CrossEntropyLoss();689;784;Tanh();0.01;0.5;30;23;VAL;96.8;0.112687;0.616107
cuda;48000;100;CrossEntropyLoss();689;784;Tanh();0.01;0.5;30;24;TRAIN;98.3;0.068632;2.345887
cuda;12000;100;CrossEntropyLoss();689;784;Tanh();0.01;0.5;30;24;VAL;96.7;0.113269;0.595260
cuda;48000;100;CrossEntropyLoss();689;784;Tanh();0.01;0.5;30;25;TRAIN;98.4;0.065594;2.631136
cuda;12000;100;CrossEntropyLoss();689;784;Tanh();0.01;0.5;30;25;VAL;96.9;0.108075;0.618933
cuda;48000;100;CrossEntropyLoss();689;784;Tanh();0.01;0.5;30;26;TRAIN;98.4;0.062709;2.347749
cuda;12000;100;CrossEntropyLoss();689;784;Tanh();0.01;0.5;30;26;VAL;96.9;0.106332;0.592194
cuda;48000;100;CrossEntropyLoss();689;784;Tanh();0.01;0.5;30;27;TRAIN;98.6;0.059941;2.502436
cuda;12000;100;CrossEntropyLoss();689;784;Tanh();0.01;0.5;30;27;VAL;96.9;0.104422;0.688822
cuda;48000;100;CrossEntropyLoss();689;784;Tanh();0.01;0.5;30;28;TRAIN;98.6;0.057440;2.484160
cuda;12000;100;CrossEntropyLoss();689;784;Tanh();0.01;0.5;30;28;VAL;96.9;0.102744;0.595170
cuda;48000;100;CrossEntropyLoss();689;784;Tanh();0.01;0.5;30;29;TRAIN;98.7;0.055021;2.333329
cuda;12000;100;CrossEntropyLoss();689;784;Tanh();0.01;0.5;30;29;VAL;97.0;0.100842;0.689203
cuda;48000;100;CrossEntropyLoss();689;784;Tanh();0.01;0.5;30;30;TRAIN;98.8;0.052663;2.590963
cuda;12000;100;CrossEntropyLoss();689;784;Tanh();0.01;0.5;30;30;VAL;97.0;0.100391;0.604589
cuda;48000;100;CrossEntropyLoss();689;784;Tanh();0.01;0.9;30;1;TRAIN;89.6;0.360482;2.344060
cuda;12000;100;CrossEntropyLoss();689;784;Tanh();0.01;0.9;30;1;VAL;92.6;0.260291;0.666479
cuda;48000;100;CrossEntropyLoss();689;784;Tanh();0.01;0.9;30;2;TRAIN;94.2;0.204653;2.713833
cuda;12000;100;CrossEntropyLoss();689;784;Tanh();0.01;0.9;30;2;VAL;94.5;0.190519;0.670329
cuda;48000;100;CrossEntropyLoss();689;784;Tanh();0.01;0.9;30;3;TRAIN;95.9;0.145741;2.349000
cuda;12000;100;CrossEntropyLoss();689;784;Tanh();0.01;0.9;30;3;VAL;95.5;0.153466;0.616348
cuda;48000;100;CrossEntropyLoss();689;784;Tanh();0.01;0.9;30;4;TRAIN;96.9;0.109948;2.632062
cuda;12000;100;CrossEntropyLoss();689;784;Tanh();0.01;0.9;30;4;VAL;96.3;0.129575;0.654369
cuda;48000;100;CrossEntropyLoss();689;784;Tanh();0.01;0.9;30;5;TRAIN;97.6;0.087080;2.367358
cuda;12000;100;CrossEntropyLoss();689;784;Tanh();0.01;0.9;30;5;VAL;96.8;0.114952;0.602325
cuda;48000;100;CrossEntropyLoss();689;784;Tanh();0.01;0.9;30;6;TRAIN;98.0;0.071178;2.505926
cuda;12000;100;CrossEntropyLoss();689;784;Tanh();0.01;0.9;30;6;VAL;96.7;0.108138;0.703786
cuda;48000;100;CrossEntropyLoss();689;784;Tanh();0.01;0.9;30;7;TRAIN;98.4;0.058416;2.409704
cuda;12000;100;CrossEntropyLoss();689;784;Tanh();0.01;0.9;30;7;VAL;97.1;0.097164;0.650997
cuda;48000;100;CrossEntropyLoss();689;784;Tanh();0.01;0.9;30;8;TRAIN;98.7;0.048493;2.364098
cuda;12000;100;CrossEntropyLoss();689;784;Tanh();0.01;0.9;30;8;VAL;97.3;0.089740;0.699696
cuda;48000;100;CrossEntropyLoss();689;784;Tanh();0.01;0.9;30;9;TRAIN;99.0;0.040933;2.608585
cuda;12000;100;CrossEntropyLoss();689;784;Tanh();0.01;0.9;30;9;VAL;97.4;0.086601;0.599790
cuda;48000;100;CrossEntropyLoss();689;784;Tanh();0.01;0.9;30;10;TRAIN;99.2;0.034633;2.420655
cuda;12000;100;CrossEntropyLoss();689;784;Tanh();0.01;0.9;30;10;VAL;97.4;0.084610;0.611454
cuda;48000;100;CrossEntropyLoss();689;784;Tanh();0.01;0.9;30;11;TRAIN;99.4;0.029307;2.641116
cuda;12000;100;CrossEntropyLoss();689;784;Tanh();0.01;0.9;30;11;VAL;97.4;0.085114;0.615866
cuda;48000;100;CrossEntropyLoss();689;784;Tanh();0.01;0.9;30;12;TRAIN;99.5;0.024884;2.396334
cuda;12000;100;CrossEntropyLoss();689;784;Tanh();0.01;0.9;30;12;VAL;97.5;0.080723;0.594747
cuda;48000;100;CrossEntropyLoss();689;784;Tanh();0.01;0.9;30;13;TRAIN;99.6;0.021581;2.620536
cuda;12000;100;CrossEntropyLoss();689;784;Tanh();0.01;0.9;30;13;VAL;97.5;0.079820;0.670204
cuda;48000;100;CrossEntropyLoss();689;784;Tanh();0.01;0.9;30;14;TRAIN;99.7;0.018727;2.353376
cuda;12000;100;CrossEntropyLoss();689;784;Tanh();0.01;0.9;30;14;VAL;97.7;0.076690;0.597690
cuda;48000;100;CrossEntropyLoss();689;784;Tanh();0.01;0.9;30;15;TRAIN;99.8;0.016307;2.489664
cuda;12000;100;CrossEntropyLoss();689;784;Tanh();0.01;0.9;30;15;VAL;97.7;0.076745;0.695766
cuda;48000;100;CrossEntropyLoss();689;784;Tanh();0.01;0.9;30;16;TRAIN;99.8;0.014176;2.461988
cuda;12000;100;CrossEntropyLoss();689;784;Tanh();0.01;0.9;30;16;VAL;97.7;0.075671;0.599559
cuda;48000;100;CrossEntropyLoss();689;784;Tanh();0.01;0.9;30;17;TRAIN;99.9;0.012385;2.387101
cuda;12000;100;CrossEntropyLoss();689;784;Tanh();0.01;0.9;30;17;VAL;97.8;0.076432;0.651240
cuda;48000;100;CrossEntropyLoss();689;784;Tanh();0.01;0.9;30;18;TRAIN;99.9;0.010995;2.631430
cuda;12000;100;CrossEntropyLoss();689;784;Tanh();0.01;0.9;30;18;VAL;97.7;0.073519;0.582041
cuda;48000;100;CrossEntropyLoss();689;784;Tanh();0.01;0.9;30;19;TRAIN;99.9;0.009891;2.382881
cuda;12000;100;CrossEntropyLoss();689;784;Tanh();0.01;0.9;30;19;VAL;97.8;0.073760;0.585120
cuda;48000;100;CrossEntropyLoss();689;784;Tanh();0.01;0.9;30;20;TRAIN;100.0;0.008765;2.695845
cuda;12000;100;CrossEntropyLoss();689;784;Tanh();0.01;0.9;30;20;VAL;97.8;0.074107;0.613301
cuda;48000;100;CrossEntropyLoss();689;784;Tanh();0.01;0.9;30;21;TRAIN;100.0;0.007893;2.358169
cuda;12000;100;CrossEntropyLoss();689;784;Tanh();0.01;0.9;30;21;VAL;97.7;0.074080;0.597805
cuda;48000;100;CrossEntropyLoss();689;784;Tanh();0.01;0.9;30;22;TRAIN;100.0;0.007323;2.642723
cuda;12000;100;CrossEntropyLoss();689;784;Tanh();0.01;0.9;30;22;VAL;97.8;0.073679;0.654444
cuda;48000;100;CrossEntropyLoss();689;784;Tanh();0.01;0.9;30;23;TRAIN;100.0;0.006587;2.355564
cuda;12000;100;CrossEntropyLoss();689;784;Tanh();0.01;0.9;30;23;VAL;97.7;0.074191;0.578432
cuda;48000;100;CrossEntropyLoss();689;784;Tanh();0.01;0.9;30;24;TRAIN;100.0;0.006089;2.438360
cuda;12000;100;CrossEntropyLoss();689;784;Tanh();0.01;0.9;30;24;VAL;97.8;0.073614;0.695964
cuda;48000;100;CrossEntropyLoss();689;784;Tanh();0.01;0.9;30;25;TRAIN;100.0;0.005643;2.479313
cuda;12000;100;CrossEntropyLoss();689;784;Tanh();0.01;0.9;30;25;VAL;97.8;0.073613;0.594031
cuda;48000;100;CrossEntropyLoss();689;784;Tanh();0.01;0.9;30;26;TRAIN;100.0;0.005168;2.377227
cuda;12000;100;CrossEntropyLoss();689;784;Tanh();0.01;0.9;30;26;VAL;97.9;0.073717;0.604381
cuda;48000;100;CrossEntropyLoss();689;784;Tanh();0.01;0.9;30;27;TRAIN;100.0;0.004857;2.655360
cuda;12000;100;CrossEntropyLoss();689;784;Tanh();0.01;0.9;30;27;VAL;97.8;0.073421;0.590330
cuda;48000;100;CrossEntropyLoss();689;784;Tanh();0.01;0.9;30;28;TRAIN;100.0;0.004522;2.326850
cuda;12000;100;CrossEntropyLoss();689;784;Tanh();0.01;0.9;30;28;VAL;97.8;0.073610;0.633581
cuda;48000;100;CrossEntropyLoss();689;784;Tanh();0.01;0.9;30;29;TRAIN;100.0;0.004235;2.665506
cuda;12000;100;CrossEntropyLoss();689;784;Tanh();0.01;0.9;30;29;VAL;97.8;0.074538;0.638319
cuda;48000;100;CrossEntropyLoss();689;784;Tanh();0.01;0.9;30;30;TRAIN;100.0;0.003985;2.375926
cuda;12000;100;CrossEntropyLoss();689;784;Tanh();0.01;0.9;30;30;VAL;97.7;0.073925;0.604311
cuda;48000;100;CrossEntropyLoss();689;784;Tanh();0.1;0.1;30;1;TRAIN;90.2;0.337672;2.650020
cuda;12000;100;CrossEntropyLoss();689;784;Tanh();0.1;0.1;30;1;VAL;92.9;0.249212;0.742117
cuda;48000;100;CrossEntropyLoss();689;784;Tanh();0.1;0.1;30;2;TRAIN;94.5;0.194657;2.329604
cuda;12000;100;CrossEntropyLoss();689;784;Tanh();0.1;0.1;30;2;VAL;94.6;0.187150;0.589132
cuda;48000;100;CrossEntropyLoss();689;784;Tanh();0.1;0.1;30;3;TRAIN;96.1;0.136366;2.374537
cuda;12000;100;CrossEntropyLoss();689;784;Tanh();0.1;0.1;30;3;VAL;95.9;0.144364;0.718903
cuda;48000;100;CrossEntropyLoss();689;784;Tanh();0.1;0.1;30;4;TRAIN;97.1;0.102318;2.489589
cuda;12000;100;CrossEntropyLoss();689;784;Tanh();0.1;0.1;30;4;VAL;96.3;0.122786;0.597023
cuda;48000;100;CrossEntropyLoss();689;784;Tanh();0.1;0.1;30;5;TRAIN;97.7;0.080245;2.379674
cuda;12000;100;CrossEntropyLoss();689;784;Tanh();0.1;0.1;30;5;VAL;96.7;0.107264;0.596923
cuda;48000;100;CrossEntropyLoss();689;784;Tanh();0.1;0.1;30;6;TRAIN;98.3;0.063876;2.686732
cuda;12000;100;CrossEntropyLoss();689;784;Tanh();0.1;0.1;30;6;VAL;97.0;0.102158;0.592535
cuda;48000;100;CrossEntropyLoss();689;784;Tanh();0.1;0.1;30;7;TRAIN;98.6;0.052235;2.384563
cuda;12000;100;CrossEntropyLoss();689;784;Tanh();0.1;0.1;30;7;VAL;97.2;0.093848;0.600836
cuda;48000;100;CrossEntropyLoss();689;784;Tanh();0.1;0.1;30;8;TRAIN;98.9;0.042921;2.656208
cuda;12000;100;CrossEntropyLoss();689;784;Tanh();0.1;0.1;30;8;VAL;97.4;0.086992;0.621642
cuda;48000;100;CrossEntropyLoss();689;784;Tanh();0.1;0.1;30;9;TRAIN;99.1;0.035769;2.337428
cuda;12000;100;CrossEntropyLoss();689;784;Tanh();0.1;0.1;30;9;VAL;97.4;0.083950;0.609703
cuda;48000;100;CrossEntropyLoss();689;784;Tanh();0.1;0.1;30;10;TRAIN;99.4;0.029655;2.544139
cuda;12000;100;CrossEntropyLoss();689;784;Tanh();0.1;0.1;30;10;VAL;97.4;0.084571;0.662564
cuda;48000;100;CrossEntropyLoss();689;784;Tanh();0.1;0.1;30;11;TRAIN;99.5;0.025041;2.461360
cuda;12000;100;CrossEntropyLoss();689;784;Tanh();0.1;0.1;30;11;VAL;97.5;0.081074;0.600559
cuda;48000;100;CrossEntropyLoss();689;784;Tanh();0.1;0.1;30;12;TRAIN;99.7;0.020805;2.346211
cuda;12000;100;CrossEntropyLoss();689;784;Tanh();0.1;0.1;30;12;VAL;97.6;0.078322;0.684474
cuda;48000;100;CrossEntropyLoss();689;784;Tanh();0.1;0.1;30;13;TRAIN;99.7;0.017994;2.681657
cuda;12000;100;CrossEntropyLoss();689;784;Tanh();0.1;0.1;30;13;VAL;97.6;0.077132;0.628623
cuda;48000;100;CrossEntropyLoss();689;784;Tanh();0.1;0.1;30;14;TRAIN;99.8;0.015386;2.387545
cuda;12000;100;CrossEntropyLoss();689;784;Tanh();0.1;0.1;30;14;VAL;97.7;0.075831;0.593021
cuda;48000;100;CrossEntropyLoss();689;784;Tanh();0.1;0.1;30;15;TRAIN;99.9;0.013495;2.663214
cuda;12000;100;CrossEntropyLoss();689;784;Tanh();0.1;0.1;30;15;VAL;97.7;0.075924;0.596976
cuda;48000;100;CrossEntropyLoss();689;784;Tanh();0.1;0.1;30;16;TRAIN;99.9;0.011644;2.363594
cuda;12000;100;CrossEntropyLoss();689;784;Tanh();0.1;0.1;30;16;VAL;97.8;0.074784;0.583187
cuda;48000;100;CrossEntropyLoss();689;784;Tanh();0.1;0.1;30;17;TRAIN;99.9;0.010185;4.243576
cuda;12000;100;CrossEntropyLoss();689;784;Tanh();0.1;0.1;30;17;VAL;97.7;0.074140;1.214551
cuda;48000;100;CrossEntropyLoss();689;784;Tanh();0.1;0.1;30;18;TRAIN;99.9;0.009053;3.708137
cuda;12000;100;CrossEntropyLoss();689;784;Tanh();0.1;0.1;30;18;VAL;97.8;0.074857;0.776290
cuda;48000;100;CrossEntropyLoss();689;784;Tanh();0.1;0.1;30;19;TRAIN;99.9;0.008123;4.052241
cuda;12000;100;CrossEntropyLoss();689;784;Tanh();0.1;0.1;30;19;VAL;97.8;0.073417;1.566958
cuda;48000;100;CrossEntropyLoss();689;784;Tanh();0.1;0.1;30;20;TRAIN;100.0;0.007291;4.436399
cuda;12000;100;CrossEntropyLoss();689;784;Tanh();0.1;0.1;30;20;VAL;97.7;0.073613;0.967480
cuda;48000;100;CrossEntropyLoss();689;784;Tanh();0.1;0.1;30;21;TRAIN;100.0;0.006572;3.318105
cuda;12000;100;CrossEntropyLoss();689;784;Tanh();0.1;0.1;30;21;VAL;97.8;0.072690;0.714138
cuda;48000;100;CrossEntropyLoss();689;784;Tanh();0.1;0.1;30;22;TRAIN;100.0;0.005993;2.898346
cuda;12000;100;CrossEntropyLoss();689;784;Tanh();0.1;0.1;30;22;VAL;97.7;0.072882;0.706018
cuda;48000;100;CrossEntropyLoss();689;784;Tanh();0.1;0.1;30;23;TRAIN;100.0;0.005470;2.998340
cuda;12000;100;CrossEntropyLoss();689;784;Tanh();0.1;0.1;30;23;VAL;97.7;0.073898;0.692383
cuda;48000;100;CrossEntropyLoss();689;784;Tanh();0.1;0.1;30;24;TRAIN;100.0;0.005055;2.593768
cuda;12000;100;CrossEntropyLoss();689;784;Tanh();0.1;0.1;30;24;VAL;97.8;0.073791;0.605573
cuda;48000;100;CrossEntropyLoss();689;784;Tanh();0.1;0.1;30;25;TRAIN;100.0;0.004677;2.471243
cuda;12000;100;CrossEntropyLoss();689;784;Tanh();0.1;0.1;30;25;VAL;97.8;0.073624;0.750794
cuda;48000;100;CrossEntropyLoss();689;784;Tanh();0.1;0.1;30;26;TRAIN;100.0;0.004324;2.926423
cuda;12000;100;CrossEntropyLoss();689;784;Tanh();0.1;0.1;30;26;VAL;97.8;0.072342;0.748707
cuda;48000;100;CrossEntropyLoss();689;784;Tanh();0.1;0.1;30;27;TRAIN;100.0;0.003971;3.534335
cuda;12000;100;CrossEntropyLoss();689;784;Tanh();0.1;0.1;30;27;VAL;97.8;0.073951;1.042560
cuda;48000;100;CrossEntropyLoss();689;784;Tanh();0.1;0.1;30;28;TRAIN;100.0;0.003788;3.877703
cuda;12000;100;CrossEntropyLoss();689;784;Tanh();0.1;0.1;30;28;VAL;97.8;0.073874;0.765740
cuda;48000;100;CrossEntropyLoss();689;784;Tanh();0.1;0.1;30;29;TRAIN;100.0;0.003549;2.719573
cuda;12000;100;CrossEntropyLoss();689;784;Tanh();0.1;0.1;30;29;VAL;97.8;0.074281;0.631883
cuda;48000;100;CrossEntropyLoss();689;784;Tanh();0.1;0.1;30;30;TRAIN;100.0;0.003319;3.202749
cuda;12000;100;CrossEntropyLoss();689;784;Tanh();0.1;0.1;30;30;VAL;97.8;0.075240;0.826941
cuda;48000;100;CrossEntropyLoss();689;784;Tanh();0.1;0.5;30;1;TRAIN;91.1;0.302534;2.770507
cuda;12000;100;CrossEntropyLoss();689;784;Tanh();0.1;0.5;30;1;VAL;94.2;0.203764;0.612309
cuda;48000;100;CrossEntropyLoss();689;784;Tanh();0.1;0.5;30;2;TRAIN;95.7;0.148841;2.617409
cuda;12000;100;CrossEntropyLoss();689;784;Tanh();0.1;0.5;30;2;VAL;95.8;0.142414;0.650729
cuda;48000;100;CrossEntropyLoss();689;784;Tanh();0.1;0.5;30;3;TRAIN;97.2;0.096217;2.651101
cuda;12000;100;CrossEntropyLoss();689;784;Tanh();0.1;0.5;30;3;VAL;96.7;0.112544;0.675183
cuda;48000;100;CrossEntropyLoss();689;784;Tanh();0.1;0.5;30;4;TRAIN;98.1;0.067034;3.951344
cuda;12000;100;CrossEntropyLoss();689;784;Tanh();0.1;0.5;30;4;VAL;97.0;0.100202;0.843179
cuda;48000;100;CrossEntropyLoss();689;784;Tanh();0.1;0.5;30;5;TRAIN;98.7;0.048804;3.706333
cuda;12000;100;CrossEntropyLoss();689;784;Tanh();0.1;0.5;30;5;VAL;97.2;0.091581;0.713119
cuda;48000;100;CrossEntropyLoss();689;784;Tanh();0.1;0.5;30;6;TRAIN;99.0;0.036491;3.064426
cuda;12000;100;CrossEntropyLoss();689;784;Tanh();0.1;0.5;30;6;VAL;97.4;0.085051;0.789993
cuda;48000;100;CrossEntropyLoss();689;784;Tanh();0.1;0.5;30;7;TRAIN;99.3;0.026641;2.970754
cuda;12000;100;CrossEntropyLoss();689;784;Tanh();0.1;0.5;30;7;VAL;97.7;0.075352;0.655008
cuda;48000;100;CrossEntropyLoss();689;784;Tanh();0.1;0.5;30;8;TRAIN;99.6;0.019754;2.603011
cuda;12000;100;CrossEntropyLoss();689;784;Tanh();0.1;0.5;30;8;VAL;97.6;0.080552;0.701047
cuda;48000;100;CrossEntropyLoss();689;784;Tanh();0.1;0.5;30;9;TRAIN;99.8;0.014764;3.637759
cuda;12000;100;CrossEntropyLoss();689;784;Tanh();0.1;0.5;30;9;VAL;97.8;0.074615;0.681373
cuda;48000;100;CrossEntropyLoss();689;784;Tanh();0.1;0.5;30;10;TRAIN;99.9;0.011197;3.584400
cuda;12000;100;CrossEntropyLoss();689;784;Tanh();0.1;0.5;30;10;VAL;97.8;0.072526;0.671750
cuda;48000;100;CrossEntropyLoss();689;784;Tanh();0.1;0.5;30;11;TRAIN;99.9;0.008833;3.095221
cuda;12000;100;CrossEntropyLoss();689;784;Tanh();0.1;0.5;30;11;VAL;97.9;0.071927;0.685945
cuda;48000;100;CrossEntropyLoss();689;784;Tanh();0.1;0.5;30;12;TRAIN;100.0;0.006950;3.295839
cuda;12000;100;CrossEntropyLoss();689;784;Tanh();0.1;0.5;30;12;VAL;97.9;0.072730;0.731162
cuda;48000;100;CrossEntropyLoss();689;784;Tanh();0.1;0.5;30;13;TRAIN;100.0;0.005871;3.484608
cuda;12000;100;CrossEntropyLoss();689;784;Tanh();0.1;0.5;30;13;VAL;97.9;0.070776;0.756326
cuda;48000;100;CrossEntropyLoss();689;784;Tanh();0.1;0.5;30;14;TRAIN;100.0;0.004991;2.665176
cuda;12000;100;CrossEntropyLoss();689;784;Tanh();0.1;0.5;30;14;VAL;97.9;0.071554;0.633125
cuda;48000;100;CrossEntropyLoss();689;784;Tanh();0.1;0.5;30;15;TRAIN;100.0;0.004318;3.062361
cuda;12000;100;CrossEntropyLoss();689;784;Tanh();0.1;0.5;30;15;VAL;98.0;0.072001;0.774802
cuda;48000;100;CrossEntropyLoss();689;784;Tanh();0.1;0.5;30;16;TRAIN;100.0;0.003730;3.332902
cuda;12000;100;CrossEntropyLoss();689;784;Tanh();0.1;0.5;30;16;VAL;97.9;0.071134;0.754756
cuda;48000;100;CrossEntropyLoss();689;784;Tanh();0.1;0.5;30;17;TRAIN;100.0;0.003295;3.420218
cuda;12000;100;CrossEntropyLoss();689;784;Tanh();0.1;0.5;30;17;VAL;98.0;0.071302;1.020554
cuda;48000;100;CrossEntropyLoss();689;784;Tanh();0.1;0.5;30;18;TRAIN;100.0;0.003020;2.906710
cuda;12000;100;CrossEntropyLoss();689;784;Tanh();0.1;0.5;30;18;VAL;98.0;0.071257;0.620990
cuda;48000;100;CrossEntropyLoss();689;784;Tanh();0.1;0.5;30;19;TRAIN;100.0;0.002683;3.313204
cuda;12000;100;CrossEntropyLoss();689;784;Tanh();0.1;0.5;30;19;VAL;98.0;0.071606;0.828571
cuda;48000;100;CrossEntropyLoss();689;784;Tanh();0.1;0.5;30;20;TRAIN;100.0;0.002495;3.417240
cuda;12000;100;CrossEntropyLoss();689;784;Tanh();0.1;0.5;30;20;VAL;98.0;0.072235;0.656764
cuda;48000;100;CrossEntropyLoss();689;784;Tanh();0.1;0.5;30;21;TRAIN;100.0;0.002264;2.482529
cuda;12000;100;CrossEntropyLoss();689;784;Tanh();0.1;0.5;30;21;VAL;98.0;0.072958;0.627947
cuda;48000;100;CrossEntropyLoss();689;784;Tanh();0.1;0.5;30;22;TRAIN;100.0;0.002098;3.260124
cuda;12000;100;CrossEntropyLoss();689;784;Tanh();0.1;0.5;30;22;VAL;98.0;0.072490;0.822690
cuda;48000;100;CrossEntropyLoss();689;784;Tanh();0.1;0.5;30;23;TRAIN;100.0;0.001950;5.129697
cuda;12000;100;CrossEntropyLoss();689;784;Tanh();0.1;0.5;30;23;VAL;98.0;0.073482;0.887800
cuda;48000;100;CrossEntropyLoss();689;784;Tanh();0.1;0.5;30;24;TRAIN;100.0;0.001836;3.436660
cuda;12000;100;CrossEntropyLoss();689;784;Tanh();0.1;0.5;30;24;VAL;98.0;0.073623;0.595546
cuda;48000;100;CrossEntropyLoss();689;784;Tanh();0.1;0.5;30;25;TRAIN;100.0;0.001723;2.630166
cuda;12000;100;CrossEntropyLoss();689;784;Tanh();0.1;0.5;30;25;VAL;98.0;0.073208;0.798478
cuda;48000;100;CrossEntropyLoss();689;784;Tanh();0.1;0.5;30;26;TRAIN;100.0;0.001627;2.922203
cuda;12000;100;CrossEntropyLoss();689;784;Tanh();0.1;0.5;30;26;VAL;98.0;0.073744;0.667119
cuda;48000;100;CrossEntropyLoss();689;784;Tanh();0.1;0.5;30;27;TRAIN;100.0;0.001538;2.540317
cuda;12000;100;CrossEntropyLoss();689;784;Tanh();0.1;0.5;30;27;VAL;98.0;0.073912;0.643811
cuda;48000;100;CrossEntropyLoss();689;784;Tanh();0.1;0.5;30;28;TRAIN;100.0;0.001459;2.681858
cuda;12000;100;CrossEntropyLoss();689;784;Tanh();0.1;0.5;30;28;VAL;98.0;0.073798;0.617716
cuda;48000;100;CrossEntropyLoss();689;784;Tanh();0.1;0.5;30;29;TRAIN;100.0;0.001380;2.568609
cuda;12000;100;CrossEntropyLoss();689;784;Tanh();0.1;0.5;30;29;VAL;98.0;0.074322;0.678259
cuda;48000;100;CrossEntropyLoss();689;784;Tanh();0.1;0.5;30;30;TRAIN;100.0;0.001322;2.548136
cuda;12000;100;CrossEntropyLoss();689;784;Tanh();0.1;0.5;30;30;VAL;97.9;0.074455;0.684634
cuda;48000;100;CrossEntropyLoss();689;784;Tanh();0.1;0.9;30;1;TRAIN;89.8;0.422902;2.616165
cuda;12000;100;CrossEntropyLoss();689;784;Tanh();0.1;0.9;30;1;VAL;92.6;0.368386;0.614262
cuda;48000;100;CrossEntropyLoss();689;784;Tanh();0.1;0.9;30;2;TRAIN;95.0;0.216227;2.414091
cuda;12000;100;CrossEntropyLoss();689;784;Tanh();0.1;0.9;30;2;VAL;94.3;0.285062;0.571995
cuda;48000;100;CrossEntropyLoss();689;784;Tanh();0.1;0.9;30;3;TRAIN;96.3;0.161778;2.894031
cuda;12000;100;CrossEntropyLoss();689;784;Tanh();0.1;0.9;30;3;VAL;93.6;0.285787;0.826543
cuda;48000;100;CrossEntropyLoss();689;784;Tanh();0.1;0.9;30;4;TRAIN;96.5;0.153541;2.999231
cuda;12000;100;CrossEntropyLoss();689;784;Tanh();0.1;0.9;30;4;VAL;95.6;0.211506;1.003971
cuda;48000;100;CrossEntropyLoss();689;784;Tanh();0.1;0.9;30;5;TRAIN;97.0;0.130892;3.003198
cuda;12000;100;CrossEntropyLoss();689;784;Tanh();0.1;0.9;30;5;VAL;95.0;0.297844;0.854889
cuda;48000;100;CrossEntropyLoss();689;784;Tanh();0.1;0.9;30;6;TRAIN;97.2;0.117433;2.595679
cuda;12000;100;CrossEntropyLoss();689;784;Tanh();0.1;0.9;30;6;VAL;96.2;0.211251;0.578387
cuda;48000;100;CrossEntropyLoss();689;784;Tanh();0.1;0.9;30;7;TRAIN;97.5;0.108707;2.963234
cuda;12000;100;CrossEntropyLoss();689;784;Tanh();0.1;0.9;30;7;VAL;95.3;0.281237;0.692586
cuda;48000;100;CrossEntropyLoss();689;784;Tanh();0.1;0.9;30;8;TRAIN;97.4;0.124614;2.653111
cuda;12000;100;CrossEntropyLoss();689;784;Tanh();0.1;0.9;30;8;VAL;95.1;0.329174;0.683186
cuda;48000;100;CrossEntropyLoss();689;784;Tanh();0.1;0.9;30;9;TRAIN;97.6;0.106592;2.471470
cuda;12000;100;CrossEntropyLoss();689;784;Tanh();0.1;0.9;30;9;VAL;96.7;0.202076;0.756151
cuda;48000;100;CrossEntropyLoss();689;784;Tanh();0.1;0.9;30;10;TRAIN;97.7;0.100735;2.697058
cuda;12000;100;CrossEntropyLoss();689;784;Tanh();0.1;0.9;30;10;VAL;95.1;0.317539;0.624633
cuda;48000;100;CrossEntropyLoss();689;784;Tanh();0.1;0.9;30;11;TRAIN;97.8;0.101458;2.453911
cuda;12000;100;CrossEntropyLoss();689;784;Tanh();0.1;0.9;30;11;VAL;96.8;0.215434;0.597848
cuda;48000;100;CrossEntropyLoss();689;784;Tanh();0.1;0.9;30;12;TRAIN;98.0;0.087973;2.665735
cuda;12000;100;CrossEntropyLoss();689;784;Tanh();0.1;0.9;30;12;VAL;96.2;0.264638;0.731849
cuda;48000;100;CrossEntropyLoss();689;784;Tanh();0.1;0.9;30;13;TRAIN;98.3;0.076500;3.464665
cuda;12000;100;CrossEntropyLoss();689;784;Tanh();0.1;0.9;30;13;VAL;96.4;0.267902;0.592284
cuda;48000;100;CrossEntropyLoss();689;784;Tanh();0.1;0.9;30;14;TRAIN;98.3;0.074905;3.477415
cuda;12000;100;CrossEntropyLoss();689;784;Tanh();0.1;0.9;30;14;VAL;96.6;0.238857;0.692871
cuda;48000;100;CrossEntropyLoss();689;784;Tanh();0.1;0.9;30;15;TRAIN;98.3;0.073787;2.602520
cuda;12000;100;CrossEntropyLoss();689;784;Tanh();0.1;0.9;30;15;VAL;96.5;0.254792;0.636407
cuda;48000;100;CrossEntropyLoss();689;784;Tanh();0.1;0.9;30;16;TRAIN;98.3;0.075385;2.880280
cuda;12000;100;CrossEntropyLoss();689;784;Tanh();0.1;0.9;30;16;VAL;97.0;0.217686;0.702246
cuda;48000;100;CrossEntropyLoss();689;784;Tanh();0.1;0.9;30;17;TRAIN;98.6;0.060553;3.317241
cuda;12000;100;CrossEntropyLoss();689;784;Tanh();0.1;0.9;30;17;VAL;96.7;0.237995;0.701643
cuda;48000;100;CrossEntropyLoss();689;784;Tanh();0.1;0.9;30;18;TRAIN;98.7;0.054173;2.694236
cuda;12000;100;CrossEntropyLoss();689;784;Tanh();0.1;0.9;30;18;VAL;96.9;0.227967;0.596979
cuda;48000;100;CrossEntropyLoss();689;784;Tanh();0.1;0.9;30;19;TRAIN;98.9;0.042773;2.465088
cuda;12000;100;CrossEntropyLoss();689;784;Tanh();0.1;0.9;30;19;VAL;96.9;0.245552;0.625972
cuda;48000;100;CrossEntropyLoss();689;784;Tanh();0.1;0.9;30;20;TRAIN;99.0;0.040214;2.656967
cuda;12000;100;CrossEntropyLoss();689;784;Tanh();0.1;0.9;30;20;VAL;96.0;0.284615;0.685213
cuda;48000;100;CrossEntropyLoss();689;784;Tanh();0.1;0.9;30;21;TRAIN;99.1;0.035016;2.621689
cuda;12000;100;CrossEntropyLoss();689;784;Tanh();0.1;0.9;30;21;VAL;96.6;0.250308;0.647549
cuda;48000;100;CrossEntropyLoss();689;784;Tanh();0.1;0.9;30;22;TRAIN;99.3;0.027135;2.818236
cuda;12000;100;CrossEntropyLoss();689;784;Tanh();0.1;0.9;30;22;VAL;96.8;0.257838;0.709921
cuda;48000;100;CrossEntropyLoss();689;784;Tanh();0.1;0.9;30;23;TRAIN;99.2;0.032362;2.535245
cuda;12000;100;CrossEntropyLoss();689;784;Tanh();0.1;0.9;30;23;VAL;96.4;0.291067;0.805014
cuda;48000;100;CrossEntropyLoss();689;784;Tanh();0.1;0.9;30;24;TRAIN;99.1;0.036518;3.978734
cuda;12000;100;CrossEntropyLoss();689;784;Tanh();0.1;0.9;30;24;VAL;97.2;0.222464;1.122815
cuda;48000;100;CrossEntropyLoss();689;784;Tanh();0.1;0.9;30;25;TRAIN;99.2;0.028293;3.006115
cuda;12000;100;CrossEntropyLoss();689;784;Tanh();0.1;0.9;30;25;VAL;97.2;0.221432;0.652518
cuda;48000;100;CrossEntropyLoss();689;784;Tanh();0.1;0.9;30;26;TRAIN;99.4;0.022361;2.829879
cuda;12000;100;CrossEntropyLoss();689;784;Tanh();0.1;0.9;30;26;VAL;97.0;0.255553;0.689848
cuda;48000;100;CrossEntropyLoss();689;784;Tanh();0.1;0.9;30;27;TRAIN;99.3;0.024188;2.604386
cuda;12000;100;CrossEntropyLoss();689;784;Tanh();0.1;0.9;30;27;VAL;97.4;0.211077;0.670427
cuda;48000;100;CrossEntropyLoss();689;784;Tanh();0.1;0.9;30;28;TRAIN;99.5;0.020678;3.215371
cuda;12000;100;CrossEntropyLoss();689;784;Tanh();0.1;0.9;30;28;VAL;97.1;0.231378;0.730457
cuda;48000;100;CrossEntropyLoss();689;784;Tanh();0.1;0.9;30;29;TRAIN;99.6;0.015218;2.385261
cuda;12000;100;CrossEntropyLoss();689;784;Tanh();0.1;0.9;30;29;VAL;97.4;0.202650;0.676449
cuda;48000;100;CrossEntropyLoss();689;784;Tanh();0.1;0.9;30;30;TRAIN;99.5;0.014890;2.405727
cuda;12000;100;CrossEntropyLoss();689;784;Tanh();0.1;0.9;30;30;VAL;97.1;0.240060;0.727636
cuda;48000;100;CrossEntropyLoss();689;1568;Tanh();0.001;0.1;30;1;TRAIN;70.8;1.360502;2.511094
cuda;12000;100;CrossEntropyLoss();689;1568;Tanh();0.001;0.1;30;1;VAL;82.5;0.891035;0.623513
cuda;48000;100;CrossEntropyLoss();689;1568;Tanh();0.001;0.1;30;2;TRAIN;84.2;0.744865;2.578208
cuda;12000;100;CrossEntropyLoss();689;1568;Tanh();0.001;0.1;30;2;VAL;85.7;0.643710;0.699126
cuda;48000;100;CrossEntropyLoss();689;1568;Tanh();0.001;0.1;30;3;TRAIN;86.1;0.588432;2.858481
cuda;12000;100;CrossEntropyLoss();689;1568;Tanh();0.001;0.1;30;3;VAL;86.9;0.545062;0.598348
cuda;48000;100;CrossEntropyLoss();689;1568;Tanh();0.001;0.1;30;4;TRAIN;87.2;0.514506;2.443557
cuda;12000;100;CrossEntropyLoss();689;1568;Tanh();0.001;0.1;30;4;VAL;87.7;0.490808;0.613913
cuda;48000;100;CrossEntropyLoss();689;1568;Tanh();0.001;0.1;30;5;TRAIN;87.9;0.470242;3.074459
cuda;12000;100;CrossEntropyLoss();689;1568;Tanh();0.001;0.1;30;5;VAL;88.2;0.455952;0.628365
cuda;48000;100;CrossEntropyLoss();689;1568;Tanh();0.001;0.1;30;6;TRAIN;88.4;0.440288;2.596971
cuda;12000;100;CrossEntropyLoss();689;1568;Tanh();0.001;0.1;30;6;VAL;88.4;0.431265;0.736887
cuda;48000;100;CrossEntropyLoss();689;1568;Tanh();0.001;0.1;30;7;TRAIN;88.8;0.418392;3.002900
cuda;12000;100;CrossEntropyLoss();689;1568;Tanh();0.001;0.1;30;7;VAL;88.8;0.412921;0.627372
cuda;48000;100;CrossEntropyLoss();689;1568;Tanh();0.001;0.1;30;8;TRAIN;89.1;0.401519;2.453639
cuda;12000;100;CrossEntropyLoss();689;1568;Tanh();0.001;0.1;30;8;VAL;89.1;0.398698;0.617147
cuda;48000;100;CrossEntropyLoss();689;1568;Tanh();0.001;0.1;30;9;TRAIN;89.3;0.387997;2.808152
cuda;12000;100;CrossEntropyLoss();689;1568;Tanh();0.001;0.1;30;9;VAL;89.3;0.386998;0.649079
cuda;48000;100;CrossEntropyLoss();689;1568;Tanh();0.001;0.1;30;10;TRAIN;89.6;0.376811;2.415192
cuda;12000;100;CrossEntropyLoss();689;1568;Tanh();0.001;0.1;30;10;VAL;89.5;0.377200;0.617762
cuda;48000;100;CrossEntropyLoss();689;1568;Tanh();0.001;0.1;30;11;TRAIN;89.8;0.367382;2.608431
cuda;12000;100;CrossEntropyLoss();689;1568;Tanh();0.001;0.1;30;11;VAL;89.7;0.369078;0.719373
cuda;48000;100;CrossEntropyLoss();689;1568;Tanh();0.001;0.1;30;12;TRAIN;90.0;0.359350;2.857669
cuda;12000;100;CrossEntropyLoss();689;1568;Tanh();0.001;0.1;30;12;VAL;89.9;0.361762;0.643013
cuda;48000;100;CrossEntropyLoss();689;1568;Tanh();0.001;0.1;30;13;TRAIN;90.2;0.352253;3.254834
cuda;12000;100;CrossEntropyLoss();689;1568;Tanh();0.001;0.1;30;13;VAL;90.0;0.355468;0.842852
cuda;48000;100;CrossEntropyLoss();689;1568;Tanh();0.001;0.1;30;14;TRAIN;90.3;0.346001;3.347195
cuda;12000;100;CrossEntropyLoss();689;1568;Tanh();0.001;0.1;30;14;VAL;90.2;0.350243;0.691638
cuda;48000;100;CrossEntropyLoss();689;1568;Tanh();0.001;0.1;30;15;TRAIN;90.4;0.340420;2.865593
cuda;12000;100;CrossEntropyLoss();689;1568;Tanh();0.001;0.1;30;15;VAL;90.2;0.345205;0.694397
cuda;48000;100;CrossEntropyLoss();689;1568;Tanh();0.001;0.1;30;16;TRAIN;90.5;0.335385;2.881119
cuda;12000;100;CrossEntropyLoss();689;1568;Tanh();0.001;0.1;30;16;VAL;90.3;0.340796;0.630293
cuda;48000;100;CrossEntropyLoss();689;1568;Tanh();0.001;0.1;30;17;TRAIN;90.6;0.330780;2.609136
cuda;12000;100;CrossEntropyLoss();689;1568;Tanh();0.001;0.1;30;17;VAL;90.4;0.336656;0.725679
cuda;48000;100;CrossEntropyLoss();689;1568;Tanh();0.001;0.1;30;18;TRAIN;90.7;0.326594;2.570400
cuda;12000;100;CrossEntropyLoss();689;1568;Tanh();0.001;0.1;30;18;VAL;90.5;0.333029;0.652845
cuda;48000;100;CrossEntropyLoss();689;1568;Tanh();0.001;0.1;30;19;TRAIN;90.8;0.322708;2.966654
cuda;12000;100;CrossEntropyLoss();689;1568;Tanh();0.001;0.1;30;19;VAL;90.6;0.329669;0.934668
cuda;48000;100;CrossEntropyLoss();689;1568;Tanh();0.001;0.1;30;20;TRAIN;90.9;0.319084;2.984616
cuda;12000;100;CrossEntropyLoss();689;1568;Tanh();0.001;0.1;30;20;VAL;90.6;0.326635;0.582644
cuda;48000;100;CrossEntropyLoss();689;1568;Tanh();0.001;0.1;30;21;TRAIN;91.0;0.315749;2.427136
cuda;12000;100;CrossEntropyLoss();689;1568;Tanh();0.001;0.1;30;21;VAL;90.7;0.323700;0.674620
cuda;48000;100;CrossEntropyLoss();689;1568;Tanh();0.001;0.1;30;22;TRAIN;91.1;0.312644;2.588472
cuda;12000;100;CrossEntropyLoss();689;1568;Tanh();0.001;0.1;30;22;VAL;90.8;0.320906;0.587332
cuda;48000;100;CrossEntropyLoss();689;1568;Tanh();0.001;0.1;30;23;TRAIN;91.2;0.309694;2.660408
cuda;12000;100;CrossEntropyLoss();689;1568;Tanh();0.001;0.1;30;23;VAL;90.9;0.318373;0.578160
cuda;48000;100;CrossEntropyLoss();689;1568;Tanh();0.001;0.1;30;24;TRAIN;91.2;0.306921;3.189373
cuda;12000;100;CrossEntropyLoss();689;1568;Tanh();0.001;0.1;30;24;VAL;90.9;0.315890;0.624347
cuda;48000;100;CrossEntropyLoss();689;1568;Tanh();0.001;0.1;30;25;TRAIN;91.3;0.304274;2.612143
cuda;12000;100;CrossEntropyLoss();689;1568;Tanh();0.001;0.1;30;25;VAL;91.0;0.313718;0.698352
cuda;48000;100;CrossEntropyLoss();689;1568;Tanh();0.001;0.1;30;26;TRAIN;91.4;0.301756;3.631873
cuda;12000;100;CrossEntropyLoss();689;1568;Tanh();0.001;0.1;30;26;VAL;91.0;0.311398;0.639151
cuda;48000;100;CrossEntropyLoss();689;1568;Tanh();0.001;0.1;30;27;TRAIN;91.4;0.299398;2.389997
cuda;12000;100;CrossEntropyLoss();689;1568;Tanh();0.001;0.1;30;27;VAL;91.1;0.309619;0.630911
cuda;48000;100;CrossEntropyLoss();689;1568;Tanh();0.001;0.1;30;28;TRAIN;91.5;0.297130;3.865082
cuda;12000;100;CrossEntropyLoss();689;1568;Tanh();0.001;0.1;30;28;VAL;91.2;0.307487;0.603335
cuda;48000;100;CrossEntropyLoss();689;1568;Tanh();0.001;0.1;30;29;TRAIN;91.5;0.294936;2.364968
cuda;12000;100;CrossEntropyLoss();689;1568;Tanh();0.001;0.1;30;29;VAL;91.2;0.305619;0.606230
cuda;48000;100;CrossEntropyLoss();689;1568;Tanh();0.001;0.1;30;30;TRAIN;91.6;0.292874;2.761248
cuda;12000;100;CrossEntropyLoss();689;1568;Tanh();0.001;0.1;30;30;VAL;91.3;0.303943;0.674008
cuda;48000;100;CrossEntropyLoss();689;1568;Tanh();0.001;0.5;30;1;TRAIN;76.5;1.088100;2.639508
cuda;12000;100;CrossEntropyLoss();689;1568;Tanh();0.001;0.5;30;1;VAL;85.0;0.674250;0.684096
cuda;48000;100;CrossEntropyLoss();689;1568;Tanh();0.001;0.5;30;2;TRAIN;86.3;0.573399;2.918622
cuda;12000;100;CrossEntropyLoss();689;1568;Tanh();0.001;0.5;30;2;VAL;87.3;0.509935;0.837839
cuda;48000;100;CrossEntropyLoss();689;1568;Tanh();0.001;0.5;30;3;TRAIN;87.8;0.469918;2.877977
cuda;12000;100;CrossEntropyLoss();689;1568;Tanh();0.001;0.5;30;3;VAL;88.3;0.445642;0.694654
cuda;48000;100;CrossEntropyLoss();689;1568;Tanh();0.001;0.5;30;4;TRAIN;88.7;0.421446;2.550963
cuda;12000;100;CrossEntropyLoss();689;1568;Tanh();0.001;0.5;30;4;VAL;88.9;0.410467;0.713712
cuda;48000;100;CrossEntropyLoss();689;1568;Tanh();0.001;0.5;30;5;TRAIN;89.2;0.392047;2.573339
cuda;12000;100;CrossEntropyLoss();689;1568;Tanh();0.001;0.5;30;5;VAL;89.4;0.387537;0.683444
cuda;48000;100;CrossEntropyLoss();689;1568;Tanh();0.001;0.5;30;6;TRAIN;89.6;0.371914;2.556522
cuda;12000;100;CrossEntropyLoss();689;1568;Tanh();0.001;0.5;30;6;VAL;89.8;0.371339;0.719866
cuda;48000;100;CrossEntropyLoss();689;1568;Tanh();0.001;0.5;30;7;TRAIN;89.9;0.356932;4.180888
cuda;12000;100;CrossEntropyLoss();689;1568;Tanh();0.001;0.5;30;7;VAL;90.0;0.359082;0.931636
cuda;48000;100;CrossEntropyLoss();689;1568;Tanh();0.001;0.5;30;8;TRAIN;90.2;0.345078;5.122298
cuda;12000;100;CrossEntropyLoss();689;1568;Tanh();0.001;0.5;30;8;VAL;90.2;0.349455;1.535867
cuda;48000;100;CrossEntropyLoss();689;1568;Tanh();0.001;0.5;30;9;TRAIN;90.5;0.335489;4.833460
cuda;12000;100;CrossEntropyLoss();689;1568;Tanh();0.001;0.5;30;9;VAL;90.3;0.341085;1.074176
cuda;48000;100;CrossEntropyLoss();689;1568;Tanh();0.001;0.5;30;10;TRAIN;90.7;0.327364;4.254712
cuda;12000;100;CrossEntropyLoss();689;1568;Tanh();0.001;0.5;30;10;VAL;90.5;0.334436;0.783872
cuda;48000;100;CrossEntropyLoss();689;1568;Tanh();0.001;0.5;30;11;TRAIN;90.9;0.320420;2.911795
cuda;12000;100;CrossEntropyLoss();689;1568;Tanh();0.001;0.5;30;11;VAL;90.6;0.328179;0.971093
cuda;48000;100;CrossEntropyLoss();689;1568;Tanh();0.001;0.5;30;12;TRAIN;91.0;0.314341;4.009323
cuda;12000;100;CrossEntropyLoss();689;1568;Tanh();0.001;0.5;30;12;VAL;90.7;0.323363;0.819808
cuda;48000;100;CrossEntropyLoss();689;1568;Tanh();0.001;0.5;30;13;TRAIN;91.1;0.308925;3.254490
cuda;12000;100;CrossEntropyLoss();689;1568;Tanh();0.001;0.5;30;13;VAL;90.8;0.318451;0.619528
cuda;48000;100;CrossEntropyLoss();689;1568;Tanh();0.001;0.5;30;14;TRAIN;91.2;0.304090;2.955570
cuda;12000;100;CrossEntropyLoss();689;1568;Tanh();0.001;0.5;30;14;VAL;91.0;0.314580;0.678716
cuda;48000;100;CrossEntropyLoss();689;1568;Tanh();0.001;0.5;30;15;TRAIN;91.4;0.299634;3.184477
cuda;12000;100;CrossEntropyLoss();689;1568;Tanh();0.001;0.5;30;15;VAL;91.2;0.310898;0.661935
cuda;48000;100;CrossEntropyLoss();689;1568;Tanh();0.001;0.5;30;16;TRAIN;91.5;0.295635;3.175056
cuda;12000;100;CrossEntropyLoss();689;1568;Tanh();0.001;0.5;30;16;VAL;91.2;0.307410;0.735666
cuda;48000;100;CrossEntropyLoss();689;1568;Tanh();0.001;0.5;30;17;TRAIN;91.6;0.291788;3.169652
cuda;12000;100;CrossEntropyLoss();689;1568;Tanh();0.001;0.5;30;17;VAL;91.4;0.304039;0.749168
cuda;48000;100;CrossEntropyLoss();689;1568;Tanh();0.001;0.5;30;18;TRAIN;91.8;0.288328;2.641292
cuda;12000;100;CrossEntropyLoss();689;1568;Tanh();0.001;0.5;30;18;VAL;91.4;0.301277;0.643469
cuda;48000;100;CrossEntropyLoss();689;1568;Tanh();0.001;0.5;30;19;TRAIN;91.8;0.284988;2.505193
cuda;12000;100;CrossEntropyLoss();689;1568;Tanh();0.001;0.5;30;19;VAL;91.5;0.298701;0.703952
cuda;48000;100;CrossEntropyLoss();689;1568;Tanh();0.001;0.5;30;20;TRAIN;92.0;0.281887;3.313446
cuda;12000;100;CrossEntropyLoss();689;1568;Tanh();0.001;0.5;30;20;VAL;91.6;0.296057;0.634750
cuda;48000;100;CrossEntropyLoss();689;1568;Tanh();0.001;0.5;30;21;TRAIN;92.1;0.278931;2.758177
cuda;12000;100;CrossEntropyLoss();689;1568;Tanh();0.001;0.5;30;21;VAL;91.8;0.293326;0.713547
cuda;48000;100;CrossEntropyLoss();689;1568;Tanh();0.001;0.5;30;22;TRAIN;92.2;0.276107;2.736075
cuda;12000;100;CrossEntropyLoss();689;1568;Tanh();0.001;0.5;30;22;VAL;91.8;0.291086;0.669718
cuda;48000;100;CrossEntropyLoss();689;1568;Tanh();0.001;0.5;30;23;TRAIN;92.2;0.273298;2.731657
cuda;12000;100;CrossEntropyLoss();689;1568;Tanh();0.001;0.5;30;23;VAL;91.8;0.289070;1.012689
cuda;48000;100;CrossEntropyLoss();689;1568;Tanh();0.001;0.5;30;24;TRAIN;92.3;0.270770;3.534157
cuda;12000;100;CrossEntropyLoss();689;1568;Tanh();0.001;0.5;30;24;VAL;91.9;0.286903;0.821453
cuda;48000;100;CrossEntropyLoss();689;1568;Tanh();0.001;0.5;30;25;TRAIN;92.4;0.268280;3.477552
cuda;12000;100;CrossEntropyLoss();689;1568;Tanh();0.001;0.5;30;25;VAL;91.9;0.284896;1.050351
cuda;48000;100;CrossEntropyLoss();689;1568;Tanh();0.001;0.5;30;26;TRAIN;92.5;0.265832;3.827644
cuda;12000;100;CrossEntropyLoss();689;1568;Tanh();0.001;0.5;30;26;VAL;92.1;0.282791;0.883968
cuda;48000;100;CrossEntropyLoss();689;1568;Tanh();0.001;0.5;30;27;TRAIN;92.5;0.263488;4.453084
cuda;12000;100;CrossEntropyLoss();689;1568;Tanh();0.001;0.5;30;27;VAL;92.1;0.280652;0.926139
cuda;48000;100;CrossEntropyLoss();689;1568;Tanh();0.001;0.5;30;28;TRAIN;92.6;0.261220;2.772211
cuda;12000;100;CrossEntropyLoss();689;1568;Tanh();0.001;0.5;30;28;VAL;92.1;0.279156;0.624253
cuda;48000;100;CrossEntropyLoss();689;1568;Tanh();0.001;0.5;30;29;TRAIN;92.7;0.258921;3.846144
cuda;12000;100;CrossEntropyLoss();689;1568;Tanh();0.001;0.5;30;29;VAL;92.2;0.277312;0.811255
cuda;48000;100;CrossEntropyLoss();689;1568;Tanh();0.001;0.5;30;30;TRAIN;92.8;0.256767;3.320055
cuda;12000;100;CrossEntropyLoss();689;1568;Tanh();0.001;0.5;30;30;VAL;92.2;0.275313;0.731703
cuda;48000;100;CrossEntropyLoss();689;1568;Tanh();0.001;0.9;30;1;TRAIN;84.3;0.609967;3.913622
cuda;12000;100;CrossEntropyLoss();689;1568;Tanh();0.001;0.9;30;1;VAL;89.3;0.387414;0.658866
cuda;48000;100;CrossEntropyLoss();689;1568;Tanh();0.001;0.9;30;2;TRAIN;90.1;0.349937;3.117733
cuda;12000;100;CrossEntropyLoss();689;1568;Tanh();0.001;0.9;30;2;VAL;90.5;0.334025;0.840844
cuda;48000;100;CrossEntropyLoss();689;1568;Tanh();0.001;0.9;30;3;TRAIN;91.1;0.312480;2.848633
cuda;12000;100;CrossEntropyLoss();689;1568;Tanh();0.001;0.9;30;3;VAL;91.0;0.311419;0.620876
cuda;48000;100;CrossEntropyLoss();689;1568;Tanh();0.001;0.9;30;4;TRAIN;91.7;0.291609;2.555311
cuda;12000;100;CrossEntropyLoss();689;1568;Tanh();0.001;0.9;30;4;VAL;91.5;0.295877;0.752497
cuda;48000;100;CrossEntropyLoss();689;1568;Tanh();0.001;0.9;30;5;TRAIN;92.1;0.276420;2.835546
cuda;12000;100;CrossEntropyLoss();689;1568;Tanh();0.001;0.9;30;5;VAL;92.0;0.284148;0.608875
cuda;48000;100;CrossEntropyLoss();689;1568;Tanh();0.001;0.9;30;6;TRAIN;92.5;0.264118;2.472143
cuda;12000;100;CrossEntropyLoss();689;1568;Tanh();0.001;0.9;30;6;VAL;92.2;0.275572;0.623896
cuda;48000;100;CrossEntropyLoss();689;1568;Tanh();0.001;0.9;30;7;TRAIN;92.8;0.253276;3.200283
cuda;12000;100;CrossEntropyLoss();689;1568;Tanh();0.001;0.9;30;7;VAL;92.5;0.267210;0.762611
cuda;48000;100;CrossEntropyLoss();689;1568;Tanh();0.001;0.9;30;8;TRAIN;93.2;0.243316;3.624465
cuda;12000;100;CrossEntropyLoss();689;1568;Tanh();0.001;0.9;30;8;VAL;92.8;0.258844;1.025705
cuda;48000;100;CrossEntropyLoss();689;1568;Tanh();0.001;0.9;30;9;TRAIN;93.4;0.233707;3.795065
cuda;12000;100;CrossEntropyLoss();689;1568;Tanh();0.001;0.9;30;9;VAL;93.1;0.250558;0.784323
cuda;48000;100;CrossEntropyLoss();689;1568;Tanh();0.001;0.9;30;10;TRAIN;93.7;0.224556;3.999250
cuda;12000;100;CrossEntropyLoss();689;1568;Tanh();0.001;0.9;30;10;VAL;93.2;0.242373;1.207751
cuda;48000;100;CrossEntropyLoss();689;1568;Tanh();0.001;0.9;30;11;TRAIN;94.0;0.215778;3.930793
cuda;12000;100;CrossEntropyLoss();689;1568;Tanh();0.001;0.9;30;11;VAL;93.4;0.236156;0.758088
cuda;48000;100;CrossEntropyLoss();689;1568;Tanh();0.001;0.9;30;12;TRAIN;94.3;0.207333;3.735897
cuda;12000;100;CrossEntropyLoss();689;1568;Tanh();0.001;0.9;30;12;VAL;93.8;0.229267;0.752563
cuda;48000;100;CrossEntropyLoss();689;1568;Tanh();0.001;0.9;30;13;TRAIN;94.5;0.199318;2.720404
cuda;12000;100;CrossEntropyLoss();689;1568;Tanh();0.001;0.9;30;13;VAL;93.9;0.221990;0.640675
cuda;48000;100;CrossEntropyLoss();689;1568;Tanh();0.001;0.9;30;14;TRAIN;94.7;0.191424;5.077232
cuda;12000;100;CrossEntropyLoss();689;1568;Tanh();0.001;0.9;30;14;VAL;93.9;0.215102;0.663854
cuda;48000;100;CrossEntropyLoss();689;1568;Tanh();0.001;0.9;30;15;TRAIN;94.9;0.183825;2.833640
cuda;12000;100;CrossEntropyLoss();689;1568;Tanh();0.001;0.9;30;15;VAL;94.2;0.209227;0.636863
cuda;48000;100;CrossEntropyLoss();689;1568;Tanh();0.001;0.9;30;16;TRAIN;95.2;0.176625;3.080980
cuda;12000;100;CrossEntropyLoss();689;1568;Tanh();0.001;0.9;30;16;VAL;94.2;0.202966;0.732533
cuda;48000;100;CrossEntropyLoss();689;1568;Tanh();0.001;0.9;30;17;TRAIN;95.4;0.169873;2.824425
cuda;12000;100;CrossEntropyLoss();689;1568;Tanh();0.001;0.9;30;17;VAL;94.3;0.196837;0.884183
cuda;48000;100;CrossEntropyLoss();689;1568;Tanh();0.001;0.9;30;18;TRAIN;95.5;0.163481;4.773370
cuda;12000;100;CrossEntropyLoss();689;1568;Tanh();0.001;0.9;30;18;VAL;94.4;0.191416;0.931727
cuda;48000;100;CrossEntropyLoss();689;1568;Tanh();0.001;0.9;30;19;TRAIN;95.7;0.157248;3.328183
cuda;12000;100;CrossEntropyLoss();689;1568;Tanh();0.001;0.9;30;19;VAL;94.6;0.187019;0.645760
cuda;48000;100;CrossEntropyLoss();689;1568;Tanh();0.001;0.9;30;20;TRAIN;95.9;0.151650;3.461221
cuda;12000;100;CrossEntropyLoss();689;1568;Tanh();0.001;0.9;30;20;VAL;94.8;0.181990;0.879363
cuda;48000;100;CrossEntropyLoss();689;1568;Tanh();0.001;0.9;30;21;TRAIN;96.0;0.145901;3.477457
cuda;12000;100;CrossEntropyLoss();689;1568;Tanh();0.001;0.9;30;21;VAL;94.9;0.179161;0.930638
cuda;48000;100;CrossEntropyLoss();689;1568;Tanh();0.001;0.9;30;22;TRAIN;96.2;0.140789;2.716244
cuda;12000;100;CrossEntropyLoss();689;1568;Tanh();0.001;0.9;30;22;VAL;95.0;0.173284;0.705337
cuda;48000;100;CrossEntropyLoss();689;1568;Tanh();0.001;0.9;30;23;TRAIN;96.3;0.135819;2.759631
cuda;12000;100;CrossEntropyLoss();689;1568;Tanh();0.001;0.9;30;23;VAL;95.1;0.169409;0.719126
cuda;48000;100;CrossEntropyLoss();689;1568;Tanh();0.001;0.9;30;24;TRAIN;96.5;0.131174;3.709186
cuda;12000;100;CrossEntropyLoss();689;1568;Tanh();0.001;0.9;30;24;VAL;95.3;0.165678;0.609141
cuda;48000;100;CrossEntropyLoss();689;1568;Tanh();0.001;0.9;30;25;TRAIN;96.6;0.126839;3.341445
cuda;12000;100;CrossEntropyLoss();689;1568;Tanh();0.001;0.9;30;25;VAL;95.4;0.162089;1.403460
cuda;48000;100;CrossEntropyLoss();689;1568;Tanh();0.001;0.9;30;26;TRAIN;96.7;0.122521;3.169920
cuda;12000;100;CrossEntropyLoss();689;1568;Tanh();0.001;0.9;30;26;VAL;95.5;0.158746;0.733122
cuda;48000;100;CrossEntropyLoss();689;1568;Tanh();0.001;0.9;30;27;TRAIN;96.8;0.118797;3.105270
cuda;12000;100;CrossEntropyLoss();689;1568;Tanh();0.001;0.9;30;27;VAL;95.5;0.155549;1.054403
cuda;48000;100;CrossEntropyLoss();689;1568;Tanh();0.001;0.9;30;28;TRAIN;97.0;0.114913;3.254175
cuda;12000;100;CrossEntropyLoss();689;1568;Tanh();0.001;0.9;30;28;VAL;95.6;0.152869;0.647296
cuda;48000;100;CrossEntropyLoss();689;1568;Tanh();0.001;0.9;30;29;TRAIN;97.1;0.111420;3.683178
cuda;12000;100;CrossEntropyLoss();689;1568;Tanh();0.001;0.9;30;29;VAL;95.7;0.148730;0.743654
cuda;48000;100;CrossEntropyLoss();689;1568;Tanh();0.001;0.9;30;30;TRAIN;97.2;0.107883;2.881432
cuda;12000;100;CrossEntropyLoss();689;1568;Tanh();0.001;0.9;30;30;VAL;95.7;0.146016;0.735276
cuda;48000;100;CrossEntropyLoss();689;1568;Tanh();0.01;0.1;30;1;TRAIN;85.9;0.570124;3.457265
cuda;12000;100;CrossEntropyLoss();689;1568;Tanh();0.01;0.1;30;1;VAL;89.7;0.376385;0.739666
cuda;48000;100;CrossEntropyLoss();689;1568;Tanh();0.01;0.1;30;2;TRAIN;90.4;0.341264;2.929490
cuda;12000;100;CrossEntropyLoss();689;1568;Tanh();0.01;0.1;30;2;VAL;90.8;0.329148;0.695715
cuda;48000;100;CrossEntropyLoss();689;1568;Tanh();0.01;0.1;30;3;TRAIN;91.3;0.305856;3.381017
cuda;12000;100;CrossEntropyLoss();689;1568;Tanh();0.01;0.1;30;3;VAL;91.4;0.305723;0.731308
cuda;48000;100;CrossEntropyLoss();689;1568;Tanh();0.01;0.1;30;4;TRAIN;91.8;0.285667;3.435477
cuda;12000;100;CrossEntropyLoss();689;1568;Tanh();0.01;0.1;30;4;VAL;91.9;0.289735;0.603236
cuda;48000;100;CrossEntropyLoss();689;1568;Tanh();0.01;0.1;30;5;TRAIN;92.3;0.270649;2.954601
cuda;12000;100;CrossEntropyLoss();689;1568;Tanh();0.01;0.1;30;5;VAL;92.1;0.278976;0.679647
cuda;48000;100;CrossEntropyLoss();689;1568;Tanh();0.01;0.1;30;6;TRAIN;92.7;0.258224;3.193030
cuda;12000;100;CrossEntropyLoss();689;1568;Tanh();0.01;0.1;30;6;VAL;92.6;0.269614;0.642509
cuda;48000;100;CrossEntropyLoss();689;1568;Tanh();0.01;0.1;30;7;TRAIN;93.1;0.246880;3.574310
cuda;12000;100;CrossEntropyLoss();689;1568;Tanh();0.01;0.1;30;7;VAL;92.8;0.260714;0.708145
cuda;48000;100;CrossEntropyLoss();689;1568;Tanh();0.01;0.1;30;8;TRAIN;93.4;0.236392;3.085718
cuda;12000;100;CrossEntropyLoss();689;1568;Tanh();0.01;0.1;30;8;VAL;93.1;0.251849;0.622882
cuda;48000;100;CrossEntropyLoss();689;1568;Tanh();0.01;0.1;30;9;TRAIN;93.7;0.226314;3.450412
cuda;12000;100;CrossEntropyLoss();689;1568;Tanh();0.01;0.1;30;9;VAL;93.3;0.243485;0.613397
cuda;48000;100;CrossEntropyLoss();689;1568;Tanh();0.01;0.1;30;10;TRAIN;94.0;0.216551;2.567291
cuda;12000;100;CrossEntropyLoss();689;1568;Tanh();0.01;0.1;30;10;VAL;93.4;0.235647;0.628610
cuda;48000;100;CrossEntropyLoss();689;1568;Tanh();0.01;0.1;30;11;TRAIN;94.3;0.206979;2.821886
cuda;12000;100;CrossEntropyLoss();689;1568;Tanh();0.01;0.1;30;11;VAL;93.7;0.227821;0.623778
cuda;48000;100;CrossEntropyLoss();689;1568;Tanh();0.01;0.1;30;12;TRAIN;94.5;0.198057;2.686961
cuda;12000;100;CrossEntropyLoss();689;1568;Tanh();0.01;0.1;30;12;VAL;93.8;0.220062;0.612591
cuda;48000;100;CrossEntropyLoss();689;1568;Tanh();0.01;0.1;30;13;TRAIN;94.8;0.189424;2.993564
cuda;12000;100;CrossEntropyLoss();689;1568;Tanh();0.01;0.1;30;13;VAL;93.9;0.212875;0.731056
cuda;48000;100;CrossEntropyLoss();689;1568;Tanh();0.01;0.1;30;14;TRAIN;95.0;0.181002;2.713112
cuda;12000;100;CrossEntropyLoss();689;1568;Tanh();0.01;0.1;30;14;VAL;94.2;0.206329;0.689072
cuda;48000;100;CrossEntropyLoss();689;1568;Tanh();0.01;0.1;30;15;TRAIN;95.3;0.173209;3.041192
cuda;12000;100;CrossEntropyLoss();689;1568;Tanh();0.01;0.1;30;15;VAL;94.3;0.199185;0.789815
cuda;48000;100;CrossEntropyLoss();689;1568;Tanh();0.01;0.1;30;16;TRAIN;95.5;0.165945;3.026984
cuda;12000;100;CrossEntropyLoss();689;1568;Tanh();0.01;0.1;30;16;VAL;94.5;0.193243;0.773307
cuda;48000;100;CrossEntropyLoss();689;1568;Tanh();0.01;0.1;30;17;TRAIN;95.7;0.158750;3.214140
cuda;12000;100;CrossEntropyLoss();689;1568;Tanh();0.01;0.1;30;17;VAL;94.7;0.188350;0.972090
cuda;48000;100;CrossEntropyLoss();689;1568;Tanh();0.01;0.1;30;18;TRAIN;95.9;0.152287;2.475288
cuda;12000;100;CrossEntropyLoss();689;1568;Tanh();0.01;0.1;30;18;VAL;94.8;0.183911;0.687850
cuda;48000;100;CrossEntropyLoss();689;1568;Tanh();0.01;0.1;30;19;TRAIN;96.1;0.146083;2.755563
cuda;12000;100;CrossEntropyLoss();689;1568;Tanh();0.01;0.1;30;19;VAL;94.9;0.177264;0.761399
cuda;48000;100;CrossEntropyLoss();689;1568;Tanh();0.01;0.1;30;20;TRAIN;96.2;0.140495;2.599482
cuda;12000;100;CrossEntropyLoss();689;1568;Tanh();0.01;0.1;30;20;VAL;95.0;0.171818;0.636417
cuda;48000;100;CrossEntropyLoss();689;1568;Tanh();0.01;0.1;30;21;TRAIN;96.4;0.134985;2.995989
cuda;12000;100;CrossEntropyLoss();689;1568;Tanh();0.01;0.1;30;21;VAL;95.2;0.167255;0.803783
cuda;48000;100;CrossEntropyLoss();689;1568;Tanh();0.01;0.1;30;22;TRAIN;96.5;0.129751;3.564089
cuda;12000;100;CrossEntropyLoss();689;1568;Tanh();0.01;0.1;30;22;VAL;95.3;0.162796;0.774437
cuda;48000;100;CrossEntropyLoss();689;1568;Tanh();0.01;0.1;30;23;TRAIN;96.6;0.124971;3.606425
cuda;12000;100;CrossEntropyLoss();689;1568;Tanh();0.01;0.1;30;23;VAL;95.5;0.159124;0.676637
cuda;48000;100;CrossEntropyLoss();689;1568;Tanh();0.01;0.1;30;24;TRAIN;96.8;0.120524;2.818805
cuda;12000;100;CrossEntropyLoss();689;1568;Tanh();0.01;0.1;30;24;VAL;95.5;0.155143;0.791486
cuda;48000;100;CrossEntropyLoss();689;1568;Tanh();0.01;0.1;30;25;TRAIN;96.9;0.116158;3.967985
cuda;12000;100;CrossEntropyLoss();689;1568;Tanh();0.01;0.1;30;25;VAL;95.6;0.152335;0.975689
cuda;48000;100;CrossEntropyLoss();689;1568;Tanh();0.01;0.1;30;26;TRAIN;97.0;0.112122;3.356066
cuda;12000;100;CrossEntropyLoss();689;1568;Tanh();0.01;0.1;30;26;VAL;95.6;0.150029;0.877743
cuda;48000;100;CrossEntropyLoss();689;1568;Tanh();0.01;0.1;30;27;TRAIN;97.1;0.108317;2.825149
cuda;12000;100;CrossEntropyLoss();689;1568;Tanh();0.01;0.1;30;27;VAL;95.7;0.145744;0.611540
cuda;48000;100;CrossEntropyLoss();689;1568;Tanh();0.01;0.1;30;28;TRAIN;97.3;0.104662;2.454259
cuda;12000;100;CrossEntropyLoss();689;1568;Tanh();0.01;0.1;30;28;VAL;95.9;0.142907;0.594215
cuda;48000;100;CrossEntropyLoss();689;1568;Tanh();0.01;0.1;30;29;TRAIN;97.4;0.101201;2.936069
cuda;12000;100;CrossEntropyLoss();689;1568;Tanh();0.01;0.1;30;29;VAL;95.9;0.140792;0.618318
cuda;48000;100;CrossEntropyLoss();689;1568;Tanh();0.01;0.1;30;30;TRAIN;97.4;0.097982;2.526177
cuda;12000;100;CrossEntropyLoss();689;1568;Tanh();0.01;0.1;30;30;VAL;96.1;0.137409;0.850531
cuda;48000;100;CrossEntropyLoss();689;1568;Tanh();0.01;0.5;30;1;TRAIN;87.4;0.480902;3.006739
cuda;12000;100;CrossEntropyLoss();689;1568;Tanh();0.01;0.5;30;1;VAL;90.3;0.334316;0.664087
cuda;48000;100;CrossEntropyLoss();689;1568;Tanh();0.01;0.5;30;2;TRAIN;91.3;0.306171;2.729536
cuda;12000;100;CrossEntropyLoss();689;1568;Tanh();0.01;0.5;30;2;VAL;91.6;0.299208;0.960719
cuda;48000;100;CrossEntropyLoss();689;1568;Tanh();0.01;0.5;30;3;TRAIN;92.1;0.275275;3.222666
cuda;12000;100;CrossEntropyLoss();689;1568;Tanh();0.01;0.5;30;3;VAL;92.4;0.279558;0.625649
cuda;48000;100;CrossEntropyLoss();689;1568;Tanh();0.01;0.5;30;4;TRAIN;92.8;0.254092;2.429690
cuda;12000;100;CrossEntropyLoss();689;1568;Tanh();0.01;0.5;30;4;VAL;92.9;0.262472;0.661961
cuda;48000;100;CrossEntropyLoss();689;1568;Tanh();0.01;0.5;30;5;TRAIN;93.4;0.235434;2.749882
cuda;12000;100;CrossEntropyLoss();689;1568;Tanh();0.01;0.5;30;5;VAL;93.0;0.248230;0.603059
cuda;48000;100;CrossEntropyLoss();689;1568;Tanh();0.01;0.5;30;6;TRAIN;94.0;0.217893;2.569403
cuda;12000;100;CrossEntropyLoss();689;1568;Tanh();0.01;0.5;30;6;VAL;93.5;0.233572;0.602624
cuda;48000;100;CrossEntropyLoss();689;1568;Tanh();0.01;0.5;30;7;TRAIN;94.4;0.201798;2.615182
cuda;12000;100;CrossEntropyLoss();689;1568;Tanh();0.01;0.5;30;7;VAL;94.0;0.218629;0.683911
cuda;48000;100;CrossEntropyLoss();689;1568;Tanh();0.01;0.5;30;8;TRAIN;94.9;0.185837;2.462974
cuda;12000;100;CrossEntropyLoss();689;1568;Tanh();0.01;0.5;30;8;VAL;94.2;0.207323;0.594830
cuda;48000;100;CrossEntropyLoss();689;1568;Tanh();0.01;0.5;30;9;TRAIN;95.2;0.171826;2.697872
cuda;12000;100;CrossEntropyLoss();689;1568;Tanh();0.01;0.5;30;9;VAL;94.4;0.195925;0.770579
cuda;48000;100;CrossEntropyLoss();689;1568;Tanh();0.01;0.5;30;10;TRAIN;95.6;0.159446;2.530167
cuda;12000;100;CrossEntropyLoss();689;1568;Tanh();0.01;0.5;30;10;VAL;94.7;0.185541;0.619930
cuda;48000;100;CrossEntropyLoss();689;1568;Tanh();0.01;0.5;30;11;TRAIN;95.9;0.147859;2.448734
cuda;12000;100;CrossEntropyLoss();689;1568;Tanh();0.01;0.5;30;11;VAL;94.9;0.177514;1.074165
cuda;48000;100;CrossEntropyLoss();689;1568;Tanh();0.01;0.5;30;12;TRAIN;96.2;0.137816;3.797812
cuda;12000;100;CrossEntropyLoss();689;1568;Tanh();0.01;0.5;30;12;VAL;95.2;0.166510;0.867217
cuda;48000;100;CrossEntropyLoss();689;1568;Tanh();0.01;0.5;30;13;TRAIN;96.5;0.128920;2.981450
cuda;12000;100;CrossEntropyLoss();689;1568;Tanh();0.01;0.5;30;13;VAL;95.4;0.159292;0.763548
cuda;48000;100;CrossEntropyLoss();689;1568;Tanh();0.01;0.5;30;14;TRAIN;96.8;0.120891;2.743802
cuda;12000;100;CrossEntropyLoss();689;1568;Tanh();0.01;0.5;30;14;VAL;95.5;0.153352;0.652570
cuda;48000;100;CrossEntropyLoss();689;1568;Tanh();0.01;0.5;30;15;TRAIN;97.0;0.113199;3.376583
cuda;12000;100;CrossEntropyLoss();689;1568;Tanh();0.01;0.5;30;15;VAL;95.8;0.147501;0.868834
cuda;48000;100;CrossEntropyLoss();689;1568;Tanh();0.01;0.5;30;16;TRAIN;97.2;0.106713;3.778374
cuda;12000;100;CrossEntropyLoss();689;1568;Tanh();0.01;0.5;30;16;VAL;95.9;0.141959;0.840926
cuda;48000;100;CrossEntropyLoss();689;1568;Tanh();0.01;0.5;30;17;TRAIN;97.3;0.100558;3.676661
cuda;12000;100;CrossEntropyLoss();689;1568;Tanh();0.01;0.5;30;17;VAL;96.1;0.137560;0.838879
cuda;48000;100;CrossEntropyLoss();689;1568;Tanh();0.01;0.5;30;18;TRAIN;97.5;0.094821;3.015429
cuda;12000;100;CrossEntropyLoss();689;1568;Tanh();0.01;0.5;30;18;VAL;96.3;0.133128;0.718623
cuda;48000;100;CrossEntropyLoss();689;1568;Tanh();0.01;0.5;30;19;TRAIN;97.7;0.089867;4.130867
cuda;12000;100;CrossEntropyLoss();689;1568;Tanh();0.01;0.5;30;19;VAL;96.2;0.130529;0.770103
cuda;48000;100;CrossEntropyLoss();689;1568;Tanh();0.01;0.5;30;20;TRAIN;97.8;0.085279;2.965979
cuda;12000;100;CrossEntropyLoss();689;1568;Tanh();0.01;0.5;30;20;VAL;96.3;0.125569;0.801589
cuda;48000;100;CrossEntropyLoss();689;1568;Tanh();0.01;0.5;30;21;TRAIN;97.9;0.080777;3.519172
cuda;12000;100;CrossEntropyLoss();689;1568;Tanh();0.01;0.5;30;21;VAL;96.4;0.122753;0.734884
cuda;48000;100;CrossEntropyLoss();689;1568;Tanh();0.01;0.5;30;22;TRAIN;98.0;0.076865;3.167224
cuda;12000;100;CrossEntropyLoss();689;1568;Tanh();0.01;0.5;30;22;VAL;96.5;0.119027;1.165434
cuda;48000;100;CrossEntropyLoss();689;1568;Tanh();0.01;0.5;30;23;TRAIN;98.1;0.073080;3.740134
cuda;12000;100;CrossEntropyLoss();689;1568;Tanh();0.01;0.5;30;23;VAL;96.7;0.115623;0.803567
cuda;48000;100;CrossEntropyLoss();689;1568;Tanh();0.01;0.5;30;24;TRAIN;98.2;0.069719;3.295588
cuda;12000;100;CrossEntropyLoss();689;1568;Tanh();0.01;0.5;30;24;VAL;96.7;0.113389;0.943127
cuda;48000;100;CrossEntropyLoss();689;1568;Tanh();0.01;0.5;30;25;TRAIN;98.3;0.066382;2.787818
cuda;12000;100;CrossEntropyLoss();689;1568;Tanh();0.01;0.5;30;25;VAL;96.7;0.111699;0.649086
cuda;48000;100;CrossEntropyLoss();689;1568;Tanh();0.01;0.5;30;26;TRAIN;98.4;0.063334;2.586108
cuda;12000;100;CrossEntropyLoss();689;1568;Tanh();0.01;0.5;30;26;VAL;96.8;0.109903;0.903132
cuda;48000;100;CrossEntropyLoss();689;1568;Tanh();0.01;0.5;30;27;TRAIN;98.5;0.060474;3.298909
cuda;12000;100;CrossEntropyLoss();689;1568;Tanh();0.01;0.5;30;27;VAL;96.9;0.106435;0.681237
cuda;48000;100;CrossEntropyLoss();689;1568;Tanh();0.01;0.5;30;28;TRAIN;98.6;0.057833;2.829194
cuda;12000;100;CrossEntropyLoss();689;1568;Tanh();0.01;0.5;30;28;VAL;97.0;0.104098;1.255349
cuda;48000;100;CrossEntropyLoss();689;1568;Tanh();0.01;0.5;30;29;TRAIN;98.7;0.055424;3.389371
cuda;12000;100;CrossEntropyLoss();689;1568;Tanh();0.01;0.5;30;29;VAL;96.9;0.103173;0.765366
cuda;48000;100;CrossEntropyLoss();689;1568;Tanh();0.01;0.5;30;30;TRAIN;98.7;0.053081;3.620855
cuda;12000;100;CrossEntropyLoss();689;1568;Tanh();0.01;0.5;30;30;VAL;97.1;0.100901;0.928661
cuda;48000;100;CrossEntropyLoss();689;1568;Tanh();0.01;0.9;30;1;TRAIN;89.6;0.355285;3.531956
cuda;12000;100;CrossEntropyLoss();689;1568;Tanh();0.01;0.9;30;1;VAL;92.6;0.264596;0.759890
cuda;48000;100;CrossEntropyLoss();689;1568;Tanh();0.01;0.9;30;2;TRAIN;93.8;0.216068;3.996225
cuda;12000;100;CrossEntropyLoss();689;1568;Tanh();0.01;0.9;30;2;VAL;94.1;0.211241;0.842777
cuda;48000;100;CrossEntropyLoss();689;1568;Tanh();0.01;0.9;30;3;TRAIN;95.6;0.154282;4.157178
cuda;12000;100;CrossEntropyLoss();689;1568;Tanh();0.01;0.9;30;3;VAL;95.3;0.158355;0.864900
cuda;48000;100;CrossEntropyLoss();689;1568;Tanh();0.01;0.9;30;4;TRAIN;96.6;0.116842;3.776984
cuda;12000;100;CrossEntropyLoss();689;1568;Tanh();0.01;0.9;30;4;VAL;96.0;0.134983;0.721137
cuda;48000;100;CrossEntropyLoss();689;1568;Tanh();0.01;0.9;30;5;TRAIN;97.3;0.092665;3.466520
cuda;12000;100;CrossEntropyLoss();689;1568;Tanh();0.01;0.9;30;5;VAL;96.2;0.125198;1.073134
cuda;48000;100;CrossEntropyLoss();689;1568;Tanh();0.01;0.9;30;6;TRAIN;97.9;0.074235;3.977683
cuda;12000;100;CrossEntropyLoss();689;1568;Tanh();0.01;0.9;30;6;VAL;96.6;0.110044;0.744311
cuda;48000;100;CrossEntropyLoss();689;1568;Tanh();0.01;0.9;30;7;TRAIN;98.3;0.061217;3.281097
cuda;12000;100;CrossEntropyLoss();689;1568;Tanh();0.01;0.9;30;7;VAL;97.0;0.099902;0.908625
cuda;48000;100;CrossEntropyLoss();689;1568;Tanh();0.01;0.9;30;8;TRAIN;98.7;0.049969;3.047435
cuda;12000;100;CrossEntropyLoss();689;1568;Tanh();0.01;0.9;30;8;VAL;97.3;0.091953;0.673906
cuda;48000;100;CrossEntropyLoss();689;1568;Tanh();0.01;0.9;30;9;TRAIN;98.9;0.042259;3.320539
cuda;12000;100;CrossEntropyLoss();689;1568;Tanh();0.01;0.9;30;9;VAL;97.2;0.089846;0.693910
cuda;48000;100;CrossEntropyLoss();689;1568;Tanh();0.01;0.9;30;10;TRAIN;99.1;0.035122;3.232852
cuda;12000;100;CrossEntropyLoss();689;1568;Tanh();0.01;0.9;30;10;VAL;97.4;0.086636;0.739076
cuda;48000;100;CrossEntropyLoss();689;1568;Tanh();0.01;0.9;30;11;TRAIN;99.3;0.029217;3.301464
cuda;12000;100;CrossEntropyLoss();689;1568;Tanh();0.01;0.9;30;11;VAL;97.5;0.083863;0.763517
cuda;48000;100;CrossEntropyLoss();689;1568;Tanh();0.01;0.9;30;12;TRAIN;99.5;0.025317;3.695054
cuda;12000;100;CrossEntropyLoss();689;1568;Tanh();0.01;0.9;30;12;VAL;97.6;0.079058;1.078826
cuda;48000;100;CrossEntropyLoss();689;1568;Tanh();0.01;0.9;30;13;TRAIN;99.6;0.021512;3.846845
cuda;12000;100;CrossEntropyLoss();689;1568;Tanh();0.01;0.9;30;13;VAL;97.6;0.079823;0.750400
cuda;48000;100;CrossEntropyLoss();689;1568;Tanh();0.01;0.9;30;14;TRAIN;99.7;0.018486;3.876305
cuda;12000;100;CrossEntropyLoss();689;1568;Tanh();0.01;0.9;30;14;VAL;97.6;0.078909;0.897199
cuda;48000;100;CrossEntropyLoss();689;1568;Tanh();0.01;0.9;30;15;TRAIN;99.8;0.015836;3.119750
cuda;12000;100;CrossEntropyLoss();689;1568;Tanh();0.01;0.9;30;15;VAL;97.5;0.078611;0.673436
cuda;48000;100;CrossEntropyLoss();689;1568;Tanh();0.01;0.9;30;16;TRAIN;99.8;0.013876;3.830841
cuda;12000;100;CrossEntropyLoss();689;1568;Tanh();0.01;0.9;30;16;VAL;97.7;0.079578;0.739360
cuda;48000;100;CrossEntropyLoss();689;1568;Tanh();0.01;0.9;30;17;TRAIN;99.9;0.012199;3.089090
cuda;12000;100;CrossEntropyLoss();689;1568;Tanh();0.01;0.9;30;17;VAL;97.7;0.075893;0.910911
cuda;48000;100;CrossEntropyLoss();689;1568;Tanh();0.01;0.9;30;18;TRAIN;99.9;0.010608;4.424626
cuda;12000;100;CrossEntropyLoss();689;1568;Tanh();0.01;0.9;30;18;VAL;97.7;0.077393;0.758029
cuda;48000;100;CrossEntropyLoss();689;1568;Tanh();0.01;0.9;30;19;TRAIN;99.9;0.009539;3.340514
cuda;12000;100;CrossEntropyLoss();689;1568;Tanh();0.01;0.9;30;19;VAL;97.7;0.078427;0.926266
cuda;48000;100;CrossEntropyLoss();689;1568;Tanh();0.01;0.9;30;20;TRAIN;99.9;0.008553;3.834734
cuda;12000;100;CrossEntropyLoss();689;1568;Tanh();0.01;0.9;30;20;VAL;97.7;0.076164;0.828459
cuda;48000;100;CrossEntropyLoss();689;1568;Tanh();0.01;0.9;30;21;TRAIN;99.9;0.007680;4.087317
cuda;12000;100;CrossEntropyLoss();689;1568;Tanh();0.01;0.9;30;21;VAL;97.7;0.075639;0.668608
cuda;48000;100;CrossEntropyLoss();689;1568;Tanh();0.01;0.9;30;22;TRAIN;100.0;0.006880;3.138777
cuda;12000;100;CrossEntropyLoss();689;1568;Tanh();0.01;0.9;30;22;VAL;97.7;0.075669;0.655856
cuda;48000;100;CrossEntropyLoss();689;1568;Tanh();0.01;0.9;30;23;TRAIN;100.0;0.006297;3.049564
cuda;12000;100;CrossEntropyLoss();689;1568;Tanh();0.01;0.9;30;23;VAL;97.7;0.074849;1.012895
cuda;48000;100;CrossEntropyLoss();689;1568;Tanh();0.01;0.9;30;24;TRAIN;100.0;0.005685;3.448211
cuda;12000;100;CrossEntropyLoss();689;1568;Tanh();0.01;0.9;30;24;VAL;97.7;0.074698;0.683115
cuda;48000;100;CrossEntropyLoss();689;1568;Tanh();0.01;0.9;30;25;TRAIN;100.0;0.005260;3.670746
cuda;12000;100;CrossEntropyLoss();689;1568;Tanh();0.01;0.9;30;25;VAL;97.7;0.075240;0.672999
cuda;48000;100;CrossEntropyLoss();689;1568;Tanh();0.01;0.9;30;26;TRAIN;100.0;0.004892;2.718474
cuda;12000;100;CrossEntropyLoss();689;1568;Tanh();0.01;0.9;30;26;VAL;97.7;0.074873;0.687209
cuda;48000;100;CrossEntropyLoss();689;1568;Tanh();0.01;0.9;30;27;TRAIN;100.0;0.004563;3.368536
cuda;12000;100;CrossEntropyLoss();689;1568;Tanh();0.01;0.9;30;27;VAL;97.8;0.074159;0.681764
cuda;48000;100;CrossEntropyLoss();689;1568;Tanh();0.01;0.9;30;28;TRAIN;100.0;0.004218;2.683171
cuda;12000;100;CrossEntropyLoss();689;1568;Tanh();0.01;0.9;30;28;VAL;97.8;0.075030;0.713382
cuda;48000;100;CrossEntropyLoss();689;1568;Tanh();0.01;0.9;30;29;TRAIN;100.0;0.003962;3.315016
cuda;12000;100;CrossEntropyLoss();689;1568;Tanh();0.01;0.9;30;29;VAL;97.8;0.074009;0.988816
cuda;48000;100;CrossEntropyLoss();689;1568;Tanh();0.01;0.9;30;30;TRAIN;100.0;0.003704;3.727134
cuda;12000;100;CrossEntropyLoss();689;1568;Tanh();0.01;0.9;30;30;VAL;97.8;0.074520;1.007912
cuda;48000;100;CrossEntropyLoss();689;1568;Tanh();0.1;0.1;30;1;TRAIN;90.1;0.339779;3.833892
cuda;12000;100;CrossEntropyLoss();689;1568;Tanh();0.1;0.1;30;1;VAL;92.6;0.264635;0.861175
cuda;48000;100;CrossEntropyLoss();689;1568;Tanh();0.1;0.1;30;2;TRAIN;94.0;0.212145;4.390239
cuda;12000;100;CrossEntropyLoss();689;1568;Tanh();0.1;0.1;30;2;VAL;94.3;0.204964;0.909855
cuda;48000;100;CrossEntropyLoss();689;1568;Tanh();0.1;0.1;30;3;TRAIN;95.8;0.147332;2.952770
cuda;12000;100;CrossEntropyLoss();689;1568;Tanh();0.1;0.1;30;3;VAL;95.5;0.160044;0.798001
cuda;48000;100;CrossEntropyLoss();689;1568;Tanh();0.1;0.1;30;4;TRAIN;96.8;0.110247;4.090934
cuda;12000;100;CrossEntropyLoss();689;1568;Tanh();0.1;0.1;30;4;VAL;96.1;0.130587;0.918350
cuda;48000;100;CrossEntropyLoss();689;1568;Tanh();0.1;0.1;30;5;TRAIN;97.6;0.085070;2.910505
cuda;12000;100;CrossEntropyLoss();689;1568;Tanh();0.1;0.1;30;5;VAL;96.5;0.116291;0.674711
cuda;48000;100;CrossEntropyLoss();689;1568;Tanh();0.1;0.1;30;6;TRAIN;98.1;0.068338;3.938541
cuda;12000;100;CrossEntropyLoss();689;1568;Tanh();0.1;0.1;30;6;VAL;96.8;0.106404;0.821611
cuda;48000;100;CrossEntropyLoss();689;1568;Tanh();0.1;0.1;30;7;TRAIN;98.5;0.055183;3.054790
cuda;12000;100;CrossEntropyLoss();689;1568;Tanh();0.1;0.1;30;7;VAL;97.0;0.096876;0.904093
cuda;48000;100;CrossEntropyLoss();689;1568;Tanh();0.1;0.1;30;8;TRAIN;98.7;0.045381;3.272554
cuda;12000;100;CrossEntropyLoss();689;1568;Tanh();0.1;0.1;30;8;VAL;97.0;0.093817;1.184951
cuda;48000;100;CrossEntropyLoss();689;1568;Tanh();0.1;0.1;30;9;TRAIN;99.1;0.037271;3.131835
cuda;12000;100;CrossEntropyLoss();689;1568;Tanh();0.1;0.1;30;9;VAL;97.3;0.088801;1.431773
cuda;48000;100;CrossEntropyLoss();689;1568;Tanh();0.1;0.1;30;10;TRAIN;99.3;0.030019;3.265446
cuda;12000;100;CrossEntropyLoss();689;1568;Tanh();0.1;0.1;30;10;VAL;97.5;0.083471;0.807635
cuda;48000;100;CrossEntropyLoss();689;1568;Tanh();0.1;0.1;30;11;TRAIN;99.4;0.025919;3.730747
cuda;12000;100;CrossEntropyLoss();689;1568;Tanh();0.1;0.1;30;11;VAL;97.6;0.083667;0.708064
cuda;48000;100;CrossEntropyLoss();689;1568;Tanh();0.1;0.1;30;12;TRAIN;99.6;0.021408;2.799882
cuda;12000;100;CrossEntropyLoss();689;1568;Tanh();0.1;0.1;30;12;VAL;97.5;0.080017;0.959765
cuda;48000;100;CrossEntropyLoss();689;1568;Tanh();0.1;0.1;30;13;TRAIN;99.7;0.017710;3.875599
cuda;12000;100;CrossEntropyLoss();689;1568;Tanh();0.1;0.1;30;13;VAL;97.5;0.080811;1.019009
cuda;48000;100;CrossEntropyLoss();689;1568;Tanh();0.1;0.1;30;14;TRAIN;99.8;0.014898;3.592341
cuda;12000;100;CrossEntropyLoss();689;1568;Tanh();0.1;0.1;30;14;VAL;97.6;0.076589;0.858206
cuda;48000;100;CrossEntropyLoss();689;1568;Tanh();0.1;0.1;30;15;TRAIN;99.9;0.012962;4.363169
cuda;12000;100;CrossEntropyLoss();689;1568;Tanh();0.1;0.1;30;15;VAL;97.6;0.075844;0.683122
cuda;48000;100;CrossEntropyLoss();689;1568;Tanh();0.1;0.1;30;16;TRAIN;99.9;0.011335;3.338265
cuda;12000;100;CrossEntropyLoss();689;1568;Tanh();0.1;0.1;30;16;VAL;97.6;0.076109;0.936735
cuda;48000;100;CrossEntropyLoss();689;1568;Tanh();0.1;0.1;30;17;TRAIN;99.9;0.009974;4.331815
cuda;12000;100;CrossEntropyLoss();689;1568;Tanh();0.1;0.1;30;17;VAL;97.6;0.077371;0.761833
cuda;48000;100;CrossEntropyLoss();689;1568;Tanh();0.1;0.1;30;18;TRAIN;99.9;0.008837;3.244300
cuda;12000;100;CrossEntropyLoss();689;1568;Tanh();0.1;0.1;30;18;VAL;97.7;0.074137;0.768201
cuda;48000;100;CrossEntropyLoss();689;1568;Tanh();0.1;0.1;30;19;TRAIN;99.9;0.007694;3.075410
cuda;12000;100;CrossEntropyLoss();689;1568;Tanh();0.1;0.1;30;19;VAL;97.8;0.073644;0.752716
cuda;48000;100;CrossEntropyLoss();689;1568;Tanh();0.1;0.1;30;20;TRAIN;100.0;0.006839;2.807761
cuda;12000;100;CrossEntropyLoss();689;1568;Tanh();0.1;0.1;30;20;VAL;97.8;0.074431;0.640916
cuda;48000;100;CrossEntropyLoss();689;1568;Tanh();0.1;0.1;30;21;TRAIN;100.0;0.006215;3.066295
cuda;12000;100;CrossEntropyLoss();689;1568;Tanh();0.1;0.1;30;21;VAL;97.7;0.073713;0.657515
cuda;48000;100;CrossEntropyLoss();689;1568;Tanh();0.1;0.1;30;22;TRAIN;100.0;0.005632;2.677687
cuda;12000;100;CrossEntropyLoss();689;1568;Tanh();0.1;0.1;30;22;VAL;97.8;0.073812;0.660235
cuda;48000;100;CrossEntropyLoss();689;1568;Tanh();0.1;0.1;30;23;TRAIN;100.0;0.005088;3.036609
cuda;12000;100;CrossEntropyLoss();689;1568;Tanh();0.1;0.1;30;23;VAL;97.8;0.072924;0.692622
cuda;48000;100;CrossEntropyLoss();689;1568;Tanh();0.1;0.1;30;24;TRAIN;100.0;0.004694;2.781235
cuda;12000;100;CrossEntropyLoss();689;1568;Tanh();0.1;0.1;30;24;VAL;97.8;0.073927;0.638166
cuda;48000;100;CrossEntropyLoss();689;1568;Tanh();0.1;0.1;30;25;TRAIN;100.0;0.004304;2.894330
cuda;12000;100;CrossEntropyLoss();689;1568;Tanh();0.1;0.1;30;25;VAL;97.8;0.075344;0.785945
cuda;48000;100;CrossEntropyLoss();689;1568;Tanh();0.1;0.1;30;26;TRAIN;100.0;0.003948;3.020310
cuda;12000;100;CrossEntropyLoss();689;1568;Tanh();0.1;0.1;30;26;VAL;97.8;0.075189;0.698155
cuda;48000;100;CrossEntropyLoss();689;1568;Tanh();0.1;0.1;30;27;TRAIN;100.0;0.003711;2.723992
cuda;12000;100;CrossEntropyLoss();689;1568;Tanh();0.1;0.1;30;27;VAL;97.8;0.074194;0.747524
cuda;48000;100;CrossEntropyLoss();689;1568;Tanh();0.1;0.1;30;28;TRAIN;100.0;0.003427;3.221579
cuda;12000;100;CrossEntropyLoss();689;1568;Tanh();0.1;0.1;30;28;VAL;97.8;0.074289;0.800859
cuda;48000;100;CrossEntropyLoss();689;1568;Tanh();0.1;0.1;30;29;TRAIN;100.0;0.003222;3.214800
cuda;12000;100;CrossEntropyLoss();689;1568;Tanh();0.1;0.1;30;29;VAL;97.8;0.074152;1.107718
cuda;48000;100;CrossEntropyLoss();689;1568;Tanh();0.1;0.1;30;30;TRAIN;100.0;0.003061;3.665757
cuda;12000;100;CrossEntropyLoss();689;1568;Tanh();0.1;0.1;30;30;VAL;97.8;0.074732;0.641240
cuda;48000;100;CrossEntropyLoss();689;1568;Tanh();0.1;0.5;30;1;TRAIN;90.7;0.315832;2.797055
cuda;12000;100;CrossEntropyLoss();689;1568;Tanh();0.1;0.5;30;1;VAL;93.6;0.223306;0.667863
cuda;48000;100;CrossEntropyLoss();689;1568;Tanh();0.1;0.5;30;2;TRAIN;95.2;0.165904;3.971860
cuda;12000;100;CrossEntropyLoss();689;1568;Tanh();0.1;0.5;30;2;VAL;95.6;0.156741;0.682036
cuda;48000;100;CrossEntropyLoss();689;1568;Tanh();0.1;0.5;30;3;TRAIN;96.9;0.106389;2.869511
cuda;12000;100;CrossEntropyLoss();689;1568;Tanh();0.1;0.5;30;3;VAL;96.2;0.127070;0.648366
cuda;48000;100;CrossEntropyLoss();689;1568;Tanh();0.1;0.5;30;4;TRAIN;97.8;0.074384;3.303563
cuda;12000;100;CrossEntropyLoss();689;1568;Tanh();0.1;0.5;30;4;VAL;96.6;0.111946;0.827496
cuda;48000;100;CrossEntropyLoss();689;1568;Tanh();0.1;0.5;30;5;TRAIN;98.5;0.053031;3.028225
cuda;12000;100;CrossEntropyLoss();689;1568;Tanh();0.1;0.5;30;5;VAL;97.0;0.099073;0.655688
cuda;48000;100;CrossEntropyLoss();689;1568;Tanh();0.1;0.5;30;6;TRAIN;98.8;0.040212;4.057101
cuda;12000;100;CrossEntropyLoss();689;1568;Tanh();0.1;0.5;30;6;VAL;97.2;0.090038;1.066338
cuda;48000;100;CrossEntropyLoss();689;1568;Tanh();0.1;0.5;30;7;TRAIN;99.2;0.029245;3.778775
cuda;12000;100;CrossEntropyLoss();689;1568;Tanh();0.1;0.5;30;7;VAL;97.4;0.087949;0.755743
cuda;48000;100;CrossEntropyLoss();689;1568;Tanh();0.1;0.5;30;8;TRAIN;99.5;0.021447;3.669427
cuda;12000;100;CrossEntropyLoss();689;1568;Tanh();0.1;0.5;30;8;VAL;97.6;0.082596;0.735800
cuda;48000;100;CrossEntropyLoss();689;1568;Tanh();0.1;0.5;30;9;TRAIN;99.7;0.015954;3.118945
cuda;12000;100;CrossEntropyLoss();689;1568;Tanh();0.1;0.5;30;9;VAL;97.6;0.080131;0.743544
cuda;48000;100;CrossEntropyLoss();689;1568;Tanh();0.1;0.5;30;10;TRAIN;99.8;0.012009;3.814159
cuda;12000;100;CrossEntropyLoss();689;1568;Tanh();0.1;0.5;30;10;VAL;97.7;0.080051;0.762172
cuda;48000;100;CrossEntropyLoss();689;1568;Tanh();0.1;0.5;30;11;TRAIN;99.9;0.008963;3.296707
cuda;12000;100;CrossEntropyLoss();689;1568;Tanh();0.1;0.5;30;11;VAL;97.4;0.089547;0.803777
cuda;48000;100;CrossEntropyLoss();689;1568;Tanh();0.1;0.5;30;12;TRAIN;99.9;0.007261;3.579138
cuda;12000;100;CrossEntropyLoss();689;1568;Tanh();0.1;0.5;30;12;VAL;97.8;0.076397;0.650676
cuda;48000;100;CrossEntropyLoss();689;1568;Tanh();0.1;0.5;30;13;TRAIN;100.0;0.005807;2.887830
cuda;12000;100;CrossEntropyLoss();689;1568;Tanh();0.1;0.5;30;13;VAL;97.8;0.076043;0.806924
cuda;48000;100;CrossEntropyLoss();689;1568;Tanh();0.1;0.5;30;14;TRAIN;100.0;0.004938;3.048816
cuda;12000;100;CrossEntropyLoss();689;1568;Tanh();0.1;0.5;30;14;VAL;97.8;0.076728;0.744090
cuda;48000;100;CrossEntropyLoss();689;1568;Tanh();0.1;0.5;30;15;TRAIN;100.0;0.004070;2.839199
cuda;12000;100;CrossEntropyLoss();689;1568;Tanh();0.1;0.5;30;15;VAL;97.9;0.075874;0.660160
cuda;48000;100;CrossEntropyLoss();689;1568;Tanh();0.1;0.5;30;16;TRAIN;100.0;0.003481;3.410335
cuda;12000;100;CrossEntropyLoss();689;1568;Tanh();0.1;0.5;30;16;VAL;97.8;0.076822;0.831330
cuda;48000;100;CrossEntropyLoss();689;1568;Tanh();0.1;0.5;30;17;TRAIN;100.0;0.003060;2.965756
cuda;12000;100;CrossEntropyLoss();689;1568;Tanh();0.1;0.5;30;17;VAL;97.9;0.076803;0.854824
cuda;48000;100;CrossEntropyLoss();689;1568;Tanh();0.1;0.5;30;18;TRAIN;100.0;0.002806;3.384268
cuda;12000;100;CrossEntropyLoss();689;1568;Tanh();0.1;0.5;30;18;VAL;97.9;0.075646;0.928943
cuda;48000;100;CrossEntropyLoss();689;1568;Tanh();0.1;0.5;30;19;TRAIN;100.0;0.002496;2.979115
cuda;12000;100;CrossEntropyLoss();689;1568;Tanh();0.1;0.5;30;19;VAL;97.9;0.076175;0.695790
cuda;48000;100;CrossEntropyLoss();689;1568;Tanh();0.1;0.5;30;20;TRAIN;100.0;0.002284;3.341182
cuda;12000;100;CrossEntropyLoss();689;1568;Tanh();0.1;0.5;30;20;VAL;97.9;0.076272;0.861004
cuda;48000;100;CrossEntropyLoss();689;1568;Tanh();0.1;0.5;30;21;TRAIN;100.0;0.002154;2.851869
cuda;12000;100;CrossEntropyLoss();689;1568;Tanh();0.1;0.5;30;21;VAL;97.9;0.076145;0.646861
cuda;48000;100;CrossEntropyLoss();689;1568;Tanh();0.1;0.5;30;22;TRAIN;100.0;0.001977;3.480846
cuda;12000;100;CrossEntropyLoss();689;1568;Tanh();0.1;0.5;30;22;VAL;98.0;0.076774;0.672612
cuda;48000;100;CrossEntropyLoss();689;1568;Tanh();0.1;0.5;30;23;TRAIN;100.0;0.001814;2.714248
cuda;12000;100;CrossEntropyLoss();689;1568;Tanh();0.1;0.5;30;23;VAL;97.9;0.076880;0.716752
cuda;48000;100;CrossEntropyLoss();689;1568;Tanh();0.1;0.5;30;24;TRAIN;100.0;0.001705;3.169469
cuda;12000;100;CrossEntropyLoss();689;1568;Tanh();0.1;0.5;30;24;VAL;97.9;0.077107;0.735019
cuda;48000;100;CrossEntropyLoss();689;1568;Tanh();0.1;0.5;30;25;TRAIN;100.0;0.001609;3.062962
cuda;12000;100;CrossEntropyLoss();689;1568;Tanh();0.1;0.5;30;25;VAL;98.0;0.076655;0.818223
cuda;48000;100;CrossEntropyLoss();689;1568;Tanh();0.1;0.5;30;26;TRAIN;100.0;0.001498;3.326366
cuda;12000;100;CrossEntropyLoss();689;1568;Tanh();0.1;0.5;30;26;VAL;97.9;0.077794;0.729998
cuda;48000;100;CrossEntropyLoss();689;1568;Tanh();0.1;0.5;30;27;TRAIN;100.0;0.001423;2.875252
cuda;12000;100;CrossEntropyLoss();689;1568;Tanh();0.1;0.5;30;27;VAL;97.9;0.077710;0.658953
cuda;48000;100;CrossEntropyLoss();689;1568;Tanh();0.1;0.5;30;28;TRAIN;100.0;0.001356;3.002109
cuda;12000;100;CrossEntropyLoss();689;1568;Tanh();0.1;0.5;30;28;VAL;98.0;0.078369;0.967818
cuda;48000;100;CrossEntropyLoss();689;1568;Tanh();0.1;0.5;30;29;TRAIN;100.0;0.001277;3.314617
cuda;12000;100;CrossEntropyLoss();689;1568;Tanh();0.1;0.5;30;29;VAL;98.0;0.078129;1.083962
cuda;48000;100;CrossEntropyLoss();689;1568;Tanh();0.1;0.5;30;30;TRAIN;100.0;0.001214;3.600832
cuda;12000;100;CrossEntropyLoss();689;1568;Tanh();0.1;0.5;30;30;VAL;97.9;0.078293;0.889325
cuda;48000;100;CrossEntropyLoss();689;1568;Tanh();0.1;0.9;30;1;TRAIN;88.1;0.800752;3.137260
cuda;12000;100;CrossEntropyLoss();689;1568;Tanh();0.1;0.9;30;1;VAL;91.5;0.754987;0.627198
cuda;48000;100;CrossEntropyLoss();689;1568;Tanh();0.1;0.9;30;2;TRAIN;93.6;0.543101;2.981627
cuda;12000;100;CrossEntropyLoss();689;1568;Tanh();0.1;0.9;30;2;VAL;93.1;0.625954;0.779075
cuda;48000;100;CrossEntropyLoss();689;1568;Tanh();0.1;0.9;30;3;TRAIN;94.9;0.428955;3.282248
cuda;12000;100;CrossEntropyLoss();689;1568;Tanh();0.1;0.9;30;3;VAL;93.7;0.670056;0.701827
cuda;48000;100;CrossEntropyLoss();689;1568;Tanh();0.1;0.9;30;4;TRAIN;95.3;0.409383;2.959049
cuda;12000;100;CrossEntropyLoss();689;1568;Tanh();0.1;0.9;30;4;VAL;95.5;0.409860;0.686971
cuda;48000;100;CrossEntropyLoss();689;1568;Tanh();0.1;0.9;30;5;TRAIN;96.1;0.318460;2.910044
cuda;12000;100;CrossEntropyLoss();689;1568;Tanh();0.1;0.9;30;5;VAL;94.6;0.522889;0.695065
cuda;48000;100;CrossEntropyLoss();689;1568;Tanh();0.1;0.9;30;6;TRAIN;96.3;0.302148;2.914118
cuda;12000;100;CrossEntropyLoss();689;1568;Tanh();0.1;0.9;30;6;VAL;95.6;0.450906;0.752608
cuda;48000;100;CrossEntropyLoss();689;1568;Tanh();0.1;0.9;30;7;TRAIN;96.4;0.301718;3.706620
cuda;12000;100;CrossEntropyLoss();689;1568;Tanh();0.1;0.9;30;7;VAL;96.2;0.396116;0.682857
cuda;48000;100;CrossEntropyLoss();689;1568;Tanh();0.1;0.9;30;8;TRAIN;96.7;0.269824;2.889679
cuda;12000;100;CrossEntropyLoss();689;1568;Tanh();0.1;0.9;30;8;VAL;95.4;0.510098;0.874364
cuda;48000;100;CrossEntropyLoss();689;1568;Tanh();0.1;0.9;30;9;TRAIN;96.7;0.291487;3.600175
cuda;12000;100;CrossEntropyLoss();689;1568;Tanh();0.1;0.9;30;9;VAL;96.1;0.423790;0.731069
cuda;48000;100;CrossEntropyLoss();689;1568;Tanh();0.1;0.9;30;10;TRAIN;97.1;0.235446;2.773520
cuda;12000;100;CrossEntropyLoss();689;1568;Tanh();0.1;0.9;30;10;VAL;95.3;0.568316;0.797282
cuda;48000;100;CrossEntropyLoss();689;1568;Tanh();0.1;0.9;30;11;TRAIN;97.3;0.224889;3.611770
cuda;12000;100;CrossEntropyLoss();689;1568;Tanh();0.1;0.9;30;11;VAL;96.5;0.378418;1.112423
cuda;48000;100;CrossEntropyLoss();689;1568;Tanh();0.1;0.9;30;12;TRAIN;97.3;0.211763;3.937678
cuda;12000;100;CrossEntropyLoss();689;1568;Tanh();0.1;0.9;30;12;VAL;95.4;0.549116;0.993328
cuda;48000;100;CrossEntropyLoss();689;1568;Tanh();0.1;0.9;30;13;TRAIN;97.4;0.218154;3.435035
cuda;12000;100;CrossEntropyLoss();689;1568;Tanh();0.1;0.9;30;13;VAL;95.9;0.543251;0.656487
cuda;48000;100;CrossEntropyLoss();689;1568;Tanh();0.1;0.9;30;14;TRAIN;97.9;0.166975;2.747596
cuda;12000;100;CrossEntropyLoss();689;1568;Tanh();0.1;0.9;30;14;VAL;96.5;0.404415;0.665539
cuda;48000;100;CrossEntropyLoss();689;1568;Tanh();0.1;0.9;30;15;TRAIN;97.6;0.193752;3.450047
cuda;12000;100;CrossEntropyLoss();689;1568;Tanh();0.1;0.9;30;15;VAL;96.3;0.458859;0.988453
cuda;48000;100;CrossEntropyLoss();689;1568;Tanh();0.1;0.9;30;16;TRAIN;98.0;0.153954;3.951293
cuda;12000;100;CrossEntropyLoss();689;1568;Tanh();0.1;0.9;30;16;VAL;96.2;0.467101;0.901111
cuda;48000;100;CrossEntropyLoss();689;1568;Tanh();0.1;0.9;30;17;TRAIN;98.1;0.157069;3.401033
cuda;12000;100;CrossEntropyLoss();689;1568;Tanh();0.1;0.9;30;17;VAL;96.6;0.476840;0.711599
cuda;48000;100;CrossEntropyLoss();689;1568;Tanh();0.1;0.9;30;18;TRAIN;98.1;0.153049;3.100281
cuda;12000;100;CrossEntropyLoss();689;1568;Tanh();0.1;0.9;30;18;VAL;96.6;0.424503;0.819915
cuda;48000;100;CrossEntropyLoss();689;1568;Tanh();0.1;0.9;30;19;TRAIN;98.2;0.142314;3.509030
cuda;12000;100;CrossEntropyLoss();689;1568;Tanh();0.1;0.9;30;19;VAL;96.5;0.462721;0.668828
cuda;48000;100;CrossEntropyLoss();689;1568;Tanh();0.1;0.9;30;20;TRAIN;98.1;0.143625;3.206815
cuda;12000;100;CrossEntropyLoss();689;1568;Tanh();0.1;0.9;30;20;VAL;95.8;0.533386;0.799717
cuda;48000;100;CrossEntropyLoss();689;1568;Tanh();0.1;0.9;30;21;TRAIN;98.1;0.144309;3.385623
cuda;12000;100;CrossEntropyLoss();689;1568;Tanh();0.1;0.9;30;21;VAL;96.9;0.433464;0.671449
cuda;48000;100;CrossEntropyLoss();689;1568;Tanh();0.1;0.9;30;22;TRAIN;98.2;0.142613;3.490507
cuda;12000;100;CrossEntropyLoss();689;1568;Tanh();0.1;0.9;30;22;VAL;95.6;0.578471;0.753955
cuda;48000;100;CrossEntropyLoss();689;1568;Tanh();0.1;0.9;30;23;TRAIN;98.4;0.127931;3.022233
cuda;12000;100;CrossEntropyLoss();689;1568;Tanh();0.1;0.9;30;23;VAL;96.7;0.419863;0.676493
cuda;48000;100;CrossEntropyLoss();689;1568;Tanh();0.1;0.9;30;24;TRAIN;98.3;0.136073;2.882122
cuda;12000;100;CrossEntropyLoss();689;1568;Tanh();0.1;0.9;30;24;VAL;96.6;0.418872;0.802506
cuda;48000;100;CrossEntropyLoss();689;1568;Tanh();0.1;0.9;30;25;TRAIN;98.4;0.121314;3.071969
cuda;12000;100;CrossEntropyLoss();689;1568;Tanh();0.1;0.9;30;25;VAL;96.0;0.498799;0.647553
cuda;48000;100;CrossEntropyLoss();689;1568;Tanh();0.1;0.9;30;26;TRAIN;98.5;0.115826;2.737070
cuda;12000;100;CrossEntropyLoss();689;1568;Tanh();0.1;0.9;30;26;VAL;96.9;0.409292;0.745829
cuda;48000;100;CrossEntropyLoss();689;1568;Tanh();0.1;0.9;30;27;TRAIN;98.6;0.111587;2.908471
cuda;12000;100;CrossEntropyLoss();689;1568;Tanh();0.1;0.9;30;27;VAL;95.9;0.623217;0.643444
cuda;48000;100;CrossEntropyLoss();689;1568;Tanh();0.1;0.9;30;28;TRAIN;98.5;0.124878;2.696482
cuda;12000;100;CrossEntropyLoss();689;1568;Tanh();0.1;0.9;30;28;VAL;96.8;0.458698;0.683066
cuda;48000;100;CrossEntropyLoss();689;1568;Tanh();0.1;0.9;30;29;TRAIN;98.6;0.115420;3.046969
cuda;12000;100;CrossEntropyLoss();689;1568;Tanh();0.1;0.9;30;29;VAL;96.2;0.520520;0.652151
cuda;48000;100;CrossEntropyLoss();689;1568;Tanh();0.1;0.9;30;30;TRAIN;98.6;0.112782;2.715583
cuda;12000;100;CrossEntropyLoss();689;1568;Tanh();0.1;0.9;30;30;VAL;96.8;0.427280;0.751309
cuda;48000;100;CrossEntropyLoss();689;7840;Tanh();0.001;0.1;30;1;TRAIN;81.1;0.850445;3.377693
cuda;12000;100;CrossEntropyLoss();689;7840;Tanh();0.001;0.1;30;1;VAL;87.1;0.540538;0.703631
cuda;48000;100;CrossEntropyLoss();689;7840;Tanh();0.001;0.1;30;2;TRAIN;87.8;0.477803;2.875655
cuda;12000;100;CrossEntropyLoss();689;7840;Tanh();0.001;0.1;30;2;VAL;88.6;0.440791;0.807981
cuda;48000;100;CrossEntropyLoss();689;7840;Tanh();0.001;0.1;30;3;TRAIN;88.9;0.413524;3.413732
cuda;12000;100;CrossEntropyLoss();689;7840;Tanh();0.001;0.1;30;3;VAL;89.2;0.400385;0.635969
cuda;48000;100;CrossEntropyLoss();689;7840;Tanh();0.001;0.1;30;4;TRAIN;89.6;0.381739;3.097185
cuda;12000;100;CrossEntropyLoss();689;7840;Tanh();0.001;0.1;30;4;VAL;89.6;0.377224;0.642785
cuda;48000;100;CrossEntropyLoss();689;7840;Tanh();0.001;0.1;30;5;TRAIN;90.0;0.361664;3.545767
cuda;12000;100;CrossEntropyLoss();689;7840;Tanh();0.001;0.1;30;5;VAL;90.0;0.362037;0.749290
cuda;48000;100;CrossEntropyLoss();689;7840;Tanh();0.001;0.1;30;6;TRAIN;90.3;0.347420;2.922567
cuda;12000;100;CrossEntropyLoss();689;7840;Tanh();0.001;0.1;30;6;VAL;90.3;0.350226;0.776709
cuda;48000;100;CrossEntropyLoss();689;7840;Tanh();0.001;0.1;30;7;TRAIN;90.5;0.336641;3.506431
cuda;12000;100;CrossEntropyLoss();689;7840;Tanh();0.001;0.1;30;7;VAL;90.4;0.341517;0.635406
cuda;48000;100;CrossEntropyLoss();689;7840;Tanh();0.001;0.1;30;8;TRAIN;90.7;0.327906;2.898951
cuda;12000;100;CrossEntropyLoss();689;7840;Tanh();0.001;0.1;30;8;VAL;90.6;0.334735;0.747735
cuda;48000;100;CrossEntropyLoss();689;7840;Tanh();0.001;0.1;30;9;TRAIN;90.9;0.320710;3.624680
cuda;12000;100;CrossEntropyLoss();689;7840;Tanh();0.001;0.1;30;9;VAL;90.7;0.328481;0.667723
cuda;48000;100;CrossEntropyLoss();689;7840;Tanh();0.001;0.1;30;10;TRAIN;91.1;0.314630;3.165104
cuda;12000;100;CrossEntropyLoss();689;7840;Tanh();0.001;0.1;30;10;VAL;90.8;0.323675;0.751611
cuda;48000;100;CrossEntropyLoss();689;7840;Tanh();0.001;0.1;30;11;TRAIN;91.2;0.309271;3.759430
cuda;12000;100;CrossEntropyLoss();689;7840;Tanh();0.001;0.1;30;11;VAL;90.9;0.319838;0.755236
cuda;48000;100;CrossEntropyLoss();689;7840;Tanh();0.001;0.1;30;12;TRAIN;91.4;0.304710;3.008691
cuda;12000;100;CrossEntropyLoss();689;7840;Tanh();0.001;0.1;30;12;VAL;91.1;0.315272;0.728283
cuda;48000;100;CrossEntropyLoss();689;7840;Tanh();0.001;0.1;30;13;TRAIN;91.5;0.300478;3.194818
cuda;12000;100;CrossEntropyLoss();689;7840;Tanh();0.001;0.1;30;13;VAL;91.2;0.311823;0.883955
cuda;48000;100;CrossEntropyLoss();689;7840;Tanh();0.001;0.1;30;14;TRAIN;91.6;0.296738;3.221119
cuda;12000;100;CrossEntropyLoss();689;7840;Tanh();0.001;0.1;30;14;VAL;91.2;0.309236;0.740263
cuda;48000;100;CrossEntropyLoss();689;7840;Tanh();0.001;0.1;30;15;TRAIN;91.7;0.293405;3.683038
cuda;12000;100;CrossEntropyLoss();689;7840;Tanh();0.001;0.1;30;15;VAL;91.4;0.306134;0.646500
cuda;48000;100;CrossEntropyLoss();689;7840;Tanh();0.001;0.1;30;16;TRAIN;91.8;0.290162;3.151027
cuda;12000;100;CrossEntropyLoss();689;7840;Tanh();0.001;0.1;30;16;VAL;91.4;0.303898;0.707459
cuda;48000;100;CrossEntropyLoss();689;7840;Tanh();0.001;0.1;30;17;TRAIN;91.9;0.287381;3.385115
cuda;12000;100;CrossEntropyLoss();689;7840;Tanh();0.001;0.1;30;17;VAL;91.5;0.301401;0.802844
cuda;48000;100;CrossEntropyLoss();689;7840;Tanh();0.001;0.1;30;18;TRAIN;91.9;0.284704;3.117643
cuda;12000;100;CrossEntropyLoss();689;7840;Tanh();0.001;0.1;30;18;VAL;91.5;0.299479;0.788013
cuda;48000;100;CrossEntropyLoss();689;7840;Tanh();0.001;0.1;30;19;TRAIN;92.0;0.282147;3.291978
cuda;12000;100;CrossEntropyLoss();689;7840;Tanh();0.001;0.1;30;19;VAL;91.6;0.297467;0.835998
cuda;48000;100;CrossEntropyLoss();689;7840;Tanh();0.001;0.1;30;20;TRAIN;92.1;0.279826;2.973531
cuda;12000;100;CrossEntropyLoss();689;7840;Tanh();0.001;0.1;30;20;VAL;91.6;0.295714;0.804273
cuda;48000;100;CrossEntropyLoss();689;7840;Tanh();0.001;0.1;30;21;TRAIN;92.2;0.277613;3.745058
cuda;12000;100;CrossEntropyLoss();689;7840;Tanh();0.001;0.1;30;21;VAL;91.8;0.293882;0.781977
cuda;48000;100;CrossEntropyLoss();689;7840;Tanh();0.001;0.1;30;22;TRAIN;92.2;0.275465;3.177360
cuda;12000;100;CrossEntropyLoss();689;7840;Tanh();0.001;0.1;30;22;VAL;91.8;0.292338;0.708487
cuda;48000;100;CrossEntropyLoss();689;7840;Tanh();0.001;0.1;30;23;TRAIN;92.3;0.273439;3.302526
cuda;12000;100;CrossEntropyLoss();689;7840;Tanh();0.001;0.1;30;23;VAL;91.8;0.290643;0.626541
cuda;48000;100;CrossEntropyLoss();689;7840;Tanh();0.001;0.1;30;24;TRAIN;92.3;0.271506;2.933983
cuda;12000;100;CrossEntropyLoss();689;7840;Tanh();0.001;0.1;30;24;VAL;91.9;0.289149;0.799165
cuda;48000;100;CrossEntropyLoss();689;7840;Tanh();0.001;0.1;30;25;TRAIN;92.4;0.269804;3.359915
cuda;12000;100;CrossEntropyLoss();689;7840;Tanh();0.001;0.1;30;25;VAL;92.0;0.288049;0.926261
cuda;48000;100;CrossEntropyLoss();689;7840;Tanh();0.001;0.1;30;26;TRAIN;92.4;0.268041;3.832299
cuda;12000;100;CrossEntropyLoss();689;7840;Tanh();0.001;0.1;30;26;VAL;92.0;0.286463;0.876479
cuda;48000;100;CrossEntropyLoss();689;7840;Tanh();0.001;0.1;30;27;TRAIN;92.5;0.266383;3.589648
cuda;12000;100;CrossEntropyLoss();689;7840;Tanh();0.001;0.1;30;27;VAL;92.0;0.285278;0.650666
cuda;48000;100;CrossEntropyLoss();689;7840;Tanh();0.001;0.1;30;28;TRAIN;92.5;0.264754;2.872714
cuda;12000;100;CrossEntropyLoss();689;7840;Tanh();0.001;0.1;30;28;VAL;92.1;0.284136;0.684379
cuda;48000;100;CrossEntropyLoss();689;7840;Tanh();0.001;0.1;30;29;TRAIN;92.6;0.263089;3.370150
cuda;12000;100;CrossEntropyLoss();689;7840;Tanh();0.001;0.1;30;29;VAL;92.0;0.282984;0.694247
cuda;48000;100;CrossEntropyLoss();689;7840;Tanh();0.001;0.1;30;30;TRAIN;92.6;0.261676;3.015241
cuda;12000;100;CrossEntropyLoss();689;7840;Tanh();0.001;0.1;30;30;VAL;92.2;0.281733;0.860058
cuda;48000;100;CrossEntropyLoss();689;7840;Tanh();0.001;0.5;30;1;TRAIN;84.0;0.695502;3.807931
cuda;12000;100;CrossEntropyLoss();689;7840;Tanh();0.001;0.5;30;1;VAL;88.4;0.452965;0.644729
cuda;48000;100;CrossEntropyLoss();689;7840;Tanh();0.001;0.5;30;2;TRAIN;89.1;0.407578;2.697708
cuda;12000;100;CrossEntropyLoss();689;7840;Tanh();0.001;0.5;30;2;VAL;89.3;0.386325;0.638440
cuda;48000;100;CrossEntropyLoss();689;7840;Tanh();0.001;0.5;30;3;TRAIN;90.0;0.362908;3.288947
cuda;12000;100;CrossEntropyLoss();689;7840;Tanh();0.001;0.5;30;3;VAL;90.0;0.358360;0.783535
cuda;48000;100;CrossEntropyLoss();689;7840;Tanh();0.001;0.5;30;4;TRAIN;90.4;0.339670;3.232535
cuda;12000;100;CrossEntropyLoss();689;7840;Tanh();0.001;0.5;30;4;VAL;90.4;0.341903;1.031595
cuda;48000;100;CrossEntropyLoss();689;7840;Tanh();0.001;0.5;30;5;TRAIN;90.8;0.324772;4.566215
cuda;12000;100;CrossEntropyLoss();689;7840;Tanh();0.001;0.5;30;5;VAL;90.6;0.329825;0.790503
cuda;48000;100;CrossEntropyLoss();689;7840;Tanh();0.001;0.5;30;6;TRAIN;91.1;0.313597;3.413129
cuda;12000;100;CrossEntropyLoss();689;7840;Tanh();0.001;0.5;30;6;VAL;90.9;0.321540;0.862776
cuda;48000;100;CrossEntropyLoss();689;7840;Tanh();0.001;0.5;30;7;TRAIN;91.3;0.305075;3.812743
cuda;12000;100;CrossEntropyLoss();689;7840;Tanh();0.001;0.5;30;7;VAL;91.0;0.314769;0.718691
cuda;48000;100;CrossEntropyLoss();689;7840;Tanh();0.001;0.5;30;8;TRAIN;91.5;0.298078;3.021028
cuda;12000;100;CrossEntropyLoss();689;7840;Tanh();0.001;0.5;30;8;VAL;91.2;0.309451;0.798174
cuda;48000;100;CrossEntropyLoss();689;7840;Tanh();0.001;0.5;30;9;TRAIN;91.7;0.292128;2.890261
cuda;12000;100;CrossEntropyLoss();689;7840;Tanh();0.001;0.5;30;9;VAL;91.3;0.304904;0.681712
cuda;48000;100;CrossEntropyLoss();689;7840;Tanh();0.001;0.5;30;10;TRAIN;91.8;0.287094;3.019868
cuda;12000;100;CrossEntropyLoss();689;7840;Tanh();0.001;0.5;30;10;VAL;91.6;0.300933;0.914006
cuda;48000;100;CrossEntropyLoss();689;7840;Tanh();0.001;0.5;30;11;TRAIN;92.0;0.282541;3.176376
cuda;12000;100;CrossEntropyLoss();689;7840;Tanh();0.001;0.5;30;11;VAL;91.7;0.297731;0.708375
cuda;48000;100;CrossEntropyLoss();689;7840;Tanh();0.001;0.5;30;12;TRAIN;92.1;0.278458;3.839510
cuda;12000;100;CrossEntropyLoss();689;7840;Tanh();0.001;0.5;30;12;VAL;91.8;0.294741;0.921677
cuda;48000;100;CrossEntropyLoss();689;7840;Tanh();0.001;0.5;30;13;TRAIN;92.2;0.274773;3.197368
cuda;12000;100;CrossEntropyLoss();689;7840;Tanh();0.001;0.5;30;13;VAL;91.9;0.292044;0.726657
cuda;48000;100;CrossEntropyLoss();689;7840;Tanh();0.001;0.5;30;14;TRAIN;92.3;0.271393;3.505986
cuda;12000;100;CrossEntropyLoss();689;7840;Tanh();0.001;0.5;30;14;VAL;92.0;0.289048;0.847550
cuda;48000;100;CrossEntropyLoss();689;7840;Tanh();0.001;0.5;30;15;TRAIN;92.5;0.268317;3.064454
cuda;12000;100;CrossEntropyLoss();689;7840;Tanh();0.001;0.5;30;15;VAL;92.0;0.286731;0.640256
cuda;48000;100;CrossEntropyLoss();689;7840;Tanh();0.001;0.5;30;16;TRAIN;92.6;0.265345;3.468427
cuda;12000;100;CrossEntropyLoss();689;7840;Tanh();0.001;0.5;30;16;VAL;92.0;0.284798;0.827002
cuda;48000;100;CrossEntropyLoss();689;7840;Tanh();0.001;0.5;30;17;TRAIN;92.6;0.262713;3.350073
cuda;12000;100;CrossEntropyLoss();689;7840;Tanh();0.001;0.5;30;17;VAL;92.2;0.282740;0.709108
cuda;48000;100;CrossEntropyLoss();689;7840;Tanh();0.001;0.5;30;18;TRAIN;92.7;0.260018;3.545710
cuda;12000;100;CrossEntropyLoss();689;7840;Tanh();0.001;0.5;30;18;VAL;92.2;0.280987;0.788487
cuda;48000;100;CrossEntropyLoss();689;7840;Tanh();0.001;0.5;30;19;TRAIN;92.8;0.257667;3.204232
cuda;12000;100;CrossEntropyLoss();689;7840;Tanh();0.001;0.5;30;19;VAL;92.3;0.279006;0.605261
cuda;48000;100;CrossEntropyLoss();689;7840;Tanh();0.001;0.5;30;20;TRAIN;92.8;0.255211;2.527231
cuda;12000;100;CrossEntropyLoss();689;7840;Tanh();0.001;0.5;30;20;VAL;92.3;0.277237;0.661135
cuda;48000;100;CrossEntropyLoss();689;7840;Tanh();0.001;0.5;30;21;TRAIN;92.9;0.252911;2.448447
cuda;12000;100;CrossEntropyLoss();689;7840;Tanh();0.001;0.5;30;21;VAL;92.4;0.275693;0.599674
cuda;48000;100;CrossEntropyLoss();689;7840;Tanh();0.001;0.5;30;22;TRAIN;93.0;0.250709;2.383087
cuda;12000;100;CrossEntropyLoss();689;7840;Tanh();0.001;0.5;30;22;VAL;92.4;0.274210;0.657905
cuda;48000;100;CrossEntropyLoss();689;7840;Tanh();0.001;0.5;30;23;TRAIN;93.0;0.248685;2.605498
cuda;12000;100;CrossEntropyLoss();689;7840;Tanh();0.001;0.5;30;23;VAL;92.4;0.272300;0.596694
cuda;48000;100;CrossEntropyLoss();689;7840;Tanh();0.001;0.5;30;24;TRAIN;93.1;0.246589;2.365138
cuda;12000;100;CrossEntropyLoss();689;7840;Tanh();0.001;0.5;30;24;VAL;92.6;0.270951;0.587533
cuda;48000;100;CrossEntropyLoss();689;7840;Tanh();0.001;0.5;30;25;TRAIN;93.2;0.244531;2.704540
cuda;12000;100;CrossEntropyLoss();689;7840;Tanh();0.001;0.5;30;25;VAL;92.6;0.268946;0.580588
cuda;48000;100;CrossEntropyLoss();689;7840;Tanh();0.001;0.5;30;26;TRAIN;93.2;0.242667;2.444857
cuda;12000;100;CrossEntropyLoss();689;7840;Tanh();0.001;0.5;30;26;VAL;92.7;0.267609;0.567131
cuda;48000;100;CrossEntropyLoss();689;7840;Tanh();0.001;0.5;30;27;TRAIN;93.3;0.240694;2.666822
cuda;12000;100;CrossEntropyLoss();689;7840;Tanh();0.001;0.5;30;27;VAL;92.7;0.266376;0.630813
cuda;48000;100;CrossEntropyLoss();689;7840;Tanh();0.001;0.5;30;28;TRAIN;93.3;0.238884;2.376502
cuda;12000;100;CrossEntropyLoss();689;7840;Tanh();0.001;0.5;30;28;VAL;92.8;0.264753;0.586906
cuda;48000;100;CrossEntropyLoss();689;7840;Tanh();0.001;0.5;30;29;TRAIN;93.4;0.237007;2.465909
cuda;12000;100;CrossEntropyLoss();689;7840;Tanh();0.001;0.5;30;29;VAL;92.8;0.263752;0.680091
cuda;48000;100;CrossEntropyLoss();689;7840;Tanh();0.001;0.5;30;30;TRAIN;93.5;0.235235;2.460844
cuda;12000;100;CrossEntropyLoss();689;7840;Tanh();0.001;0.5;30;30;VAL;92.8;0.262383;0.582653
cuda;48000;100;CrossEntropyLoss();689;7840;Tanh();0.001;0.9;30;1;TRAIN;87.4;0.445866;2.393771
cuda;12000;100;CrossEntropyLoss();689;7840;Tanh();0.001;0.9;30;1;VAL;90.6;0.333168;0.688276
cuda;48000;100;CrossEntropyLoss();689;7840;Tanh();0.001;0.9;30;2;TRAIN;91.2;0.305730;2.590741
cuda;12000;100;CrossEntropyLoss();689;7840;Tanh();0.001;0.9;30;2;VAL;91.5;0.302053;0.628913
cuda;48000;100;CrossEntropyLoss();689;7840;Tanh();0.001;0.9;30;3;TRAIN;92.0;0.281577;2.359136
cuda;12000;100;CrossEntropyLoss();689;7840;Tanh();0.001;0.9;30;3;VAL;91.8;0.288736;0.576085
cuda;48000;100;CrossEntropyLoss();689;7840;Tanh();0.001;0.9;30;4;TRAIN;92.5;0.266247;2.722571
cuda;12000;100;CrossEntropyLoss();689;7840;Tanh();0.001;0.9;30;4;VAL;92.2;0.278136;0.598742
cuda;48000;100;CrossEntropyLoss();689;7840;Tanh();0.001;0.9;30;5;TRAIN;92.8;0.254974;2.368749
cuda;12000;100;CrossEntropyLoss();689;7840;Tanh();0.001;0.9;30;5;VAL;92.5;0.270104;0.576702
cuda;48000;100;CrossEntropyLoss();689;7840;Tanh();0.001;0.9;30;6;TRAIN;93.1;0.245157;2.692403
cuda;12000;100;CrossEntropyLoss();689;7840;Tanh();0.001;0.9;30;6;VAL;92.8;0.264396;0.657589
cuda;48000;100;CrossEntropyLoss();689;7840;Tanh();0.001;0.9;30;7;TRAIN;93.4;0.236626;2.340105
cuda;12000;100;CrossEntropyLoss();689;7840;Tanh();0.001;0.9;30;7;VAL;92.7;0.259151;0.568884
cuda;48000;100;CrossEntropyLoss();689;7840;Tanh();0.001;0.9;30;8;TRAIN;93.6;0.228157;2.491450
cuda;12000;100;CrossEntropyLoss();689;7840;Tanh();0.001;0.9;30;8;VAL;93.0;0.251619;0.679425
cuda;48000;100;CrossEntropyLoss();689;7840;Tanh();0.001;0.9;30;9;TRAIN;93.8;0.219950;2.500228
cuda;12000;100;CrossEntropyLoss();689;7840;Tanh();0.001;0.9;30;9;VAL;93.1;0.248349;0.579877
cuda;48000;100;CrossEntropyLoss();689;7840;Tanh();0.001;0.9;30;10;TRAIN;94.1;0.212621;2.386479
cuda;12000;100;CrossEntropyLoss();689;7840;Tanh();0.001;0.9;30;10;VAL;93.4;0.241104;0.602851
cuda;48000;100;CrossEntropyLoss();689;7840;Tanh();0.001;0.9;30;11;TRAIN;94.3;0.205260;2.646031
cuda;12000;100;CrossEntropyLoss();689;7840;Tanh();0.001;0.9;30;11;VAL;93.4;0.235777;0.609203
cuda;48000;100;CrossEntropyLoss();689;7840;Tanh();0.001;0.9;30;12;TRAIN;94.6;0.197836;2.361287
cuda;12000;100;CrossEntropyLoss();689;7840;Tanh();0.001;0.9;30;12;VAL;93.7;0.228634;0.594255
cuda;48000;100;CrossEntropyLoss();689;7840;Tanh();0.001;0.9;30;13;TRAIN;94.8;0.190864;2.674271
cuda;12000;100;CrossEntropyLoss();689;7840;Tanh();0.001;0.9;30;13;VAL;93.8;0.223635;0.608487
cuda;48000;100;CrossEntropyLoss();689;7840;Tanh();0.001;0.9;30;14;TRAIN;95.0;0.184075;2.387795
cuda;12000;100;CrossEntropyLoss();689;7840;Tanh();0.001;0.9;30;14;VAL;93.9;0.220031;0.597072
cuda;48000;100;CrossEntropyLoss();689;7840;Tanh();0.001;0.9;30;15;TRAIN;95.2;0.177889;2.606805
cuda;12000;100;CrossEntropyLoss();689;7840;Tanh();0.001;0.9;30;15;VAL;94.1;0.212097;0.701183
cuda;48000;100;CrossEntropyLoss();689;7840;Tanh();0.001;0.9;30;16;TRAIN;95.3;0.171319;2.363884
cuda;12000;100;CrossEntropyLoss();689;7840;Tanh();0.001;0.9;30;16;VAL;94.2;0.207451;0.591825
cuda;48000;100;CrossEntropyLoss();689;7840;Tanh();0.001;0.9;30;17;TRAIN;95.6;0.164979;2.385202
cuda;12000;100;CrossEntropyLoss();689;7840;Tanh();0.001;0.9;30;17;VAL;94.2;0.203483;0.698712
cuda;48000;100;CrossEntropyLoss();689;7840;Tanh();0.001;0.9;30;18;TRAIN;95.7;0.158993;2.539162
cuda;12000;100;CrossEntropyLoss();689;7840;Tanh();0.001;0.9;30;18;VAL;94.3;0.198824;0.578437
cuda;48000;100;CrossEntropyLoss();689;7840;Tanh();0.001;0.9;30;19;TRAIN;95.9;0.153749;2.340819
cuda;12000;100;CrossEntropyLoss();689;7840;Tanh();0.001;0.9;30;19;VAL;94.4;0.193006;0.585620
cuda;48000;100;CrossEntropyLoss();689;7840;Tanh();0.001;0.9;30;20;TRAIN;96.1;0.147991;2.688209
cuda;12000;100;CrossEntropyLoss();689;7840;Tanh();0.001;0.9;30;20;VAL;94.5;0.189637;0.591878
cuda;48000;100;CrossEntropyLoss();689;7840;Tanh();0.001;0.9;30;21;TRAIN;96.2;0.142959;2.395893
cuda;12000;100;CrossEntropyLoss();689;7840;Tanh();0.001;0.9;30;21;VAL;94.6;0.185578;0.577129
cuda;48000;100;CrossEntropyLoss();689;7840;Tanh();0.001;0.9;30;22;TRAIN;96.3;0.137922;2.643304
cuda;12000;100;CrossEntropyLoss();689;7840;Tanh();0.001;0.9;30;22;VAL;94.8;0.181225;0.652113
cuda;48000;100;CrossEntropyLoss();689;7840;Tanh();0.001;0.9;30;23;TRAIN;96.4;0.133150;2.381832
cuda;12000;100;CrossEntropyLoss();689;7840;Tanh();0.001;0.9;30;23;VAL;94.9;0.177431;0.565185
cuda;48000;100;CrossEntropyLoss();689;7840;Tanh();0.001;0.9;30;24;TRAIN;96.6;0.128740;2.479688
cuda;12000;100;CrossEntropyLoss();689;7840;Tanh();0.001;0.9;30;24;VAL;94.9;0.176741;0.668062
cuda;48000;100;CrossEntropyLoss();689;7840;Tanh();0.001;0.9;30;25;TRAIN;96.7;0.124532;2.542251
cuda;12000;100;CrossEntropyLoss();689;7840;Tanh();0.001;0.9;30;25;VAL;95.1;0.169489;0.595898
cuda;48000;100;CrossEntropyLoss();689;7840;Tanh();0.001;0.9;30;26;TRAIN;96.9;0.120456;2.363920
cuda;12000;100;CrossEntropyLoss();689;7840;Tanh();0.001;0.9;30;26;VAL;95.0;0.166036;0.667754
cuda;48000;100;CrossEntropyLoss();689;7840;Tanh();0.001;0.9;30;27;TRAIN;97.0;0.116437;2.580103
cuda;12000;100;CrossEntropyLoss();689;7840;Tanh();0.001;0.9;30;27;VAL;95.2;0.164026;0.574751
cuda;48000;100;CrossEntropyLoss();689;7840;Tanh();0.001;0.9;30;28;TRAIN;97.1;0.112672;2.404654
cuda;12000;100;CrossEntropyLoss();689;7840;Tanh();0.001;0.9;30;28;VAL;95.3;0.159954;0.601843
cuda;48000;100;CrossEntropyLoss();689;7840;Tanh();0.001;0.9;30;29;TRAIN;97.2;0.109333;2.692527
cuda;12000;100;CrossEntropyLoss();689;7840;Tanh();0.001;0.9;30;29;VAL;95.3;0.159115;0.563805
cuda;48000;100;CrossEntropyLoss();689;7840;Tanh();0.001;0.9;30;30;TRAIN;97.3;0.105600;2.387518
cuda;12000;100;CrossEntropyLoss();689;7840;Tanh();0.001;0.9;30;30;VAL;95.5;0.156843;0.569888
cuda;48000;100;CrossEntropyLoss();689;7840;Tanh();0.01;0.1;30;1;TRAIN;88.4;0.424882;2.600299
cuda;12000;100;CrossEntropyLoss();689;7840;Tanh();0.01;0.1;30;1;VAL;90.5;0.327106;0.630730
cuda;48000;100;CrossEntropyLoss();689;7840;Tanh();0.01;0.1;30;2;TRAIN;91.5;0.300659;2.356395
cuda;12000;100;CrossEntropyLoss();689;7840;Tanh();0.01;0.1;30;2;VAL;91.5;0.296682;0.607601
cuda;48000;100;CrossEntropyLoss();689;7840;Tanh();0.01;0.1;30;3;TRAIN;92.1;0.277121;2.475290
cuda;12000;100;CrossEntropyLoss();689;7840;Tanh();0.01;0.1;30;3;VAL;91.8;0.286315;0.669252
cuda;48000;100;CrossEntropyLoss();689;7840;Tanh();0.01;0.1;30;4;TRAIN;92.5;0.261958;2.451692
cuda;12000;100;CrossEntropyLoss();689;7840;Tanh();0.01;0.1;30;4;VAL;92.0;0.281643;0.574057
cuda;48000;100;CrossEntropyLoss();689;7840;Tanh();0.01;0.1;30;5;TRAIN;93.0;0.250722;2.528233
cuda;12000;100;CrossEntropyLoss();689;7840;Tanh();0.01;0.1;30;5;VAL;92.5;0.268828;0.666497
cuda;48000;100;CrossEntropyLoss();689;7840;Tanh();0.01;0.1;30;6;TRAIN;93.3;0.240624;2.626428
cuda;12000;100;CrossEntropyLoss();689;7840;Tanh();0.01;0.1;30;6;VAL;92.8;0.260881;0.572910
cuda;48000;100;CrossEntropyLoss();689;7840;Tanh();0.01;0.1;30;7;TRAIN;93.5;0.230458;2.389635
cuda;12000;100;CrossEntropyLoss();689;7840;Tanh();0.01;0.1;30;7;VAL;93.0;0.253435;0.588809
cuda;48000;100;CrossEntropyLoss();689;7840;Tanh();0.01;0.1;30;8;TRAIN;93.9;0.222004;2.721798
cuda;12000;100;CrossEntropyLoss();689;7840;Tanh();0.01;0.1;30;8;VAL;92.9;0.249453;0.580449
cuda;48000;100;CrossEntropyLoss();689;7840;Tanh();0.01;0.1;30;9;TRAIN;94.1;0.213164;2.361301
cuda;12000;100;CrossEntropyLoss();689;7840;Tanh();0.01;0.1;30;9;VAL;93.2;0.240709;0.595210
cuda;48000;100;CrossEntropyLoss();689;7840;Tanh();0.01;0.1;30;10;TRAIN;94.4;0.205267;2.712042
cuda;12000;100;CrossEntropyLoss();689;7840;Tanh();0.01;0.1;30;10;VAL;93.6;0.233053;0.674481
cuda;48000;100;CrossEntropyLoss();689;7840;Tanh();0.01;0.1;30;11;TRAIN;94.6;0.197236;2.398123
cuda;12000;100;CrossEntropyLoss();689;7840;Tanh();0.01;0.1;30;11;VAL;93.6;0.225860;0.584488
cuda;48000;100;CrossEntropyLoss();689;7840;Tanh();0.01;0.1;30;12;TRAIN;94.9;0.189678;2.447933
cuda;12000;100;CrossEntropyLoss();689;7840;Tanh();0.01;0.1;30;12;VAL;93.7;0.221896;0.677103
cuda;48000;100;CrossEntropyLoss();689;7840;Tanh();0.01;0.1;30;13;TRAIN;95.0;0.181839;2.477750
cuda;12000;100;CrossEntropyLoss();689;7840;Tanh();0.01;0.1;30;13;VAL;93.9;0.217495;0.591260
cuda;48000;100;CrossEntropyLoss();689;7840;Tanh();0.01;0.1;30;14;TRAIN;95.2;0.175050;2.386227
cuda;12000;100;CrossEntropyLoss();689;7840;Tanh();0.01;0.1;30;14;VAL;94.1;0.211392;0.651059
cuda;48000;100;CrossEntropyLoss();689;7840;Tanh();0.01;0.1;30;15;TRAIN;95.5;0.167887;2.642080
cuda;12000;100;CrossEntropyLoss();689;7840;Tanh();0.01;0.1;30;15;VAL;94.2;0.203082;0.596247
cuda;48000;100;CrossEntropyLoss();689;7840;Tanh();0.01;0.1;30;16;TRAIN;95.6;0.161310;2.378835
cuda;12000;100;CrossEntropyLoss();689;7840;Tanh();0.01;0.1;30;16;VAL;94.3;0.198966;0.591634
cuda;48000;100;CrossEntropyLoss();689;7840;Tanh();0.01;0.1;30;17;TRAIN;95.9;0.154630;2.719184
cuda;12000;100;CrossEntropyLoss();689;7840;Tanh();0.01;0.1;30;17;VAL;94.4;0.193432;0.587202
cuda;48000;100;CrossEntropyLoss();689;7840;Tanh();0.01;0.1;30;18;TRAIN;96.0;0.149001;2.405079
cuda;12000;100;CrossEntropyLoss();689;7840;Tanh();0.01;0.1;30;18;VAL;94.6;0.187789;0.583398
cuda;48000;100;CrossEntropyLoss();689;7840;Tanh();0.01;0.1;30;19;TRAIN;96.2;0.143133;2.608534
cuda;12000;100;CrossEntropyLoss();689;7840;Tanh();0.01;0.1;30;19;VAL;94.5;0.186713;0.629138
cuda;48000;100;CrossEntropyLoss();689;7840;Tanh();0.01;0.1;30;20;TRAIN;96.4;0.137675;2.409299
cuda;12000;100;CrossEntropyLoss();689;7840;Tanh();0.01;0.1;30;20;VAL;94.7;0.179738;0.598507
cuda;48000;100;CrossEntropyLoss();689;7840;Tanh();0.01;0.1;30;21;TRAIN;96.5;0.132470;2.424222
cuda;12000;100;CrossEntropyLoss();689;7840;Tanh();0.01;0.1;30;21;VAL;94.9;0.175552;0.682504
cuda;48000;100;CrossEntropyLoss();689;7840;Tanh();0.01;0.1;30;22;TRAIN;96.6;0.127645;2.509072
cuda;12000;100;CrossEntropyLoss();689;7840;Tanh();0.01;0.1;30;22;VAL;95.0;0.170910;0.599193
cuda;48000;100;CrossEntropyLoss();689;7840;Tanh();0.01;0.1;30;23;TRAIN;96.7;0.123157;2.353149
cuda;12000;100;CrossEntropyLoss();689;7840;Tanh();0.01;0.1;30;23;VAL;95.0;0.167900;0.593035
cuda;48000;100;CrossEntropyLoss();689;7840;Tanh();0.01;0.1;30;24;TRAIN;97.0;0.118626;2.811402
cuda;12000;100;CrossEntropyLoss();689;7840;Tanh();0.01;0.1;30;24;VAL;95.2;0.163750;0.598975
cuda;48000;100;CrossEntropyLoss();689;7840;Tanh();0.01;0.1;30;25;TRAIN;97.0;0.114520;2.382484
cuda;12000;100;CrossEntropyLoss();689;7840;Tanh();0.01;0.1;30;25;VAL;95.3;0.162339;0.598635
cuda;48000;100;CrossEntropyLoss();689;7840;Tanh();0.01;0.1;30;26;TRAIN;97.2;0.110272;2.764796
cuda;12000;100;CrossEntropyLoss();689;7840;Tanh();0.01;0.1;30;26;VAL;95.3;0.158902;0.582017
cuda;48000;100;CrossEntropyLoss();689;7840;Tanh();0.01;0.1;30;27;TRAIN;97.3;0.106447;2.346985
cuda;12000;100;CrossEntropyLoss();689;7840;Tanh();0.01;0.1;30;27;VAL;95.3;0.155947;0.581204
cuda;48000;100;CrossEntropyLoss();689;7840;Tanh();0.01;0.1;30;28;TRAIN;97.3;0.102770;2.487497
cuda;12000;100;CrossEntropyLoss();689;7840;Tanh();0.01;0.1;30;28;VAL;95.5;0.151544;0.665738
cuda;48000;100;CrossEntropyLoss();689;7840;Tanh();0.01;0.1;30;29;TRAIN;97.4;0.099626;2.444979
cuda;12000;100;CrossEntropyLoss();689;7840;Tanh();0.01;0.1;30;29;VAL;95.6;0.148541;0.588364
cuda;48000;100;CrossEntropyLoss();689;7840;Tanh();0.01;0.1;30;30;TRAIN;97.5;0.096132;2.368293
cuda;12000;100;CrossEntropyLoss();689;7840;Tanh();0.01;0.1;30;30;VAL;95.5;0.149504;0.750399
cuda;48000;100;CrossEntropyLoss();689;7840;Tanh();0.01;0.5;30;1;TRAIN;89.3;0.379521;2.626793
cuda;12000;100;CrossEntropyLoss();689;7840;Tanh();0.01;0.5;30;1;VAL;91.0;0.310841;0.572372
cuda;48000;100;CrossEntropyLoss();689;7840;Tanh();0.01;0.5;30;2;TRAIN;91.9;0.280921;2.355807
cuda;12000;100;CrossEntropyLoss();689;7840;Tanh();0.01;0.5;30;2;VAL;91.9;0.285130;0.573056
cuda;48000;100;CrossEntropyLoss();689;7840;Tanh();0.01;0.5;30;3;TRAIN;92.7;0.257093;2.671867
cuda;12000;100;CrossEntropyLoss();689;7840;Tanh();0.01;0.5;30;3;VAL;92.4;0.267806;0.568490
cuda;48000;100;CrossEntropyLoss();689;7840;Tanh();0.01;0.5;30;4;TRAIN;93.3;0.239021;2.467444
cuda;12000;100;CrossEntropyLoss();689;7840;Tanh();0.01;0.5;30;4;VAL;93.0;0.255829;0.588332
cuda;48000;100;CrossEntropyLoss();689;7840;Tanh();0.01;0.5;30;5;TRAIN;93.8;0.223166;2.611720
cuda;12000;100;CrossEntropyLoss();689;7840;Tanh();0.01;0.5;30;5;VAL;93.3;0.242160;0.633699
cuda;48000;100;CrossEntropyLoss();689;7840;Tanh();0.01;0.5;30;6;TRAIN;94.2;0.207957;2.384795
cuda;12000;100;CrossEntropyLoss();689;7840;Tanh();0.01;0.5;30;6;VAL;93.6;0.231650;0.605429
cuda;48000;100;CrossEntropyLoss();689;7840;Tanh();0.01;0.5;30;7;TRAIN;94.6;0.193389;2.549284
cuda;12000;100;CrossEntropyLoss();689;7840;Tanh();0.01;0.5;30;7;VAL;93.6;0.223126;0.673895
cuda;48000;100;CrossEntropyLoss();689;7840;Tanh();0.01;0.5;30;8;TRAIN;94.9;0.180727;2.517902
cuda;12000;100;CrossEntropyLoss();689;7840;Tanh();0.01;0.5;30;8;VAL;94.0;0.212288;0.593101
cuda;48000;100;CrossEntropyLoss();689;7840;Tanh();0.01;0.5;30;9;TRAIN;95.4;0.168226;2.503564
cuda;12000;100;CrossEntropyLoss();689;7840;Tanh();0.01;0.5;30;9;VAL;94.3;0.201055;0.690909
cuda;48000;100;CrossEntropyLoss();689;7840;Tanh();0.01;0.5;30;10;TRAIN;95.7;0.156478;2.574499
cuda;12000;100;CrossEntropyLoss();689;7840;Tanh();0.01;0.5;30;10;VAL;94.6;0.188095;0.572503
cuda;48000;100;CrossEntropyLoss();689;7840;Tanh();0.01;0.5;30;11;TRAIN;96.0;0.145489;2.369024
cuda;12000;100;CrossEntropyLoss();689;7840;Tanh();0.01;0.5;30;11;VAL;94.7;0.182735;0.576173
cuda;48000;100;CrossEntropyLoss();689;7840;Tanh();0.01;0.5;30;12;TRAIN;96.3;0.135600;2.832394
cuda;12000;100;CrossEntropyLoss();689;7840;Tanh();0.01;0.5;30;12;VAL;94.8;0.179084;0.605663
cuda;48000;100;CrossEntropyLoss();689;7840;Tanh();0.01;0.5;30;13;TRAIN;96.6;0.126908;2.461983
cuda;12000;100;CrossEntropyLoss();689;7840;Tanh();0.01;0.5;30;13;VAL;95.1;0.168269;0.597179
cuda;48000;100;CrossEntropyLoss();689;7840;Tanh();0.01;0.5;30;14;TRAIN;96.8;0.118993;2.644976
cuda;12000;100;CrossEntropyLoss();689;7840;Tanh();0.01;0.5;30;14;VAL;95.2;0.163245;0.631084
cuda;48000;100;CrossEntropyLoss();689;7840;Tanh();0.01;0.5;30;15;TRAIN;97.0;0.111446;2.369820
cuda;12000;100;CrossEntropyLoss();689;7840;Tanh();0.01;0.5;30;15;VAL;95.3;0.159242;0.599977
cuda;48000;100;CrossEntropyLoss();689;7840;Tanh();0.01;0.5;30;16;TRAIN;97.2;0.105050;2.498238
cuda;12000;100;CrossEntropyLoss();689;7840;Tanh();0.01;0.5;30;16;VAL;95.6;0.149195;0.684940
cuda;48000;100;CrossEntropyLoss();689;7840;Tanh();0.01;0.5;30;17;TRAIN;97.3;0.098917;2.461665
cuda;12000;100;CrossEntropyLoss();689;7840;Tanh();0.01;0.5;30;17;VAL;95.6;0.144949;0.583851
cuda;48000;100;CrossEntropyLoss();689;7840;Tanh();0.01;0.5;30;18;TRAIN;97.5;0.093256;2.390409
cuda;12000;100;CrossEntropyLoss();689;7840;Tanh();0.01;0.5;30;18;VAL;95.8;0.142505;0.692845
cuda;48000;100;CrossEntropyLoss();689;7840;Tanh();0.01;0.5;30;19;TRAIN;97.7;0.088372;2.627867
cuda;12000;100;CrossEntropyLoss();689;7840;Tanh();0.01;0.5;30;19;VAL;95.8;0.139233;0.595846
cuda;48000;100;CrossEntropyLoss();689;7840;Tanh();0.01;0.5;30;20;TRAIN;97.8;0.083619;2.379660
cuda;12000;100;CrossEntropyLoss();689;7840;Tanh();0.01;0.5;30;20;VAL;96.0;0.131970;0.599378
cuda;48000;100;CrossEntropyLoss();689;7840;Tanh();0.01;0.5;30;21;TRAIN;98.0;0.079087;2.713113
cuda;12000;100;CrossEntropyLoss();689;7840;Tanh();0.01;0.5;30;21;VAL;96.0;0.132522;0.596651
cuda;48000;100;CrossEntropyLoss();689;7840;Tanh();0.01;0.5;30;22;TRAIN;98.1;0.075379;2.365527
cuda;12000;100;CrossEntropyLoss();689;7840;Tanh();0.01;0.5;30;22;VAL;96.2;0.130392;0.571307
cuda;48000;100;CrossEntropyLoss();689;7840;Tanh();0.01;0.5;30;23;TRAIN;98.2;0.071685;2.696035
cuda;12000;100;CrossEntropyLoss();689;7840;Tanh();0.01;0.5;30;23;VAL;96.3;0.124535;0.651852
cuda;48000;100;CrossEntropyLoss();689;7840;Tanh();0.01;0.5;30;24;TRAIN;98.3;0.068050;2.362435
cuda;12000;100;CrossEntropyLoss();689;7840;Tanh();0.01;0.5;30;24;VAL;96.2;0.124554;0.603186
cuda;48000;100;CrossEntropyLoss();689;7840;Tanh();0.01;0.5;30;25;TRAIN;98.4;0.064869;2.447387
cuda;12000;100;CrossEntropyLoss();689;7840;Tanh();0.01;0.5;30;25;VAL;96.2;0.121521;0.670244
cuda;48000;100;CrossEntropyLoss();689;7840;Tanh();0.01;0.5;30;26;TRAIN;98.5;0.061951;2.509561
cuda;12000;100;CrossEntropyLoss();689;7840;Tanh();0.01;0.5;30;26;VAL;96.4;0.117183;0.577099
cuda;48000;100;CrossEntropyLoss();689;7840;Tanh();0.01;0.5;30;27;TRAIN;98.5;0.058742;2.379626
cuda;12000;100;CrossEntropyLoss();689;7840;Tanh();0.01;0.5;30;27;VAL;96.5;0.115945;0.628424
cuda;48000;100;CrossEntropyLoss();689;7840;Tanh();0.01;0.5;30;28;TRAIN;98.6;0.056319;2.625120
cuda;12000;100;CrossEntropyLoss();689;7840;Tanh();0.01;0.5;30;28;VAL;96.5;0.113735;0.574495
cuda;48000;100;CrossEntropyLoss();689;7840;Tanh();0.01;0.5;30;29;TRAIN;98.7;0.053948;2.372141
cuda;12000;100;CrossEntropyLoss();689;7840;Tanh();0.01;0.5;30;29;VAL;96.5;0.116798;0.588110
cuda;48000;100;CrossEntropyLoss();689;7840;Tanh();0.01;0.5;30;30;TRAIN;98.8;0.051449;2.691967
cuda;12000;100;CrossEntropyLoss();689;7840;Tanh();0.01;0.5;30;30;VAL;96.5;0.111887;0.583370
cuda;48000;100;CrossEntropyLoss();689;7840;Tanh();0.01;0.9;30;1;TRAIN;89.7;0.356794;2.475621
cuda;12000;100;CrossEntropyLoss();689;7840;Tanh();0.01;0.9;30;1;VAL;90.0;0.336830;0.588829
cuda;48000;100;CrossEntropyLoss();689;7840;Tanh();0.01;0.9;30;2;TRAIN;92.9;0.246844;2.841498
cuda;12000;100;CrossEntropyLoss();689;7840;Tanh();0.01;0.9;30;2;VAL;93.0;0.236876;0.793473
cuda;48000;100;CrossEntropyLoss();689;7840;Tanh();0.01;0.9;30;3;TRAIN;94.6;0.185387;2.348020
cuda;12000;100;CrossEntropyLoss();689;7840;Tanh();0.01;0.9;30;3;VAL;94.4;0.195196;0.596888
cuda;48000;100;CrossEntropyLoss();689;7840;Tanh();0.01;0.9;30;4;TRAIN;96.0;0.137850;2.460222
cuda;12000;100;CrossEntropyLoss();689;7840;Tanh();0.01;0.9;30;4;VAL;94.6;0.174222;0.680316
cuda;48000;100;CrossEntropyLoss();689;7840;Tanh();0.01;0.9;30;5;TRAIN;96.7;0.108721;2.463253
cuda;12000;100;CrossEntropyLoss();689;7840;Tanh();0.01;0.9;30;5;VAL;95.8;0.146895;0.578007
cuda;48000;100;CrossEntropyLoss();689;7840;Tanh();0.01;0.9;30;6;TRAIN;97.4;0.087639;2.371838
cuda;12000;100;CrossEntropyLoss();689;7840;Tanh();0.01;0.9;30;6;VAL;96.3;0.124612;0.609904
cuda;48000;100;CrossEntropyLoss();689;7840;Tanh();0.01;0.9;30;7;TRAIN;97.9;0.069663;2.656288
cuda;12000;100;CrossEntropyLoss();689;7840;Tanh();0.01;0.9;30;7;VAL;96.3;0.129331;0.612017
cuda;48000;100;CrossEntropyLoss();689;7840;Tanh();0.01;0.9;30;8;TRAIN;98.2;0.058739;2.411608
cuda;12000;100;CrossEntropyLoss();689;7840;Tanh();0.01;0.9;30;8;VAL;96.4;0.117478;0.589259
cuda;48000;100;CrossEntropyLoss();689;7840;Tanh();0.01;0.9;30;9;TRAIN;98.5;0.049419;2.736693
cuda;12000;100;CrossEntropyLoss();689;7840;Tanh();0.01;0.9;30;9;VAL;96.8;0.108295;0.597275
cuda;48000;100;CrossEntropyLoss();689;7840;Tanh();0.01;0.9;30;10;TRAIN;98.8;0.040275;2.350046
cuda;12000;100;CrossEntropyLoss();689;7840;Tanh();0.01;0.9;30;10;VAL;97.1;0.101805;0.584671
cuda;48000;100;CrossEntropyLoss();689;7840;Tanh();0.01;0.9;30;11;TRAIN;99.0;0.033611;2.566677
cuda;12000;100;CrossEntropyLoss();689;7840;Tanh();0.01;0.9;30;11;VAL;97.1;0.095198;0.638509
cuda;48000;100;CrossEntropyLoss();689;7840;Tanh();0.01;0.9;30;12;TRAIN;99.3;0.026592;2.482392
cuda;12000;100;CrossEntropyLoss();689;7840;Tanh();0.01;0.9;30;12;VAL;97.1;0.099454;0.583267
cuda;48000;100;CrossEntropyLoss();689;7840;Tanh();0.01;0.9;30;13;TRAIN;99.4;0.023332;2.391875
cuda;12000;100;CrossEntropyLoss();689;7840;Tanh();0.01;0.9;30;13;VAL;97.0;0.101266;0.701630
cuda;48000;100;CrossEntropyLoss();689;7840;Tanh();0.01;0.9;30;14;TRAIN;99.6;0.018534;2.500784
cuda;12000;100;CrossEntropyLoss();689;7840;Tanh();0.01;0.9;30;14;VAL;97.4;0.087242;0.566892
cuda;48000;100;CrossEntropyLoss();689;7840;Tanh();0.01;0.9;30;15;TRAIN;99.7;0.015875;2.362973
cuda;12000;100;CrossEntropyLoss();689;7840;Tanh();0.01;0.9;30;15;VAL;97.5;0.089967;0.611053
cuda;48000;100;CrossEntropyLoss();689;7840;Tanh();0.01;0.9;30;16;TRAIN;99.8;0.013447;2.682016
cuda;12000;100;CrossEntropyLoss();689;7840;Tanh();0.01;0.9;30;16;VAL;97.4;0.089647;0.593361
cuda;48000;100;CrossEntropyLoss();689;7840;Tanh();0.01;0.9;30;17;TRAIN;99.8;0.011883;2.350453
cuda;12000;100;CrossEntropyLoss();689;7840;Tanh();0.01;0.9;30;17;VAL;97.3;0.092845;0.576989
cuda;48000;100;CrossEntropyLoss();689;7840;Tanh();0.01;0.9;30;18;TRAIN;99.9;0.010078;2.669082
cuda;12000;100;CrossEntropyLoss();689;7840;Tanh();0.01;0.9;30;18;VAL;97.5;0.087408;0.632903
cuda;48000;100;CrossEntropyLoss();689;7840;Tanh();0.01;0.9;30;19;TRAIN;99.9;0.008515;2.359974
cuda;12000;100;CrossEntropyLoss();689;7840;Tanh();0.01;0.9;30;19;VAL;97.5;0.090078;0.573425
cuda;48000;100;CrossEntropyLoss();689;7840;Tanh();0.01;0.9;30;20;TRAIN;99.9;0.007659;2.489743
cuda;12000;100;CrossEntropyLoss();689;7840;Tanh();0.01;0.9;30;20;VAL;97.4;0.087154;0.664617
cuda;48000;100;CrossEntropyLoss();689;7840;Tanh();0.01;0.9;30;21;TRAIN;99.9;0.006832;2.503828
cuda;12000;100;CrossEntropyLoss();689;7840;Tanh();0.01;0.9;30;21;VAL;97.5;0.087921;0.597569
cuda;48000;100;CrossEntropyLoss();689;7840;Tanh();0.01;0.9;30;22;TRAIN;100.0;0.006099;2.437493
cuda;12000;100;CrossEntropyLoss();689;7840;Tanh();0.01;0.9;30;22;VAL;97.6;0.086178;0.672370
cuda;48000;100;CrossEntropyLoss();689;7840;Tanh();0.01;0.9;30;23;TRAIN;100.0;0.005282;2.604788
cuda;12000;100;CrossEntropyLoss();689;7840;Tanh();0.01;0.9;30;23;VAL;97.6;0.090210;0.570884
cuda;48000;100;CrossEntropyLoss();689;7840;Tanh();0.01;0.9;30;24;TRAIN;100.0;0.004807;2.367039
cuda;12000;100;CrossEntropyLoss();689;7840;Tanh();0.01;0.9;30;24;VAL;97.7;0.083381;0.574175
cuda;48000;100;CrossEntropyLoss();689;7840;Tanh();0.01;0.9;30;25;TRAIN;100.0;0.004472;2.725936
cuda;12000;100;CrossEntropyLoss();689;7840;Tanh();0.01;0.9;30;25;VAL;97.6;0.084773;0.585274
cuda;48000;100;CrossEntropyLoss();689;7840;Tanh();0.01;0.9;30;26;TRAIN;100.0;0.004038;2.405534
cuda;12000;100;CrossEntropyLoss();689;7840;Tanh();0.01;0.9;30;26;VAL;97.7;0.085402;0.603414
cuda;48000;100;CrossEntropyLoss();689;7840;Tanh();0.01;0.9;30;27;TRAIN;100.0;0.003717;2.587630
cuda;12000;100;CrossEntropyLoss();689;7840;Tanh();0.01;0.9;30;27;VAL;97.7;0.084724;0.640060
cuda;48000;100;CrossEntropyLoss();689;7840;Tanh();0.01;0.9;30;28;TRAIN;100.0;0.003472;2.421161
cuda;12000;100;CrossEntropyLoss();689;7840;Tanh();0.01;0.9;30;28;VAL;97.6;0.084872;0.599030
cuda;48000;100;CrossEntropyLoss();689;7840;Tanh();0.01;0.9;30;29;TRAIN;100.0;0.003282;2.454789
cuda;12000;100;CrossEntropyLoss();689;7840;Tanh();0.01;0.9;30;29;VAL;97.6;0.085428;0.681569
cuda;48000;100;CrossEntropyLoss();689;7840;Tanh();0.01;0.9;30;30;TRAIN;100.0;0.003063;2.480647
cuda;12000;100;CrossEntropyLoss();689;7840;Tanh();0.01;0.9;30;30;VAL;97.6;0.084880;0.579544
cuda;48000;100;CrossEntropyLoss();689;7840;Tanh();0.1;0.1;30;1;TRAIN;89.3;0.382746;2.412532
cuda;12000;100;CrossEntropyLoss();689;7840;Tanh();0.1;0.1;30;1;VAL;91.0;0.311146;0.666153
cuda;48000;100;CrossEntropyLoss();689;7840;Tanh();0.1;0.1;30;2;TRAIN;92.4;0.266480;2.632675
cuda;12000;100;CrossEntropyLoss();689;7840;Tanh();0.1;0.1;30;2;VAL;92.2;0.274266;0.584352
cuda;48000;100;CrossEntropyLoss();689;7840;Tanh();0.1;0.1;30;3;TRAIN;94.1;0.200672;2.340518
cuda;12000;100;CrossEntropyLoss();689;7840;Tanh();0.1;0.1;30;3;VAL;94.1;0.208235;0.571178
cuda;48000;100;CrossEntropyLoss();689;7840;Tanh();0.1;0.1;30;4;TRAIN;95.5;0.149501;2.751264
cuda;12000;100;CrossEntropyLoss();689;7840;Tanh();0.1;0.1;30;4;VAL;94.6;0.181729;0.627171
cuda;48000;100;CrossEntropyLoss();689;7840;Tanh();0.1;0.1;30;5;TRAIN;96.4;0.118165;2.338620
cuda;12000;100;CrossEntropyLoss();689;7840;Tanh();0.1;0.1;30;5;VAL;95.8;0.148747;0.593646
cuda;48000;100;CrossEntropyLoss();689;7840;Tanh();0.1;0.1;30;6;TRAIN;97.2;0.091760;2.596974
cuda;12000;100;CrossEntropyLoss();689;7840;Tanh();0.1;0.1;30;6;VAL;95.8;0.143779;0.654498
cuda;48000;100;CrossEntropyLoss();689;7840;Tanh();0.1;0.1;30;7;TRAIN;97.7;0.073406;2.398466
cuda;12000;100;CrossEntropyLoss();689;7840;Tanh();0.1;0.1;30;7;VAL;96.1;0.130135;0.566981
cuda;48000;100;CrossEntropyLoss();689;7840;Tanh();0.1;0.1;30;8;TRAIN;98.2;0.058883;2.437617
cuda;12000;100;CrossEntropyLoss();689;7840;Tanh();0.1;0.1;30;8;VAL;96.7;0.112658;0.696688
cuda;48000;100;CrossEntropyLoss();689;7840;Tanh();0.1;0.1;30;9;TRAIN;98.6;0.048040;2.496880
cuda;12000;100;CrossEntropyLoss();689;7840;Tanh();0.1;0.1;30;9;VAL;96.9;0.106714;0.587949
cuda;48000;100;CrossEntropyLoss();689;7840;Tanh();0.1;0.1;30;10;TRAIN;98.8;0.038556;2.378416
cuda;12000;100;CrossEntropyLoss();689;7840;Tanh();0.1;0.1;30;10;VAL;96.8;0.107363;0.576752
cuda;48000;100;CrossEntropyLoss();689;7840;Tanh();0.1;0.1;30;11;TRAIN;99.1;0.031558;2.760529
cuda;12000;100;CrossEntropyLoss();689;7840;Tanh();0.1;0.1;30;11;VAL;97.1;0.096331;0.595285
cuda;48000;100;CrossEntropyLoss();689;7840;Tanh();0.1;0.1;30;12;TRAIN;99.3;0.025834;2.412378
cuda;12000;100;CrossEntropyLoss();689;7840;Tanh();0.1;0.1;30;12;VAL;97.1;0.096156;0.566836
cuda;48000;100;CrossEntropyLoss();689;7840;Tanh();0.1;0.1;30;13;TRAIN;99.5;0.020608;2.717984
cuda;12000;100;CrossEntropyLoss();689;7840;Tanh();0.1;0.1;30;13;VAL;97.1;0.096284;0.570939
cuda;48000;100;CrossEntropyLoss();689;7840;Tanh();0.1;0.1;30;14;TRAIN;99.6;0.017818;2.360051
cuda;12000;100;CrossEntropyLoss();689;7840;Tanh();0.1;0.1;30;14;VAL;97.3;0.093025;0.570877
cuda;48000;100;CrossEntropyLoss();689;7840;Tanh();0.1;0.1;30;15;TRAIN;99.7;0.014112;2.564014
cuda;12000;100;CrossEntropyLoss();689;7840;Tanh();0.1;0.1;30;15;VAL;97.4;0.089297;0.636119
cuda;48000;100;CrossEntropyLoss();689;7840;Tanh();0.1;0.1;30;16;TRAIN;99.8;0.011874;2.419322
cuda;12000;100;CrossEntropyLoss();689;7840;Tanh();0.1;0.1;30;16;VAL;97.4;0.089860;0.582076
cuda;48000;100;CrossEntropyLoss();689;7840;Tanh();0.1;0.1;30;17;TRAIN;99.9;0.010149;2.416068
cuda;12000;100;CrossEntropyLoss();689;7840;Tanh();0.1;0.1;30;17;VAL;97.5;0.087574;0.679896
cuda;48000;100;CrossEntropyLoss();689;7840;Tanh();0.1;0.1;30;18;TRAIN;99.9;0.008372;2.565201
cuda;12000;100;CrossEntropyLoss();689;7840;Tanh();0.1;0.1;30;18;VAL;97.4;0.091240;0.608959
cuda;48000;100;CrossEntropyLoss();689;7840;Tanh();0.1;0.1;30;19;TRAIN;99.9;0.007411;2.358599
cuda;12000;100;CrossEntropyLoss();689;7840;Tanh();0.1;0.1;30;19;VAL;97.5;0.087437;0.601279
cuda;48000;100;CrossEntropyLoss();689;7840;Tanh();0.1;0.1;30;20;TRAIN;100.0;0.006337;2.681363
cuda;12000;100;CrossEntropyLoss();689;7840;Tanh();0.1;0.1;30;20;VAL;97.5;0.090320;0.575141
cuda;48000;100;CrossEntropyLoss();689;7840;Tanh();0.1;0.1;30;21;TRAIN;100.0;0.005900;2.455733
cuda;12000;100;CrossEntropyLoss();689;7840;Tanh();0.1;0.1;30;21;VAL;97.5;0.088674;0.575153
cuda;48000;100;CrossEntropyLoss();689;7840;Tanh();0.1;0.1;30;22;TRAIN;100.0;0.005101;2.649234
cuda;12000;100;CrossEntropyLoss();689;7840;Tanh();0.1;0.1;30;22;VAL;97.5;0.087485;0.646651
cuda;48000;100;CrossEntropyLoss();689;7840;Tanh();0.1;0.1;30;23;TRAIN;100.0;0.004672;2.361389
cuda;12000;100;CrossEntropyLoss();689;7840;Tanh();0.1;0.1;30;23;VAL;97.5;0.088141;0.574081
cuda;48000;100;CrossEntropyLoss();689;7840;Tanh();0.1;0.1;30;24;TRAIN;100.0;0.004289;2.493622
cuda;12000;100;CrossEntropyLoss();689;7840;Tanh();0.1;0.1;30;24;VAL;97.6;0.086354;0.709457
cuda;48000;100;CrossEntropyLoss();689;7840;Tanh();0.1;0.1;30;25;TRAIN;100.0;0.003767;2.588606
cuda;12000;100;CrossEntropyLoss();689;7840;Tanh();0.1;0.1;30;25;VAL;97.5;0.087007;0.654959
cuda;48000;100;CrossEntropyLoss();689;7840;Tanh();0.1;0.1;30;26;TRAIN;100.0;0.003571;2.403637
cuda;12000;100;CrossEntropyLoss();689;7840;Tanh();0.1;0.1;30;26;VAL;97.6;0.085884;0.686038
cuda;48000;100;CrossEntropyLoss();689;7840;Tanh();0.1;0.1;30;27;TRAIN;100.0;0.003277;2.595684
cuda;12000;100;CrossEntropyLoss();689;7840;Tanh();0.1;0.1;30;27;VAL;97.7;0.086667;0.570022
cuda;48000;100;CrossEntropyLoss();689;7840;Tanh();0.1;0.1;30;28;TRAIN;100.0;0.003078;2.369073
cuda;12000;100;CrossEntropyLoss();689;7840;Tanh();0.1;0.1;30;28;VAL;97.7;0.085670;0.574390
cuda;48000;100;CrossEntropyLoss();689;7840;Tanh();0.1;0.1;30;29;TRAIN;100.0;0.002866;2.699603
cuda;12000;100;CrossEntropyLoss();689;7840;Tanh();0.1;0.1;30;29;VAL;97.7;0.087875;0.565967
cuda;48000;100;CrossEntropyLoss();689;7840;Tanh();0.1;0.1;30;30;TRAIN;100.0;0.002742;2.417570
cuda;12000;100;CrossEntropyLoss();689;7840;Tanh();0.1;0.1;30;30;VAL;97.7;0.088641;0.606667
cuda;48000;100;CrossEntropyLoss();689;7840;Tanh();0.1;0.5;30;1;TRAIN;88.5;0.437545;2.643975
cuda;12000;100;CrossEntropyLoss();689;7840;Tanh();0.1;0.5;30;1;VAL;91.3;0.325268;0.646439
cuda;48000;100;CrossEntropyLoss();689;7840;Tanh();0.1;0.5;30;2;TRAIN;92.2;0.278336;2.363188
cuda;12000;100;CrossEntropyLoss();689;7840;Tanh();0.1;0.5;30;2;VAL;94.1;0.226854;0.578087
cuda;48000;100;CrossEntropyLoss();689;7840;Tanh();0.1;0.5;30;3;TRAIN;95.0;0.174662;2.468961
cuda;12000;100;CrossEntropyLoss();689;7840;Tanh();0.1;0.5;30;3;VAL;94.8;0.185358;0.674262
cuda;48000;100;CrossEntropyLoss();689;7840;Tanh();0.1;0.5;30;4;TRAIN;96.3;0.122985;2.456072
cuda;12000;100;CrossEntropyLoss();689;7840;Tanh();0.1;0.5;30;4;VAL;95.6;0.160709;0.575480
cuda;48000;100;CrossEntropyLoss();689;7840;Tanh();0.1;0.5;30;5;TRAIN;97.3;0.088957;2.374559
cuda;12000;100;CrossEntropyLoss();689;7840;Tanh();0.1;0.5;30;5;VAL;96.2;0.141723;0.596610
cuda;48000;100;CrossEntropyLoss();689;7840;Tanh();0.1;0.5;30;6;TRAIN;98.0;0.064180;2.670040
cuda;12000;100;CrossEntropyLoss();689;7840;Tanh();0.1;0.5;30;6;VAL;96.6;0.118091;0.598709
cuda;48000;100;CrossEntropyLoss();689;7840;Tanh();0.1;0.5;30;7;TRAIN;98.4;0.048000;2.383940
cuda;12000;100;CrossEntropyLoss();689;7840;Tanh();0.1;0.5;30;7;VAL;96.4;0.128404;0.581825
cuda;48000;100;CrossEntropyLoss();689;7840;Tanh();0.1;0.5;30;8;TRAIN;98.9;0.035189;2.725431
cuda;12000;100;CrossEntropyLoss();689;7840;Tanh();0.1;0.5;30;8;VAL;97.1;0.107120;0.611235
cuda;48000;100;CrossEntropyLoss();689;7840;Tanh();0.1;0.5;30;9;TRAIN;99.2;0.024522;2.345157
cuda;12000;100;CrossEntropyLoss();689;7840;Tanh();0.1;0.5;30;9;VAL;96.7;0.117474;0.577105
cuda;48000;100;CrossEntropyLoss();689;7840;Tanh();0.1;0.5;30;10;TRAIN;99.6;0.016126;2.624218
cuda;12000;100;CrossEntropyLoss();689;7840;Tanh();0.1;0.5;30;10;VAL;97.4;0.093710;0.660132
cuda;48000;100;CrossEntropyLoss();689;7840;Tanh();0.1;0.5;30;11;TRAIN;99.7;0.011216;2.395456
cuda;12000;100;CrossEntropyLoss();689;7840;Tanh();0.1;0.5;30;11;VAL;97.4;0.095084;0.599996
cuda;48000;100;CrossEntropyLoss();689;7840;Tanh();0.1;0.5;30;12;TRAIN;99.8;0.007860;2.405491
cuda;12000;100;CrossEntropyLoss();689;7840;Tanh();0.1;0.5;30;12;VAL;97.5;0.088934;0.690024
cuda;48000;100;CrossEntropyLoss();689;7840;Tanh();0.1;0.5;30;13;TRAIN;99.9;0.005255;2.545937
cuda;12000;100;CrossEntropyLoss();689;7840;Tanh();0.1;0.5;30;13;VAL;97.7;0.082638;0.590385
cuda;48000;100;CrossEntropyLoss();689;7840;Tanh();0.1;0.5;30;14;TRAIN;100.0;0.004204;2.386224
cuda;12000;100;CrossEntropyLoss();689;7840;Tanh();0.1;0.5;30;14;VAL;97.8;0.081555;0.592466
cuda;48000;100;CrossEntropyLoss();689;7840;Tanh();0.1;0.5;30;15;TRAIN;100.0;0.003310;2.676116
cuda;12000;100;CrossEntropyLoss();689;7840;Tanh();0.1;0.5;30;15;VAL;97.6;0.084864;0.582451
cuda;48000;100;CrossEntropyLoss();689;7840;Tanh();0.1;0.5;30;16;TRAIN;100.0;0.002682;2.398373
cuda;12000;100;CrossEntropyLoss();689;7840;Tanh();0.1;0.5;30;16;VAL;97.8;0.081812;0.607671
cuda;48000;100;CrossEntropyLoss();689;7840;Tanh();0.1;0.5;30;17;TRAIN;100.0;0.002265;2.646798
cuda;12000;100;CrossEntropyLoss();689;7840;Tanh();0.1;0.5;30;17;VAL;97.7;0.082802;0.602812
cuda;48000;100;CrossEntropyLoss();689;7840;Tanh();0.1;0.5;30;18;TRAIN;100.0;0.001979;2.392231
cuda;12000;100;CrossEntropyLoss();689;7840;Tanh();0.1;0.5;30;18;VAL;97.8;0.081694;0.574782
cuda;48000;100;CrossEntropyLoss();689;7840;Tanh();0.1;0.5;30;19;TRAIN;100.0;0.001812;2.579970
cuda;12000;100;CrossEntropyLoss();689;7840;Tanh();0.1;0.5;30;19;VAL;97.8;0.081840;0.686335
cuda;48000;100;CrossEntropyLoss();689;7840;Tanh();0.1;0.5;30;20;TRAIN;100.0;0.001673;2.464619
cuda;12000;100;CrossEntropyLoss();689;7840;Tanh();0.1;0.5;30;20;VAL;97.8;0.082735;0.587257
cuda;48000;100;CrossEntropyLoss();689;7840;Tanh();0.1;0.5;30;21;TRAIN;100.0;0.001599;2.372603
cuda;12000;100;CrossEntropyLoss();689;7840;Tanh();0.1;0.5;30;21;VAL;97.8;0.082677;0.687758
cuda;48000;100;CrossEntropyLoss();689;7840;Tanh();0.1;0.5;30;22;TRAIN;100.0;0.001446;2.604358
cuda;12000;100;CrossEntropyLoss();689;7840;Tanh();0.1;0.5;30;22;VAL;97.8;0.082517;0.576707
cuda;48000;100;CrossEntropyLoss();689;7840;Tanh();0.1;0.5;30;23;TRAIN;100.0;0.001322;2.489608
cuda;12000;100;CrossEntropyLoss();689;7840;Tanh();0.1;0.5;30;23;VAL;97.8;0.083501;0.711264
cuda;48000;100;CrossEntropyLoss();689;7840;Tanh();0.1;0.5;30;24;TRAIN;100.0;0.001276;3.825365
cuda;12000;100;CrossEntropyLoss();689;7840;Tanh();0.1;0.5;30;24;VAL;97.8;0.083611;0.623745
cuda;48000;100;CrossEntropyLoss();689;7840;Tanh();0.1;0.5;30;25;TRAIN;100.0;0.001190;2.688180
cuda;12000;100;CrossEntropyLoss();689;7840;Tanh();0.1;0.5;30;25;VAL;97.8;0.083032;0.575998
cuda;48000;100;CrossEntropyLoss();689;7840;Tanh();0.1;0.5;30;26;TRAIN;100.0;0.001129;3.683646
cuda;12000;100;CrossEntropyLoss();689;7840;Tanh();0.1;0.5;30;26;VAL;97.8;0.083492;0.646709
cuda;48000;100;CrossEntropyLoss();689;7840;Tanh();0.1;0.5;30;27;TRAIN;100.0;0.001075;2.452832
cuda;12000;100;CrossEntropyLoss();689;7840;Tanh();0.1;0.5;30;27;VAL;97.8;0.083764;0.572205
cuda;48000;100;CrossEntropyLoss();689;7840;Tanh();0.1;0.5;30;28;TRAIN;100.0;0.001041;3.697044
cuda;12000;100;CrossEntropyLoss();689;7840;Tanh();0.1;0.5;30;28;VAL;97.8;0.083231;0.643101
cuda;48000;100;CrossEntropyLoss();689;7840;Tanh();0.1;0.5;30;29;TRAIN;100.0;0.000984;3.180836
cuda;12000;100;CrossEntropyLoss();689;7840;Tanh();0.1;0.5;30;29;VAL;97.8;0.084077;0.658326
cuda;48000;100;CrossEntropyLoss();689;7840;Tanh();0.1;0.5;30;30;TRAIN;100.0;0.000944;2.811130
cuda;12000;100;CrossEntropyLoss();689;7840;Tanh();0.1;0.5;30;30;VAL;97.8;0.084172;0.578883
cuda;48000;100;CrossEntropyLoss();689;7840;Tanh();0.1;0.9;30;1;TRAIN;86.1;4.377714;2.325533
cuda;12000;100;CrossEntropyLoss();689;7840;Tanh();0.1;0.9;30;1;VAL;88.3;5.513918;0.567178
cuda;48000;100;CrossEntropyLoss();689;7840;Tanh();0.1;0.9;30;2;TRAIN;92.6;3.097681;2.580104
cuda;12000;100;CrossEntropyLoss();689;7840;Tanh();0.1;0.9;30;2;VAL;91.7;4.397451;0.674296
cuda;48000;100;CrossEntropyLoss();689;7840;Tanh();0.1;0.9;30;3;TRAIN;94.2;2.311062;2.343035
cuda;12000;100;CrossEntropyLoss();689;7840;Tanh();0.1;0.9;30;3;VAL;93.1;3.278140;0.589420
cuda;48000;100;CrossEntropyLoss();689;7840;Tanh();0.1;0.9;30;4;TRAIN;94.9;2.091557;2.423053
cuda;12000;100;CrossEntropyLoss();689;7840;Tanh();0.1;0.9;30;4;VAL;95.0;2.335940;0.675304
cuda;48000;100;CrossEntropyLoss();689;7840;Tanh();0.1;0.9;30;5;TRAIN;95.1;1.991868;2.512778
cuda;12000;100;CrossEntropyLoss();689;7840;Tanh();0.1;0.9;30;5;VAL;92.7;4.236226;0.565231
cuda;48000;100;CrossEntropyLoss();689;7840;Tanh();0.1;0.9;30;6;TRAIN;95.8;1.794171;2.339071
cuda;12000;100;CrossEntropyLoss();689;7840;Tanh();0.1;0.9;30;6;VAL;95.1;2.357357;0.594999
cuda;48000;100;CrossEntropyLoss();689;7840;Tanh();0.1;0.9;30;7;TRAIN;96.1;1.501847;2.714623
cuda;12000;100;CrossEntropyLoss();689;7840;Tanh();0.1;0.9;30;7;VAL;93.6;2.998147;0.612180
cuda;48000;100;CrossEntropyLoss();689;7840;Tanh();0.1;0.9;30;8;TRAIN;96.3;1.447304;2.380155
cuda;12000;100;CrossEntropyLoss();689;7840;Tanh();0.1;0.9;30;8;VAL;95.6;2.123819;0.581593
cuda;48000;100;CrossEntropyLoss();689;7840;Tanh();0.1;0.9;30;9;TRAIN;96.2;1.466866;2.661409
cuda;12000;100;CrossEntropyLoss();689;7840;Tanh();0.1;0.9;30;9;VAL;95.4;2.331997;0.573796
cuda;48000;100;CrossEntropyLoss();689;7840;Tanh();0.1;0.9;30;10;TRAIN;96.7;1.271959;2.374193
cuda;12000;100;CrossEntropyLoss();689;7840;Tanh();0.1;0.9;30;10;VAL;93.6;2.970840;0.587794
cuda;48000;100;CrossEntropyLoss();689;7840;Tanh();0.1;0.9;30;11;TRAIN;96.8;1.233241;2.567145
cuda;12000;100;CrossEntropyLoss();689;7840;Tanh();0.1;0.9;30;11;VAL;95.1;2.230201;0.643319
cuda;48000;100;CrossEntropyLoss();689;7840;Tanh();0.1;0.9;30;12;TRAIN;97.0;1.075116;2.424613
cuda;12000;100;CrossEntropyLoss();689;7840;Tanh();0.1;0.9;30;12;VAL;95.0;2.936413;0.570667
cuda;48000;100;CrossEntropyLoss();689;7840;Tanh();0.1;0.9;30;13;TRAIN;97.2;1.035381;2.384470
cuda;12000;100;CrossEntropyLoss();689;7840;Tanh();0.1;0.9;30;13;VAL;95.9;1.975004;0.637220
cuda;48000;100;CrossEntropyLoss();689;7840;Tanh();0.1;0.9;30;14;TRAIN;97.2;1.006256;2.636583
cuda;12000;100;CrossEntropyLoss();689;7840;Tanh();0.1;0.9;30;14;VAL;95.8;2.188980;0.571963
cuda;48000;100;CrossEntropyLoss();689;7840;Tanh();0.1;0.9;30;15;TRAIN;97.2;0.974457;2.373262
cuda;12000;100;CrossEntropyLoss();689;7840;Tanh();0.1;0.9;30;15;VAL;96.3;1.950547;0.574031
cuda;48000;100;CrossEntropyLoss();689;7840;Tanh();0.1;0.9;30;16;TRAIN;97.3;0.948293;2.715568
cuda;12000;100;CrossEntropyLoss();689;7840;Tanh();0.1;0.9;30;16;VAL;94.3;2.890060;0.629396
cuda;48000;100;CrossEntropyLoss();689;7840;Tanh();0.1;0.9;30;17;TRAIN;97.6;0.826538;2.466752
cuda;12000;100;CrossEntropyLoss();689;7840;Tanh();0.1;0.9;30;17;VAL;95.4;2.625592;0.588396
cuda;48000;100;CrossEntropyLoss();689;7840;Tanh();0.1;0.9;30;18;TRAIN;97.3;0.946977;2.654924
cuda;12000;100;CrossEntropyLoss();689;7840;Tanh();0.1;0.9;30;18;VAL;96.0;2.041356;0.655673
cuda;48000;100;CrossEntropyLoss();689;7840;Tanh();0.1;0.9;30;19;TRAIN;97.5;0.938068;2.363551
cuda;12000;100;CrossEntropyLoss();689;7840;Tanh();0.1;0.9;30;19;VAL;97.1;1.535982;0.599810
cuda;48000;100;CrossEntropyLoss();689;7840;Tanh();0.1;0.9;30;20;TRAIN;97.5;0.940038;2.460653
cuda;12000;100;CrossEntropyLoss();689;7840;Tanh();0.1;0.9;30;20;VAL;94.6;3.169225;0.677881
cuda;48000;100;CrossEntropyLoss();689;7840;Tanh();0.1;0.9;30;21;TRAIN;97.7;0.824485;2.496690
cuda;12000;100;CrossEntropyLoss();689;7840;Tanh();0.1;0.9;30;21;VAL;95.5;2.607994;0.579312
cuda;48000;100;CrossEntropyLoss();689;7840;Tanh();0.1;0.9;30;22;TRAIN;97.3;1.070835;3.088645
cuda;12000;100;CrossEntropyLoss();689;7840;Tanh();0.1;0.9;30;22;VAL;96.3;1.954723;0.789868
cuda;48000;100;CrossEntropyLoss();689;7840;Tanh();0.1;0.9;30;23;TRAIN;97.5;0.968686;2.689949
cuda;12000;100;CrossEntropyLoss();689;7840;Tanh();0.1;0.9;30;23;VAL;95.7;2.426329;0.597204
cuda;48000;100;CrossEntropyLoss();689;7840;Tanh();0.1;0.9;30;24;TRAIN;98.0;0.724122;2.350072
cuda;12000;100;CrossEntropyLoss();689;7840;Tanh();0.1;0.9;30;24;VAL;97.1;1.602910;0.618518
cuda;48000;100;CrossEntropyLoss();689;7840;Tanh();0.1;0.9;30;25;TRAIN;97.8;0.807968;2.646485
cuda;12000;100;CrossEntropyLoss();689;7840;Tanh();0.1;0.9;30;25;VAL;96.8;1.732457;0.596270
cuda;48000;100;CrossEntropyLoss();689;7840;Tanh();0.1;0.9;30;26;TRAIN;97.8;0.764506;2.392396
cuda;12000;100;CrossEntropyLoss();689;7840;Tanh();0.1;0.9;30;26;VAL;95.5;2.603253;0.648953
cuda;48000;100;CrossEntropyLoss();689;7840;Tanh();0.1;0.9;30;27;TRAIN;97.9;0.705675;2.684363
cuda;12000;100;CrossEntropyLoss();689;7840;Tanh();0.1;0.9;30;27;VAL;96.0;2.240052;0.604981
cuda;48000;100;CrossEntropyLoss();689;7840;Tanh();0.1;0.9;30;28;TRAIN;97.9;0.778745;2.372822
cuda;12000;100;CrossEntropyLoss();689;7840;Tanh();0.1;0.9;30;28;VAL;94.8;2.739541;0.600103
cuda;48000;100;CrossEntropyLoss();689;7840;Tanh();0.1;0.9;30;29;TRAIN;98.1;0.607046;2.581343
cuda;12000;100;CrossEntropyLoss();689;7840;Tanh();0.1;0.9;30;29;VAL;95.7;2.438665;0.631131
cuda;48000;100;CrossEntropyLoss();689;7840;Tanh();0.1;0.9;30;30;TRAIN;98.0;0.676885;2.355832
cuda;12000;100;CrossEntropyLoss();689;7840;Tanh();0.1;0.9;30;30;VAL;96.6;1.809083;0.578564
cuda;10000;100;CrossEntropyLoss();689;397;Tanh();0.1;0.5;30;;TEST;98.2;0.065139;7.361781
cuda;48000;100;CrossEntropyLoss();5093;28;Tanh();0.001;0.1;30;1;TRAIN;56.7;1.791970;21.003601
cuda;12000;100;CrossEntropyLoss();5093;28;Tanh();0.001;0.1;30;1;VAL;73.6;1.491299;7.075061
cuda;48000;100;CrossEntropyLoss();5093;28;Tanh();0.001;0.1;30;2;TRAIN;77.4;1.335160;2.538294
cuda;12000;100;CrossEntropyLoss();5093;28;Tanh();0.001;0.1;30;2;VAL;79.3;1.208050;0.609568
cuda;48000;100;CrossEntropyLoss();5093;28;Tanh();0.001;0.1;30;3;TRAIN;81.4;1.115472;2.574116
cuda;12000;100;CrossEntropyLoss();5093;28;Tanh();0.001;0.1;30;3;VAL;82.5;1.033871;0.637201
cuda;48000;100;CrossEntropyLoss();5093;28;Tanh();0.001;0.1;30;4;TRAIN;83.5;0.968943;2.433453
cuda;12000;100;CrossEntropyLoss();5093;28;Tanh();0.001;0.1;30;4;VAL;84.1;0.910133;0.572698
cuda;48000;100;CrossEntropyLoss();5093;28;Tanh();0.001;0.1;30;5;TRAIN;84.8;0.862100;2.462583
cuda;12000;100;CrossEntropyLoss();5093;28;Tanh();0.001;0.1;30;5;VAL;85.2;0.818040;0.719657
cuda;48000;100;CrossEntropyLoss();5093;28;Tanh();0.001;0.1;30;6;TRAIN;85.8;0.781028;2.453015
cuda;12000;100;CrossEntropyLoss();5093;28;Tanh();0.001;0.1;30;6;VAL;86.2;0.746844;0.594938
cuda;48000;100;CrossEntropyLoss();5093;28;Tanh();0.001;0.1;30;7;TRAIN;86.6;0.717577;2.310537
cuda;12000;100;CrossEntropyLoss();5093;28;Tanh();0.001;0.1;30;7;VAL;86.8;0.690448;0.655751
cuda;48000;100;CrossEntropyLoss();5093;28;Tanh();0.001;0.1;30;8;TRAIN;87.1;0.666735;2.594930
cuda;12000;100;CrossEntropyLoss();5093;28;Tanh();0.001;0.1;30;8;VAL;87.4;0.644892;0.586477
cuda;48000;100;CrossEntropyLoss();5093;28;Tanh();0.001;0.1;30;9;TRAIN;87.6;0.625205;2.672463
cuda;12000;100;CrossEntropyLoss();5093;28;Tanh();0.001;0.1;30;9;VAL;87.8;0.607398;0.935458
cuda;48000;100;CrossEntropyLoss();5093;28;Tanh();0.001;0.1;30;10;TRAIN;88.0;0.590741;3.064580
cuda;12000;100;CrossEntropyLoss();5093;28;Tanh();0.001;0.1;30;10;VAL;88.1;0.576091;0.633707
cuda;48000;100;CrossEntropyLoss();5093;28;Tanh();0.001;0.1;30;11;TRAIN;88.3;0.561742;2.388711
cuda;12000;100;CrossEntropyLoss();5093;28;Tanh();0.001;0.1;30;11;VAL;88.4;0.549637;0.606704
cuda;48000;100;CrossEntropyLoss();5093;28;Tanh();0.001;0.1;30;12;TRAIN;88.5;0.537033;2.599200
cuda;12000;100;CrossEntropyLoss();5093;28;Tanh();0.001;0.1;30;12;VAL;88.7;0.527004;0.633787
cuda;48000;100;CrossEntropyLoss();5093;28;Tanh();0.001;0.1;30;13;TRAIN;88.8;0.515754;2.379977
cuda;12000;100;CrossEntropyLoss();5093;28;Tanh();0.001;0.1;30;13;VAL;88.8;0.507423;0.582981
cuda;48000;100;CrossEntropyLoss();5093;28;Tanh();0.001;0.1;30;14;TRAIN;89.0;0.497210;2.427189
cuda;12000;100;CrossEntropyLoss();5093;28;Tanh();0.001;0.1;30;14;VAL;89.0;0.490418;0.700230
cuda;48000;100;CrossEntropyLoss();5093;28;Tanh();0.001;0.1;30;15;TRAIN;89.2;0.480964;2.429897
cuda;12000;100;CrossEntropyLoss();5093;28;Tanh();0.001;0.1;30;15;VAL;89.3;0.475371;0.590256
cuda;48000;100;CrossEntropyLoss();5093;28;Tanh();0.001;0.1;30;16;TRAIN;89.4;0.466581;2.317889
cuda;12000;100;CrossEntropyLoss();5093;28;Tanh();0.001;0.1;30;16;VAL;89.4;0.461984;0.621125
cuda;48000;100;CrossEntropyLoss();5093;28;Tanh();0.001;0.1;30;17;TRAIN;89.5;0.453726;2.604961
cuda;12000;100;CrossEntropyLoss();5093;28;Tanh();0.001;0.1;30;17;VAL;89.6;0.450050;0.598862
cuda;48000;100;CrossEntropyLoss();5093;28;Tanh();0.001;0.1;30;18;TRAIN;89.7;0.442212;3.166296
cuda;12000;100;CrossEntropyLoss();5093;28;Tanh();0.001;0.1;30;18;VAL;89.7;0.439388;0.682876
cuda;48000;100;CrossEntropyLoss();5093;28;Tanh();0.001;0.1;30;19;TRAIN;89.8;0.431794;2.745267
cuda;12000;100;CrossEntropyLoss();5093;28;Tanh();0.001;0.1;30;19;VAL;89.8;0.429617;0.608724
cuda;48000;100;CrossEntropyLoss();5093;28;Tanh();0.001;0.1;30;20;TRAIN;89.9;0.422321;2.319366
cuda;12000;100;CrossEntropyLoss();5093;28;Tanh();0.001;0.1;30;20;VAL;89.9;0.420857;0.594915
cuda;48000;100;CrossEntropyLoss();5093;28;Tanh();0.001;0.1;30;21;TRAIN;90.0;0.413662;2.579743
cuda;12000;100;CrossEntropyLoss();5093;28;Tanh();0.001;0.1;30;21;VAL;90.0;0.412766;0.625517
cuda;48000;100;CrossEntropyLoss();5093;28;Tanh();0.001;0.1;30;22;TRAIN;90.1;0.405709;2.298592
cuda;12000;100;CrossEntropyLoss();5093;28;Tanh();0.001;0.1;30;22;VAL;90.1;0.405296;0.598648
cuda;48000;100;CrossEntropyLoss();5093;28;Tanh();0.001;0.1;30;23;TRAIN;90.2;0.398397;2.547024
cuda;12000;100;CrossEntropyLoss();5093;28;Tanh();0.001;0.1;30;23;VAL;90.2;0.398524;0.691868
cuda;48000;100;CrossEntropyLoss();5093;28;Tanh();0.001;0.1;30;24;TRAIN;90.3;0.391616;2.424540
cuda;12000;100;CrossEntropyLoss();5093;28;Tanh();0.001;0.1;30;24;VAL;90.2;0.392246;0.613629
cuda;48000;100;CrossEntropyLoss();5093;28;Tanh();0.001;0.1;30;25;TRAIN;90.4;0.385285;2.345770
cuda;12000;100;CrossEntropyLoss();5093;28;Tanh();0.001;0.1;30;25;VAL;90.3;0.386321;0.682580
cuda;48000;100;CrossEntropyLoss();5093;28;Tanh();0.001;0.1;30;26;TRAIN;90.5;0.379403;2.498001
cuda;12000;100;CrossEntropyLoss();5093;28;Tanh();0.001;0.1;30;26;VAL;90.4;0.380825;0.588535
cuda;48000;100;CrossEntropyLoss();5093;28;Tanh();0.001;0.1;30;27;TRAIN;90.6;0.373874;2.324953
cuda;12000;100;CrossEntropyLoss();5093;28;Tanh();0.001;0.1;30;27;VAL;90.4;0.375746;0.598427
cuda;48000;100;CrossEntropyLoss();5093;28;Tanh();0.001;0.1;30;28;TRAIN;90.7;0.368708;2.622204
cuda;12000;100;CrossEntropyLoss();5093;28;Tanh();0.001;0.1;30;28;VAL;90.5;0.370916;0.582206
cuda;48000;100;CrossEntropyLoss();5093;28;Tanh();0.001;0.1;30;29;TRAIN;90.8;0.363826;2.325888
cuda;12000;100;CrossEntropyLoss();5093;28;Tanh();0.001;0.1;30;29;VAL;90.6;0.366435;0.590327
cuda;48000;100;CrossEntropyLoss();5093;28;Tanh();0.001;0.1;30;30;TRAIN;90.8;0.359228;2.505436
cuda;12000;100;CrossEntropyLoss();5093;28;Tanh();0.001;0.1;30;30;VAL;90.7;0.362185;0.622092
cuda;48000;100;CrossEntropyLoss();5093;28;Tanh();0.001;0.5;30;1;TRAIN;65.6;1.630591;2.397722
cuda;12000;100;CrossEntropyLoss();5093;28;Tanh();0.001;0.5;30;1;VAL;78.3;1.261287;0.591987
cuda;48000;100;CrossEntropyLoss();5093;28;Tanh();0.001;0.5;30;2;TRAIN;80.4;1.095755;2.324392
cuda;12000;100;CrossEntropyLoss();5093;28;Tanh();0.001;0.5;30;2;VAL;82.1;0.963147;0.710118
cuda;48000;100;CrossEntropyLoss();5093;28;Tanh();0.001;0.5;30;3;TRAIN;83.4;0.873954;2.591869
cuda;12000;100;CrossEntropyLoss();5093;28;Tanh();0.001;0.5;30;3;VAL;84.5;0.797415;0.602356
cuda;48000;100;CrossEntropyLoss();5093;28;Tanh();0.001;0.5;30;4;TRAIN;85.3;0.740919;2.368109
cuda;12000;100;CrossEntropyLoss();5093;28;Tanh();0.001;0.5;30;4;VAL;86.0;0.691405;0.575327
cuda;48000;100;CrossEntropyLoss();5093;28;Tanh();0.001;0.5;30;5;TRAIN;86.6;0.652322;2.633318
cuda;12000;100;CrossEntropyLoss();5093;28;Tanh();0.001;0.5;30;5;VAL;87.0;0.618149;0.573898
cuda;48000;100;CrossEntropyLoss();5093;28;Tanh();0.001;0.5;30;6;TRAIN;87.5;0.589314;2.349486
cuda;12000;100;CrossEntropyLoss();5093;28;Tanh();0.001;0.5;30;6;VAL;87.8;0.564786;0.588050
cuda;48000;100;CrossEntropyLoss();5093;28;Tanh();0.001;0.5;30;7;TRAIN;88.1;0.542324;2.505147
cuda;12000;100;CrossEntropyLoss();5093;28;Tanh();0.001;0.5;30;7;VAL;88.4;0.524127;0.653179
cuda;48000;100;CrossEntropyLoss();5093;28;Tanh();0.001;0.5;30;8;TRAIN;88.6;0.505980;2.349619
cuda;12000;100;CrossEntropyLoss();5093;28;Tanh();0.001;0.5;30;8;VAL;88.8;0.492195;0.596002
cuda;48000;100;CrossEntropyLoss();5093;28;Tanh();0.001;0.5;30;9;TRAIN;89.1;0.476979;2.341456
cuda;12000;100;CrossEntropyLoss();5093;28;Tanh();0.001;0.5;30;9;VAL;89.2;0.466497;0.700066
cuda;48000;100;CrossEntropyLoss();5093;28;Tanh();0.001;0.5;30;10;TRAIN;89.5;0.453311;2.522893
cuda;12000;100;CrossEntropyLoss();5093;28;Tanh();0.001;0.5;30;10;VAL;89.6;0.445218;0.589254
cuda;48000;100;CrossEntropyLoss();5093;28;Tanh();0.001;0.5;30;11;TRAIN;89.7;0.433536;2.345406
cuda;12000;100;CrossEntropyLoss();5093;28;Tanh();0.001;0.5;30;11;VAL;89.8;0.427523;0.588117
cuda;48000;100;CrossEntropyLoss();5093;28;Tanh();0.001;0.5;30;12;TRAIN;89.9;0.416809;2.712599
cuda;12000;100;CrossEntropyLoss();5093;28;Tanh();0.001;0.5;30;12;VAL;89.9;0.412181;0.601109
cuda;48000;100;CrossEntropyLoss();5093;28;Tanh();0.001;0.5;30;13;TRAIN;90.2;0.402354;2.313277
cuda;12000;100;CrossEntropyLoss();5093;28;Tanh();0.001;0.5;30;13;VAL;90.2;0.399049;0.583503
cuda;48000;100;CrossEntropyLoss();5093;28;Tanh();0.001;0.5;30;14;TRAIN;90.4;0.389751;2.614400
cuda;12000;100;CrossEntropyLoss();5093;28;Tanh();0.001;0.5;30;14;VAL;90.4;0.387476;0.659345
cuda;48000;100;CrossEntropyLoss();5093;28;Tanh();0.001;0.5;30;15;TRAIN;90.6;0.378550;2.322503
cuda;12000;100;CrossEntropyLoss();5093;28;Tanh();0.001;0.5;30;15;VAL;90.6;0.377330;0.617085
cuda;48000;100;CrossEntropyLoss();5093;28;Tanh();0.001;0.5;30;16;TRAIN;90.8;0.368673;2.352379
cuda;12000;100;CrossEntropyLoss();5093;28;Tanh();0.001;0.5;30;16;VAL;90.7;0.368159;0.715813
cuda;48000;100;CrossEntropyLoss();5093;28;Tanh();0.001;0.5;30;17;TRAIN;90.8;0.359726;2.452381
cuda;12000;100;CrossEntropyLoss();5093;28;Tanh();0.001;0.5;30;17;VAL;90.9;0.360022;0.597716
cuda;48000;100;CrossEntropyLoss();5093;28;Tanh();0.001;0.5;30;18;TRAIN;91.0;0.351633;2.304887
cuda;12000;100;CrossEntropyLoss();5093;28;Tanh();0.001;0.5;30;18;VAL;91.0;0.352551;0.597791
cuda;48000;100;CrossEntropyLoss();5093;28;Tanh();0.001;0.5;30;19;TRAIN;91.2;0.344197;2.696861
cuda;12000;100;CrossEntropyLoss();5093;28;Tanh();0.001;0.5;30;19;VAL;91.1;0.345697;0.588060
cuda;48000;100;CrossEntropyLoss();5093;28;Tanh();0.001;0.5;30;20;TRAIN;91.3;0.337442;2.335105
cuda;12000;100;CrossEntropyLoss();5093;28;Tanh();0.001;0.5;30;20;VAL;91.1;0.339456;0.582273
cuda;48000;100;CrossEntropyLoss();5093;28;Tanh();0.001;0.5;30;21;TRAIN;91.4;0.331155;2.562894
cuda;12000;100;CrossEntropyLoss();5093;28;Tanh();0.001;0.5;30;21;VAL;91.3;0.333727;0.650242
cuda;48000;100;CrossEntropyLoss();5093;28;Tanh();0.001;0.5;30;22;TRAIN;91.5;0.325338;2.390769
cuda;12000;100;CrossEntropyLoss();5093;28;Tanh();0.001;0.5;30;22;VAL;91.3;0.328358;0.572281
cuda;48000;100;CrossEntropyLoss();5093;28;Tanh();0.001;0.5;30;23;TRAIN;91.6;0.319922;2.433648
cuda;12000;100;CrossEntropyLoss();5093;28;Tanh();0.001;0.5;30;23;VAL;91.4;0.323382;0.702586
cuda;48000;100;CrossEntropyLoss();5093;28;Tanh();0.001;0.5;30;24;TRAIN;91.7;0.314830;2.634162
cuda;12000;100;CrossEntropyLoss();5093;28;Tanh();0.001;0.5;30;24;VAL;91.5;0.318735;0.685773
cuda;48000;100;CrossEntropyLoss();5093;28;Tanh();0.001;0.5;30;25;TRAIN;91.8;0.310107;2.547622
cuda;12000;100;CrossEntropyLoss();5093;28;Tanh();0.001;0.5;30;25;VAL;91.6;0.314506;0.700862
cuda;48000;100;CrossEntropyLoss();5093;28;Tanh();0.001;0.5;30;26;TRAIN;91.9;0.305626;2.534890
cuda;12000;100;CrossEntropyLoss();5093;28;Tanh();0.001;0.5;30;26;VAL;91.7;0.310286;0.604637
cuda;48000;100;CrossEntropyLoss();5093;28;Tanh();0.001;0.5;30;27;TRAIN;92.0;0.301414;2.372612
cuda;12000;100;CrossEntropyLoss();5093;28;Tanh();0.001;0.5;30;27;VAL;91.8;0.306455;0.585896
cuda;48000;100;CrossEntropyLoss();5093;28;Tanh();0.001;0.5;30;28;TRAIN;92.1;0.297414;2.621863
cuda;12000;100;CrossEntropyLoss();5093;28;Tanh();0.001;0.5;30;28;VAL;91.8;0.302850;0.602209
cuda;48000;100;CrossEntropyLoss();5093;28;Tanh();0.001;0.5;30;29;TRAIN;92.1;0.293612;2.301084
cuda;12000;100;CrossEntropyLoss();5093;28;Tanh();0.001;0.5;30;29;VAL;91.9;0.299306;0.926585
cuda;48000;100;CrossEntropyLoss();5093;28;Tanh();0.001;0.5;30;30;TRAIN;92.2;0.290014;3.199121
cuda;12000;100;CrossEntropyLoss();5093;28;Tanh();0.001;0.5;30;30;VAL;92.0;0.296049;0.659435
cuda;48000;100;CrossEntropyLoss();5093;28;Tanh();0.001;0.9;30;1;TRAIN;78.7;1.045866;3.043369
cuda;12000;100;CrossEntropyLoss();5093;28;Tanh();0.001;0.9;30;1;VAL;87.8;0.625965;0.646675
cuda;48000;100;CrossEntropyLoss();5093;28;Tanh();0.001;0.9;30;2;TRAIN;88.9;0.518050;2.898044
cuda;12000;100;CrossEntropyLoss();5093;28;Tanh();0.001;0.9;30;2;VAL;89.7;0.444366;0.612989
cuda;48000;100;CrossEntropyLoss();5093;28;Tanh();0.001;0.9;30;3;TRAIN;90.1;0.405254;2.333153
cuda;12000;100;CrossEntropyLoss();5093;28;Tanh();0.001;0.9;30;3;VAL;90.6;0.376112;0.598869
cuda;48000;100;CrossEntropyLoss();5093;28;Tanh();0.001;0.9;30;4;TRAIN;91.0;0.353650;2.424558
cuda;12000;100;CrossEntropyLoss();5093;28;Tanh();0.001;0.9;30;4;VAL;91.2;0.339612;0.698317
cuda;48000;100;CrossEntropyLoss();5093;28;Tanh();0.001;0.9;30;5;TRAIN;91.6;0.322246;2.382743
cuda;12000;100;CrossEntropyLoss();5093;28;Tanh();0.001;0.9;30;5;VAL;91.7;0.316535;0.570042
cuda;48000;100;CrossEntropyLoss();5093;28;Tanh();0.001;0.9;30;6;TRAIN;92.0;0.300459;2.358104
cuda;12000;100;CrossEntropyLoss();5093;28;Tanh();0.001;0.9;30;6;VAL;92.0;0.297954;0.646344
cuda;48000;100;CrossEntropyLoss();5093;28;Tanh();0.001;0.9;30;7;TRAIN;92.3;0.283826;2.596591
cuda;12000;100;CrossEntropyLoss();5093;28;Tanh();0.001;0.9;30;7;VAL;92.2;0.284773;0.599204
cuda;48000;100;CrossEntropyLoss();5093;28;Tanh();0.001;0.9;30;8;TRAIN;92.6;0.270801;2.333229
cuda;12000;100;CrossEntropyLoss();5093;28;Tanh();0.001;0.9;30;8;VAL;92.3;0.274161;0.603866
cuda;48000;100;CrossEntropyLoss();5093;28;Tanh();0.001;0.9;30;9;TRAIN;92.9;0.259690;2.574068
cuda;12000;100;CrossEntropyLoss();5093;28;Tanh();0.001;0.9;30;9;VAL;92.4;0.265711;0.604452
cuda;48000;100;CrossEntropyLoss();5093;28;Tanh();0.001;0.9;30;10;TRAIN;93.1;0.250311;2.357618
cuda;12000;100;CrossEntropyLoss();5093;28;Tanh();0.001;0.9;30;10;VAL;92.7;0.257894;0.609413
cuda;48000;100;CrossEntropyLoss();5093;28;Tanh();0.001;0.9;30;11;TRAIN;93.3;0.242130;2.489456
cuda;12000;100;CrossEntropyLoss();5093;28;Tanh();0.001;0.9;30;11;VAL;92.8;0.252186;0.650277
cuda;48000;100;CrossEntropyLoss();5093;28;Tanh();0.001;0.9;30;12;TRAIN;93.5;0.235044;2.452293
cuda;12000;100;CrossEntropyLoss();5093;28;Tanh();0.001;0.9;30;12;VAL;92.9;0.246177;0.603714
cuda;48000;100;CrossEntropyLoss();5093;28;Tanh();0.001;0.9;30;13;TRAIN;93.7;0.228463;2.340819
cuda;12000;100;CrossEntropyLoss();5093;28;Tanh();0.001;0.9;30;13;VAL;93.2;0.241501;0.695124
cuda;48000;100;CrossEntropyLoss();5093;28;Tanh();0.001;0.9;30;14;TRAIN;93.8;0.222726;2.546322
cuda;12000;100;CrossEntropyLoss();5093;28;Tanh();0.001;0.9;30;14;VAL;93.3;0.236110;0.574541
cuda;48000;100;CrossEntropyLoss();5093;28;Tanh();0.001;0.9;30;15;TRAIN;94.0;0.217229;2.323853
cuda;12000;100;CrossEntropyLoss();5093;28;Tanh();0.001;0.9;30;15;VAL;93.3;0.232851;0.592072
cuda;48000;100;CrossEntropyLoss();5093;28;Tanh();0.001;0.9;30;16;TRAIN;94.2;0.212007;2.611270
cuda;12000;100;CrossEntropyLoss();5093;28;Tanh();0.001;0.9;30;16;VAL;93.4;0.228950;0.595141
cuda;48000;100;CrossEntropyLoss();5093;28;Tanh();0.001;0.9;30;17;TRAIN;94.3;0.207447;2.312358
cuda;12000;100;CrossEntropyLoss();5093;28;Tanh();0.001;0.9;30;17;VAL;93.5;0.224260;0.587541
cuda;48000;100;CrossEntropyLoss();5093;28;Tanh();0.001;0.9;30;18;TRAIN;94.4;0.202955;2.541551
cuda;12000;100;CrossEntropyLoss();5093;28;Tanh();0.001;0.9;30;18;VAL;93.6;0.222004;0.640974
cuda;48000;100;CrossEntropyLoss();5093;28;Tanh();0.001;0.9;30;19;TRAIN;94.5;0.198773;2.337117
cuda;12000;100;CrossEntropyLoss();5093;28;Tanh();0.001;0.9;30;19;VAL;93.7;0.218360;1.020529
cuda;48000;100;CrossEntropyLoss();5093;28;Tanh();0.001;0.9;30;20;TRAIN;94.7;0.194784;2.916787
cuda;12000;100;CrossEntropyLoss();5093;28;Tanh();0.001;0.9;30;20;VAL;93.7;0.215367;0.800756
cuda;48000;100;CrossEntropyLoss();5093;28;Tanh();0.001;0.9;30;21;TRAIN;94.7;0.191000;2.442751
cuda;12000;100;CrossEntropyLoss();5093;28;Tanh();0.001;0.9;30;21;VAL;93.8;0.213281;0.587154
cuda;48000;100;CrossEntropyLoss();5093;28;Tanh();0.001;0.9;30;22;TRAIN;94.8;0.187704;2.325850
cuda;12000;100;CrossEntropyLoss();5093;28;Tanh();0.001;0.9;30;22;VAL;93.9;0.209953;0.693207
cuda;48000;100;CrossEntropyLoss();5093;28;Tanh();0.001;0.9;30;23;TRAIN;94.9;0.184245;2.589565
cuda;12000;100;CrossEntropyLoss();5093;28;Tanh();0.001;0.9;30;23;VAL;93.9;0.208149;0.588359
cuda;48000;100;CrossEntropyLoss();5093;28;Tanh();0.001;0.9;30;24;TRAIN;95.0;0.180989;2.341659
cuda;12000;100;CrossEntropyLoss();5093;28;Tanh();0.001;0.9;30;24;VAL;94.0;0.205435;0.578842
cuda;48000;100;CrossEntropyLoss();5093;28;Tanh();0.001;0.9;30;25;TRAIN;95.1;0.178149;2.629415
cuda;12000;100;CrossEntropyLoss();5093;28;Tanh();0.001;0.9;30;25;VAL;94.0;0.203506;0.604237
cuda;48000;100;CrossEntropyLoss();5093;28;Tanh();0.001;0.9;30;26;TRAIN;95.3;0.175080;2.345815
cuda;12000;100;CrossEntropyLoss();5093;28;Tanh();0.001;0.9;30;26;VAL;94.1;0.202054;0.598432
cuda;48000;100;CrossEntropyLoss();5093;28;Tanh();0.001;0.9;30;27;TRAIN;95.4;0.172516;2.610726
cuda;12000;100;CrossEntropyLoss();5093;28;Tanh();0.001;0.9;30;27;VAL;94.2;0.199591;0.640852
cuda;48000;100;CrossEntropyLoss();5093;28;Tanh();0.001;0.9;30;28;TRAIN;95.4;0.169831;2.349856
cuda;12000;100;CrossEntropyLoss();5093;28;Tanh();0.001;0.9;30;28;VAL;94.2;0.197694;0.603573
cuda;48000;100;CrossEntropyLoss();5093;28;Tanh();0.001;0.9;30;29;TRAIN;95.5;0.167314;2.338261
cuda;12000;100;CrossEntropyLoss();5093;28;Tanh();0.001;0.9;30;29;VAL;94.2;0.195977;0.678437
cuda;48000;100;CrossEntropyLoss();5093;28;Tanh();0.001;0.9;30;30;TRAIN;95.5;0.165022;2.677449
cuda;12000;100;CrossEntropyLoss();5093;28;Tanh();0.001;0.9;30;30;VAL;94.2;0.194768;0.611481
cuda;48000;100;CrossEntropyLoss();5093;28;Tanh();0.01;0.1;30;1;TRAIN;79.6;0.972665;2.335789
cuda;12000;100;CrossEntropyLoss();5093;28;Tanh();0.01;0.1;30;1;VAL;87.7;0.587530;0.603484
cuda;48000;100;CrossEntropyLoss();5093;28;Tanh();0.01;0.1;30;2;TRAIN;88.8;0.491460;2.909783
cuda;12000;100;CrossEntropyLoss();5093;28;Tanh();0.01;0.1;30;2;VAL;89.8;0.423634;0.933028
cuda;48000;100;CrossEntropyLoss();5093;28;Tanh();0.01;0.1;30;3;TRAIN;90.2;0.388706;2.691007
cuda;12000;100;CrossEntropyLoss();5093;28;Tanh();0.01;0.1;30;3;VAL;90.7;0.361180;0.647909
cuda;48000;100;CrossEntropyLoss();5093;28;Tanh();0.01;0.1;30;4;TRAIN;91.0;0.340703;2.633670
cuda;12000;100;CrossEntropyLoss();5093;28;Tanh();0.01;0.1;30;4;VAL;91.2;0.326454;0.613283
cuda;48000;100;CrossEntropyLoss();5093;28;Tanh();0.01;0.1;30;5;TRAIN;91.6;0.311254;2.319068
cuda;12000;100;CrossEntropyLoss();5093;28;Tanh();0.01;0.1;30;5;VAL;91.6;0.302829;0.601723
cuda;48000;100;CrossEntropyLoss();5093;28;Tanh();0.01;0.1;30;6;TRAIN;92.1;0.290262;2.588767
cuda;12000;100;CrossEntropyLoss();5093;28;Tanh();0.01;0.1;30;6;VAL;92.1;0.286537;0.641327
cuda;48000;100;CrossEntropyLoss();5093;28;Tanh();0.01;0.1;30;7;TRAIN;92.5;0.274261;2.341373
cuda;12000;100;CrossEntropyLoss();5093;28;Tanh();0.01;0.1;30;7;VAL;92.3;0.273381;0.588529
cuda;48000;100;CrossEntropyLoss();5093;28;Tanh();0.01;0.1;30;8;TRAIN;92.8;0.261276;2.431440
cuda;12000;100;CrossEntropyLoss();5093;28;Tanh();0.01;0.1;30;8;VAL;92.5;0.263351;0.700899
cuda;48000;100;CrossEntropyLoss();5093;28;Tanh();0.01;0.1;30;9;TRAIN;93.1;0.250585;2.414718
cuda;12000;100;CrossEntropyLoss();5093;28;Tanh();0.01;0.1;30;9;VAL;92.8;0.253654;0.634210
cuda;48000;100;CrossEntropyLoss();5093;28;Tanh();0.01;0.1;30;10;TRAIN;93.3;0.241224;2.341450
cuda;12000;100;CrossEntropyLoss();5093;28;Tanh();0.01;0.1;30;10;VAL;92.9;0.245973;0.605376
cuda;48000;100;CrossEntropyLoss();5093;28;Tanh();0.01;0.1;30;11;TRAIN;93.6;0.232963;2.645752
cuda;12000;100;CrossEntropyLoss();5093;28;Tanh();0.01;0.1;30;11;VAL;93.1;0.240543;0.594732
cuda;48000;100;CrossEntropyLoss();5093;28;Tanh();0.01;0.1;30;12;TRAIN;93.8;0.225714;2.362722
cuda;12000;100;CrossEntropyLoss();5093;28;Tanh();0.01;0.1;30;12;VAL;93.2;0.233631;0.598960
cuda;48000;100;CrossEntropyLoss();5093;28;Tanh();0.01;0.1;30;13;TRAIN;94.0;0.219098;3.568144
cuda;12000;100;CrossEntropyLoss();5093;28;Tanh();0.01;0.1;30;13;VAL;93.3;0.230435;0.654622
cuda;48000;100;CrossEntropyLoss();5093;28;Tanh();0.01;0.1;30;14;TRAIN;94.1;0.213181;2.426727
cuda;12000;100;CrossEntropyLoss();5093;28;Tanh();0.01;0.1;30;14;VAL;93.6;0.223707;0.576277
cuda;48000;100;CrossEntropyLoss();5093;28;Tanh();0.01;0.1;30;15;TRAIN;94.3;0.207706;2.525534
cuda;12000;100;CrossEntropyLoss();5093;28;Tanh();0.01;0.1;30;15;VAL;93.7;0.219832;0.662393
cuda;48000;100;CrossEntropyLoss();5093;28;Tanh();0.01;0.1;30;16;TRAIN;94.4;0.202701;2.365483
cuda;12000;100;CrossEntropyLoss();5093;28;Tanh();0.01;0.1;30;16;VAL;93.7;0.215888;0.597805
cuda;48000;100;CrossEntropyLoss();5093;28;Tanh();0.01;0.1;30;17;TRAIN;94.6;0.197951;2.336558
cuda;12000;100;CrossEntropyLoss();5093;28;Tanh();0.01;0.1;30;17;VAL;93.8;0.212239;0.703884
cuda;48000;100;CrossEntropyLoss();5093;28;Tanh();0.01;0.1;30;18;TRAIN;94.7;0.193684;2.467947
cuda;12000;100;CrossEntropyLoss();5093;28;Tanh();0.01;0.1;30;18;VAL;93.9;0.208962;1.094252
cuda;48000;100;CrossEntropyLoss();5093;28;Tanh();0.01;0.1;30;19;TRAIN;94.8;0.189434;2.768543
cuda;12000;100;CrossEntropyLoss();5093;28;Tanh();0.01;0.1;30;19;VAL;94.0;0.206585;0.777000
cuda;48000;100;CrossEntropyLoss();5093;28;Tanh();0.01;0.1;30;20;TRAIN;94.9;0.185759;2.492301
cuda;12000;100;CrossEntropyLoss();5093;28;Tanh();0.01;0.1;30;20;VAL;94.1;0.203890;0.581150
cuda;48000;100;CrossEntropyLoss();5093;28;Tanh();0.01;0.1;30;21;TRAIN;95.0;0.181986;2.360688
cuda;12000;100;CrossEntropyLoss();5093;28;Tanh();0.01;0.1;30;21;VAL;94.2;0.200716;0.595559
cuda;48000;100;CrossEntropyLoss();5093;28;Tanh();0.01;0.1;30;22;TRAIN;95.1;0.178643;2.644346
cuda;12000;100;CrossEntropyLoss();5093;28;Tanh();0.01;0.1;30;22;VAL;94.3;0.197857;0.575659
cuda;48000;100;CrossEntropyLoss();5093;28;Tanh();0.01;0.1;30;23;TRAIN;95.2;0.175206;2.296082
cuda;12000;100;CrossEntropyLoss();5093;28;Tanh();0.01;0.1;30;23;VAL;94.4;0.195834;0.600688
cuda;48000;100;CrossEntropyLoss();5093;28;Tanh();0.01;0.1;30;24;TRAIN;95.3;0.172026;2.554897
cuda;12000;100;CrossEntropyLoss();5093;28;Tanh();0.01;0.1;30;24;VAL;94.4;0.193348;0.660431
cuda;48000;100;CrossEntropyLoss();5093;28;Tanh();0.01;0.1;30;25;TRAIN;95.4;0.168941;2.328612
cuda;12000;100;CrossEntropyLoss();5093;28;Tanh();0.01;0.1;30;25;VAL;94.4;0.191648;0.611962
cuda;48000;100;CrossEntropyLoss();5093;28;Tanh();0.01;0.1;30;26;TRAIN;95.5;0.166235;2.358165
cuda;12000;100;CrossEntropyLoss();5093;28;Tanh();0.01;0.1;30;26;VAL;94.5;0.189122;0.743742
cuda;48000;100;CrossEntropyLoss();5093;28;Tanh();0.01;0.1;30;27;TRAIN;95.6;0.163378;2.454860
cuda;12000;100;CrossEntropyLoss();5093;28;Tanh();0.01;0.1;30;27;VAL;94.6;0.187462;0.594104
cuda;48000;100;CrossEntropyLoss();5093;28;Tanh();0.01;0.1;30;28;TRAIN;95.6;0.160760;3.097737
cuda;12000;100;CrossEntropyLoss();5093;28;Tanh();0.01;0.1;30;28;VAL;94.6;0.186903;0.812997
cuda;48000;100;CrossEntropyLoss();5093;28;Tanh();0.01;0.1;30;29;TRAIN;95.7;0.158195;3.367234
cuda;12000;100;CrossEntropyLoss();5093;28;Tanh();0.01;0.1;30;29;VAL;94.7;0.185357;0.704163
cuda;48000;100;CrossEntropyLoss();5093;28;Tanh();0.01;0.1;30;30;TRAIN;95.8;0.155704;2.531965
cuda;12000;100;CrossEntropyLoss();5093;28;Tanh();0.01;0.1;30;30;VAL;94.7;0.182688;1.324420
cuda;48000;100;CrossEntropyLoss();5093;28;Tanh();0.01;0.5;30;1;TRAIN;83.8;0.757130;2.823096
cuda;12000;100;CrossEntropyLoss();5093;28;Tanh();0.01;0.5;30;1;VAL;89.3;0.445524;0.619921
cuda;48000;100;CrossEntropyLoss();5093;28;Tanh();0.01;0.5;30;2;TRAIN;90.2;0.387422;2.330664
cuda;12000;100;CrossEntropyLoss();5093;28;Tanh();0.01;0.5;30;2;VAL;91.1;0.342242;0.597483
cuda;48000;100;CrossEntropyLoss();5093;28;Tanh();0.01;0.5;30;3;TRAIN;91.6;0.317877;3.114468
cuda;12000;100;CrossEntropyLoss();5093;28;Tanh();0.01;0.5;30;3;VAL;91.8;0.297444;0.738731
cuda;48000;100;CrossEntropyLoss();5093;28;Tanh();0.01;0.5;30;4;TRAIN;92.5;0.281374;2.604265
cuda;12000;100;CrossEntropyLoss();5093;28;Tanh();0.01;0.5;30;4;VAL;92.4;0.271667;0.593292
cuda;48000;100;CrossEntropyLoss();5093;28;Tanh();0.01;0.5;30;5;TRAIN;93.0;0.256979;2.632357
cuda;12000;100;CrossEntropyLoss();5093;28;Tanh();0.01;0.5;30;5;VAL;92.9;0.252943;0.577173
cuda;48000;100;CrossEntropyLoss();5093;28;Tanh();0.01;0.5;30;6;TRAIN;93.6;0.238815;3.071386
cuda;12000;100;CrossEntropyLoss();5093;28;Tanh();0.01;0.5;30;6;VAL;93.2;0.237866;0.624291
cuda;48000;100;CrossEntropyLoss();5093;28;Tanh();0.01;0.5;30;7;TRAIN;93.9;0.225189;3.689709
cuda;12000;100;CrossEntropyLoss();5093;28;Tanh();0.01;0.5;30;7;VAL;93.6;0.228400;0.637761
cuda;48000;100;CrossEntropyLoss();5093;28;Tanh();0.01;0.5;30;8;TRAIN;94.2;0.213806;3.048372
cuda;12000;100;CrossEntropyLoss();5093;28;Tanh();0.01;0.5;30;8;VAL;93.8;0.218554;0.647265
cuda;48000;100;CrossEntropyLoss();5093;28;Tanh();0.01;0.5;30;9;TRAIN;94.5;0.204105;3.558101
cuda;12000;100;CrossEntropyLoss();5093;28;Tanh();0.01;0.5;30;9;VAL;94.0;0.211296;0.638956
cuda;48000;100;CrossEntropyLoss();5093;28;Tanh();0.01;0.5;30;10;TRAIN;94.7;0.195583;3.080667
cuda;12000;100;CrossEntropyLoss();5093;28;Tanh();0.01;0.5;30;10;VAL;94.1;0.205240;0.710535
cuda;48000;100;CrossEntropyLoss();5093;28;Tanh();0.01;0.5;30;11;TRAIN;94.9;0.188512;3.034500
cuda;12000;100;CrossEntropyLoss();5093;28;Tanh();0.01;0.5;30;11;VAL;94.2;0.201049;1.155407
cuda;48000;100;CrossEntropyLoss();5093;28;Tanh();0.01;0.5;30;12;TRAIN;95.1;0.181910;2.740521
cuda;12000;100;CrossEntropyLoss();5093;28;Tanh();0.01;0.5;30;12;VAL;94.4;0.194153;1.120926
cuda;48000;100;CrossEntropyLoss();5093;28;Tanh();0.01;0.5;30;13;TRAIN;95.2;0.175835;3.334358
cuda;12000;100;CrossEntropyLoss();5093;28;Tanh();0.01;0.5;30;13;VAL;94.5;0.191616;0.712688
cuda;48000;100;CrossEntropyLoss();5093;28;Tanh();0.01;0.5;30;14;TRAIN;95.4;0.170804;3.517858
cuda;12000;100;CrossEntropyLoss();5093;28;Tanh();0.01;0.5;30;14;VAL;94.7;0.186424;0.805640
cuda;48000;100;CrossEntropyLoss();5093;28;Tanh();0.01;0.5;30;15;TRAIN;95.5;0.165921;3.262774
cuda;12000;100;CrossEntropyLoss();5093;28;Tanh();0.01;0.5;30;15;VAL;94.7;0.183550;0.623591
cuda;48000;100;CrossEntropyLoss();5093;28;Tanh();0.01;0.5;30;16;TRAIN;95.7;0.161350;3.288708
cuda;12000;100;CrossEntropyLoss();5093;28;Tanh();0.01;0.5;30;16;VAL;94.9;0.180251;0.782181
cuda;48000;100;CrossEntropyLoss();5093;28;Tanh();0.01;0.5;30;17;TRAIN;95.8;0.157354;3.133182
cuda;12000;100;CrossEntropyLoss();5093;28;Tanh();0.01;0.5;30;17;VAL;95.0;0.178405;0.631324
cuda;48000;100;CrossEntropyLoss();5093;28;Tanh();0.01;0.5;30;18;TRAIN;95.8;0.153635;2.686307
cuda;12000;100;CrossEntropyLoss();5093;28;Tanh();0.01;0.5;30;18;VAL;95.0;0.176754;1.357574
cuda;48000;100;CrossEntropyLoss();5093;28;Tanh();0.01;0.5;30;19;TRAIN;95.9;0.149928;2.705217
cuda;12000;100;CrossEntropyLoss();5093;28;Tanh();0.01;0.5;30;19;VAL;95.0;0.174129;0.636907
cuda;48000;100;CrossEntropyLoss();5093;28;Tanh();0.01;0.5;30;20;TRAIN;96.1;0.146459;2.356291
cuda;12000;100;CrossEntropyLoss();5093;28;Tanh();0.01;0.5;30;20;VAL;95.1;0.171514;0.628555
cuda;48000;100;CrossEntropyLoss();5093;28;Tanh();0.01;0.5;30;21;TRAIN;96.1;0.143627;2.583567
cuda;12000;100;CrossEntropyLoss();5093;28;Tanh();0.01;0.5;30;21;VAL;95.1;0.170603;0.582786
cuda;48000;100;CrossEntropyLoss();5093;28;Tanh();0.01;0.5;30;22;TRAIN;96.2;0.140541;2.336846
cuda;12000;100;CrossEntropyLoss();5093;28;Tanh();0.01;0.5;30;22;VAL;95.1;0.168746;0.607332
cuda;48000;100;CrossEntropyLoss();5093;28;Tanh();0.01;0.5;30;23;TRAIN;96.3;0.137603;2.685030
cuda;12000;100;CrossEntropyLoss();5093;28;Tanh();0.01;0.5;30;23;VAL;95.2;0.167620;0.588433
cuda;48000;100;CrossEntropyLoss();5093;28;Tanh();0.01;0.5;30;24;TRAIN;96.3;0.135050;2.748622
cuda;12000;100;CrossEntropyLoss();5093;28;Tanh();0.01;0.5;30;24;VAL;95.1;0.166034;0.623335
cuda;48000;100;CrossEntropyLoss();5093;28;Tanh();0.01;0.5;30;25;TRAIN;96.4;0.132470;2.658983
cuda;12000;100;CrossEntropyLoss();5093;28;Tanh();0.01;0.5;30;25;VAL;95.2;0.166568;0.718012
cuda;48000;100;CrossEntropyLoss();5093;28;Tanh();0.01;0.5;30;26;TRAIN;96.5;0.130090;2.429833
cuda;12000;100;CrossEntropyLoss();5093;28;Tanh();0.01;0.5;30;26;VAL;95.3;0.164029;0.597688
cuda;48000;100;CrossEntropyLoss();5093;28;Tanh();0.01;0.5;30;27;TRAIN;96.5;0.127896;2.433275
cuda;12000;100;CrossEntropyLoss();5093;28;Tanh();0.01;0.5;30;27;VAL;95.2;0.162847;0.708627
cuda;48000;100;CrossEntropyLoss();5093;28;Tanh();0.01;0.5;30;28;TRAIN;96.6;0.125692;2.410149
cuda;12000;100;CrossEntropyLoss();5093;28;Tanh();0.01;0.5;30;28;VAL;95.3;0.161865;0.585969
cuda;48000;100;CrossEntropyLoss();5093;28;Tanh();0.01;0.5;30;29;TRAIN;96.7;0.123368;2.312698
cuda;12000;100;CrossEntropyLoss();5093;28;Tanh();0.01;0.5;30;29;VAL;95.2;0.161521;0.638840
cuda;48000;100;CrossEntropyLoss();5093;28;Tanh();0.01;0.5;30;30;TRAIN;96.7;0.121461;2.594026
cuda;12000;100;CrossEntropyLoss();5093;28;Tanh();0.01;0.5;30;30;VAL;95.3;0.161378;0.607638
cuda;48000;100;CrossEntropyLoss();5093;28;Tanh();0.01;0.9;30;1;TRAIN;88.1;0.451861;2.328955
cuda;12000;100;CrossEntropyLoss();5093;28;Tanh();0.01;0.9;30;1;VAL;92.3;0.272416;0.614760
cuda;48000;100;CrossEntropyLoss();5093;28;Tanh();0.01;0.9;30;2;TRAIN;93.2;0.241952;3.493732
cuda;12000;100;CrossEntropyLoss();5093;28;Tanh();0.01;0.9;30;2;VAL;93.7;0.220076;0.639297
cuda;48000;100;CrossEntropyLoss();5093;28;Tanh();0.01;0.9;30;3;TRAIN;94.2;0.200953;2.549918
cuda;12000;100;CrossEntropyLoss();5093;28;Tanh();0.01;0.9;30;3;VAL;94.2;0.201818;0.593790
cuda;48000;100;CrossEntropyLoss();5093;28;Tanh();0.01;0.9;30;4;TRAIN;94.9;0.177529;3.431683
cuda;12000;100;CrossEntropyLoss();5093;28;Tanh();0.01;0.9;30;4;VAL;94.5;0.186088;0.707677
cuda;48000;100;CrossEntropyLoss();5093;28;Tanh();0.01;0.9;30;5;TRAIN;95.4;0.159856;3.040537
cuda;12000;100;CrossEntropyLoss();5093;28;Tanh();0.01;0.9;30;5;VAL;94.9;0.176566;0.653074
cuda;48000;100;CrossEntropyLoss();5093;28;Tanh();0.01;0.9;30;6;TRAIN;95.9;0.146732;2.973129
cuda;12000;100;CrossEntropyLoss();5093;28;Tanh();0.01;0.9;30;6;VAL;95.0;0.171518;1.126606
cuda;48000;100;CrossEntropyLoss();5093;28;Tanh();0.01;0.9;30;7;TRAIN;96.1;0.136479;2.597420
cuda;12000;100;CrossEntropyLoss();5093;28;Tanh();0.01;0.9;30;7;VAL;94.9;0.170432;0.664422
cuda;48000;100;CrossEntropyLoss();5093;28;Tanh();0.01;0.9;30;8;TRAIN;96.4;0.128207;3.515223
cuda;12000;100;CrossEntropyLoss();5093;28;Tanh();0.01;0.9;30;8;VAL;95.2;0.164989;0.666334
cuda;48000;100;CrossEntropyLoss();5093;28;Tanh();0.01;0.9;30;9;TRAIN;96.5;0.121083;3.114284
cuda;12000;100;CrossEntropyLoss();5093;28;Tanh();0.01;0.9;30;9;VAL;95.4;0.156922;0.626604
cuda;48000;100;CrossEntropyLoss();5093;28;Tanh();0.01;0.9;30;10;TRAIN;96.7;0.114314;3.645168
cuda;12000;100;CrossEntropyLoss();5093;28;Tanh();0.01;0.9;30;10;VAL;95.4;0.156199;0.634877
cuda;48000;100;CrossEntropyLoss();5093;28;Tanh();0.01;0.9;30;11;TRAIN;96.9;0.109327;2.910687
cuda;12000;100;CrossEntropyLoss();5093;28;Tanh();0.01;0.9;30;11;VAL;95.4;0.155834;0.779603
cuda;48000;100;CrossEntropyLoss();5093;28;Tanh();0.01;0.9;30;12;TRAIN;97.0;0.104612;3.094563
cuda;12000;100;CrossEntropyLoss();5093;28;Tanh();0.01;0.9;30;12;VAL;95.5;0.152695;0.971724
cuda;48000;100;CrossEntropyLoss();5093;28;Tanh();0.01;0.9;30;13;TRAIN;97.2;0.099865;2.670631
cuda;12000;100;CrossEntropyLoss();5093;28;Tanh();0.01;0.9;30;13;VAL;95.5;0.151174;0.636919
cuda;48000;100;CrossEntropyLoss();5093;28;Tanh();0.01;0.9;30;14;TRAIN;97.3;0.095730;3.575946
cuda;12000;100;CrossEntropyLoss();5093;28;Tanh();0.01;0.9;30;14;VAL;95.5;0.151657;0.634183
cuda;48000;100;CrossEntropyLoss();5093;28;Tanh();0.01;0.9;30;15;TRAIN;97.4;0.091985;3.027069
cuda;12000;100;CrossEntropyLoss();5093;28;Tanh();0.01;0.9;30;15;VAL;95.3;0.157999;0.663914
cuda;48000;100;CrossEntropyLoss();5093;28;Tanh();0.01;0.9;30;16;TRAIN;97.5;0.088907;3.569683
cuda;12000;100;CrossEntropyLoss();5093;28;Tanh();0.01;0.9;30;16;VAL;95.5;0.150886;0.645857
cuda;48000;100;CrossEntropyLoss();5093;28;Tanh();0.01;0.9;30;17;TRAIN;97.6;0.085260;3.069992
cuda;12000;100;CrossEntropyLoss();5093;28;Tanh();0.01;0.9;30;17;VAL;95.7;0.152156;0.636511
cuda;48000;100;CrossEntropyLoss();5093;28;Tanh();0.01;0.9;30;18;TRAIN;97.7;0.082269;3.188410
cuda;12000;100;CrossEntropyLoss();5093;28;Tanh();0.01;0.9;30;18;VAL;95.4;0.153477;1.045279
cuda;48000;100;CrossEntropyLoss();5093;28;Tanh();0.01;0.9;30;19;TRAIN;97.8;0.079608;2.552576
cuda;12000;100;CrossEntropyLoss();5093;28;Tanh();0.01;0.9;30;19;VAL;95.3;0.153142;0.622554
cuda;48000;100;CrossEntropyLoss();5093;28;Tanh();0.01;0.9;30;20;TRAIN;97.8;0.076124;3.585521
cuda;12000;100;CrossEntropyLoss();5093;28;Tanh();0.01;0.9;30;20;VAL;95.3;0.154198;0.626903
cuda;48000;100;CrossEntropyLoss();5093;28;Tanh();0.01;0.9;30;21;TRAIN;98.0;0.073703;3.042420
cuda;12000;100;CrossEntropyLoss();5093;28;Tanh();0.01;0.9;30;21;VAL;95.4;0.155859;0.642923
cuda;48000;100;CrossEntropyLoss();5093;28;Tanh();0.01;0.9;30;22;TRAIN;98.1;0.071347;3.593726
cuda;12000;100;CrossEntropyLoss();5093;28;Tanh();0.01;0.9;30;22;VAL;95.5;0.153248;0.663866
cuda;48000;100;CrossEntropyLoss();5093;28;Tanh();0.01;0.9;30;23;TRAIN;98.1;0.068799;3.080697
cuda;12000;100;CrossEntropyLoss();5093;28;Tanh();0.01;0.9;30;23;VAL;95.5;0.155223;0.658207
cuda;48000;100;CrossEntropyLoss();5093;28;Tanh();0.01;0.9;30;24;TRAIN;98.2;0.066924;3.530665
cuda;12000;100;CrossEntropyLoss();5093;28;Tanh();0.01;0.9;30;24;VAL;95.5;0.155223;0.630080
cuda;48000;100;CrossEntropyLoss();5093;28;Tanh();0.01;0.9;30;25;TRAIN;98.3;0.064949;2.863485
cuda;12000;100;CrossEntropyLoss();5093;28;Tanh();0.01;0.9;30;25;VAL;95.2;0.157750;1.143393
cuda;48000;100;CrossEntropyLoss();5093;28;Tanh();0.01;0.9;30;26;TRAIN;98.3;0.062819;2.852747
cuda;12000;100;CrossEntropyLoss();5093;28;Tanh();0.01;0.9;30;26;VAL;95.4;0.155646;1.017682
cuda;48000;100;CrossEntropyLoss();5093;28;Tanh();0.01;0.9;30;27;TRAIN;98.4;0.060919;2.635783
cuda;12000;100;CrossEntropyLoss();5093;28;Tanh();0.01;0.9;30;27;VAL;95.3;0.156083;0.768020
cuda;48000;100;CrossEntropyLoss();5093;28;Tanh();0.01;0.9;30;28;TRAIN;98.4;0.059254;3.569086
cuda;12000;100;CrossEntropyLoss();5093;28;Tanh();0.01;0.9;30;28;VAL;95.1;0.157981;0.640526
cuda;48000;100;CrossEntropyLoss();5093;28;Tanh();0.01;0.9;30;29;TRAIN;98.5;0.057598;3.002403
cuda;12000;100;CrossEntropyLoss();5093;28;Tanh();0.01;0.9;30;29;VAL;95.3;0.157660;0.754316
cuda;48000;100;CrossEntropyLoss();5093;28;Tanh();0.01;0.9;30;30;TRAIN;98.6;0.055423;3.439174
cuda;12000;100;CrossEntropyLoss();5093;28;Tanh();0.01;0.9;30;30;VAL;95.1;0.160091;0.645497
cuda;48000;100;CrossEntropyLoss();5093;28;Tanh();0.1;0.1;30;1;TRAIN;89.5;0.414187;3.047057
cuda;12000;100;CrossEntropyLoss();5093;28;Tanh();0.1;0.1;30;1;VAL;93.0;0.252513;0.756480
cuda;48000;100;CrossEntropyLoss();5093;28;Tanh();0.1;0.1;30;2;TRAIN;93.5;0.228794;2.880331
cuda;12000;100;CrossEntropyLoss();5093;28;Tanh();0.1;0.1;30;2;VAL;93.8;0.215944;1.172526
cuda;48000;100;CrossEntropyLoss();5093;28;Tanh();0.1;0.1;30;3;TRAIN;94.7;0.189698;2.631082
cuda;12000;100;CrossEntropyLoss();5093;28;Tanh();0.1;0.1;30;3;VAL;94.4;0.193451;1.386518
cuda;48000;100;CrossEntropyLoss();5093;28;Tanh();0.1;0.1;30;4;TRAIN;95.2;0.169104;2.908060
cuda;12000;100;CrossEntropyLoss();5093;28;Tanh();0.1;0.1;30;4;VAL;94.9;0.178811;0.697956
cuda;48000;100;CrossEntropyLoss();5093;28;Tanh();0.1;0.1;30;5;TRAIN;95.7;0.152446;3.117858
cuda;12000;100;CrossEntropyLoss();5093;28;Tanh();0.1;0.1;30;5;VAL;94.8;0.175759;0.745451
cuda;48000;100;CrossEntropyLoss();5093;28;Tanh();0.1;0.1;30;6;TRAIN;96.0;0.141418;2.792574
cuda;12000;100;CrossEntropyLoss();5093;28;Tanh();0.1;0.1;30;6;VAL;95.0;0.168984;1.216554
cuda;48000;100;CrossEntropyLoss();5093;28;Tanh();0.1;0.1;30;7;TRAIN;96.1;0.132426;2.561143
cuda;12000;100;CrossEntropyLoss();5093;28;Tanh();0.1;0.1;30;7;VAL;95.2;0.167450;1.364311
cuda;48000;100;CrossEntropyLoss();5093;28;Tanh();0.1;0.1;30;8;TRAIN;96.4;0.124884;2.810321
cuda;12000;100;CrossEntropyLoss();5093;28;Tanh();0.1;0.1;30;8;VAL;95.3;0.162741;0.853260
cuda;48000;100;CrossEntropyLoss();5093;28;Tanh();0.1;0.1;30;9;TRAIN;96.6;0.118603;2.951874
cuda;12000;100;CrossEntropyLoss();5093;28;Tanh();0.1;0.1;30;9;VAL;95.2;0.163752;0.790913
cuda;48000;100;CrossEntropyLoss();5093;28;Tanh();0.1;0.1;30;10;TRAIN;96.8;0.111212;3.389637
cuda;12000;100;CrossEntropyLoss();5093;28;Tanh();0.1;0.1;30;10;VAL;95.3;0.163994;0.647238
cuda;48000;100;CrossEntropyLoss();5093;28;Tanh();0.1;0.1;30;11;TRAIN;97.0;0.106573;3.312433
cuda;12000;100;CrossEntropyLoss();5093;28;Tanh();0.1;0.1;30;11;VAL;95.3;0.163177;0.801763
cuda;48000;100;CrossEntropyLoss();5093;28;Tanh();0.1;0.1;30;12;TRAIN;97.2;0.101496;3.291842
cuda;12000;100;CrossEntropyLoss();5093;28;Tanh();0.1;0.1;30;12;VAL;95.3;0.161964;0.615618
cuda;48000;100;CrossEntropyLoss();5093;28;Tanh();0.1;0.1;30;13;TRAIN;97.2;0.097411;3.482955
cuda;12000;100;CrossEntropyLoss();5093;28;Tanh();0.1;0.1;30;13;VAL;95.3;0.160653;0.780931
cuda;48000;100;CrossEntropyLoss();5093;28;Tanh();0.1;0.1;30;14;TRAIN;97.3;0.093678;3.098955
cuda;12000;100;CrossEntropyLoss();5093;28;Tanh();0.1;0.1;30;14;VAL;95.3;0.160932;0.644999
cuda;48000;100;CrossEntropyLoss();5093;28;Tanh();0.1;0.1;30;15;TRAIN;97.5;0.089140;3.429629
cuda;12000;100;CrossEntropyLoss();5093;28;Tanh();0.1;0.1;30;15;VAL;95.3;0.160549;0.756120
cuda;48000;100;CrossEntropyLoss();5093;28;Tanh();0.1;0.1;30;16;TRAIN;97.6;0.086261;2.758101
cuda;12000;100;CrossEntropyLoss();5093;28;Tanh();0.1;0.1;30;16;VAL;95.3;0.158096;0.990356
cuda;48000;100;CrossEntropyLoss();5093;28;Tanh();0.1;0.1;30;17;TRAIN;97.6;0.082975;2.881217
cuda;12000;100;CrossEntropyLoss();5093;28;Tanh();0.1;0.1;30;17;VAL;95.2;0.160674;1.320909
cuda;48000;100;CrossEntropyLoss();5093;28;Tanh();0.1;0.1;30;18;TRAIN;97.8;0.080020;2.581271
cuda;12000;100;CrossEntropyLoss();5093;28;Tanh();0.1;0.1;30;18;VAL;95.1;0.167333;0.709342
cuda;48000;100;CrossEntropyLoss();5093;28;Tanh();0.1;0.1;30;19;TRAIN;97.8;0.077186;2.452470
cuda;12000;100;CrossEntropyLoss();5093;28;Tanh();0.1;0.1;30;19;VAL;95.3;0.161763;0.682244
cuda;48000;100;CrossEntropyLoss();5093;28;Tanh();0.1;0.1;30;20;TRAIN;97.9;0.074415;3.260648
cuda;12000;100;CrossEntropyLoss();5093;28;Tanh();0.1;0.1;30;20;VAL;95.4;0.159737;0.662329
cuda;48000;100;CrossEntropyLoss();5093;28;Tanh();0.1;0.1;30;21;TRAIN;98.1;0.071919;2.629331
cuda;12000;100;CrossEntropyLoss();5093;28;Tanh();0.1;0.1;30;21;VAL;95.4;0.159127;1.279855
cuda;48000;100;CrossEntropyLoss();5093;28;Tanh();0.1;0.1;30;22;TRAIN;98.1;0.069007;2.735844
cuda;12000;100;CrossEntropyLoss();5093;28;Tanh();0.1;0.1;30;22;VAL;95.3;0.163392;0.629735
cuda;48000;100;CrossEntropyLoss();5093;28;Tanh();0.1;0.1;30;23;TRAIN;98.2;0.066943;2.326741
cuda;12000;100;CrossEntropyLoss();5093;28;Tanh();0.1;0.1;30;23;VAL;95.3;0.164542;0.684196
cuda;48000;100;CrossEntropyLoss();5093;28;Tanh();0.1;0.1;30;24;TRAIN;98.2;0.065263;2.572547
cuda;12000;100;CrossEntropyLoss();5093;28;Tanh();0.1;0.1;30;24;VAL;95.4;0.164882;0.689822
cuda;48000;100;CrossEntropyLoss();5093;28;Tanh();0.1;0.1;30;25;TRAIN;98.3;0.062965;2.945803
cuda;12000;100;CrossEntropyLoss();5093;28;Tanh();0.1;0.1;30;25;VAL;95.5;0.164349;0.688797
cuda;48000;100;CrossEntropyLoss();5093;28;Tanh();0.1;0.1;30;26;TRAIN;98.3;0.061783;2.698466
cuda;12000;100;CrossEntropyLoss();5093;28;Tanh();0.1;0.1;30;26;VAL;95.3;0.163526;0.596160
cuda;48000;100;CrossEntropyLoss();5093;28;Tanh();0.1;0.1;30;27;TRAIN;98.5;0.059094;2.385802
cuda;12000;100;CrossEntropyLoss();5093;28;Tanh();0.1;0.1;30;27;VAL;95.4;0.165902;0.579081
cuda;48000;100;CrossEntropyLoss();5093;28;Tanh();0.1;0.1;30;28;TRAIN;98.5;0.057888;2.576412
cuda;12000;100;CrossEntropyLoss();5093;28;Tanh();0.1;0.1;30;28;VAL;95.2;0.169741;0.633233
cuda;48000;100;CrossEntropyLoss();5093;28;Tanh();0.1;0.1;30;29;TRAIN;98.6;0.055658;2.318183
cuda;12000;100;CrossEntropyLoss();5093;28;Tanh();0.1;0.1;30;29;VAL;95.3;0.168523;0.580037
cuda;48000;100;CrossEntropyLoss();5093;28;Tanh();0.1;0.1;30;30;TRAIN;98.6;0.054919;2.981230
cuda;12000;100;CrossEntropyLoss();5093;28;Tanh();0.1;0.1;30;30;VAL;95.3;0.169236;0.876449
cuda;48000;100;CrossEntropyLoss();5093;28;Tanh();0.1;0.5;30;1;TRAIN;90.2;0.357847;2.684881
cuda;12000;100;CrossEntropyLoss();5093;28;Tanh();0.1;0.5;30;1;VAL;93.0;0.236461;0.877304
cuda;48000;100;CrossEntropyLoss();5093;28;Tanh();0.1;0.5;30;2;TRAIN;94.1;0.204173;2.927153
cuda;12000;100;CrossEntropyLoss();5093;28;Tanh();0.1;0.5;30;2;VAL;94.0;0.200660;0.790713
cuda;48000;100;CrossEntropyLoss();5093;28;Tanh();0.1;0.5;30;3;TRAIN;95.0;0.169892;3.156351
cuda;12000;100;CrossEntropyLoss();5093;28;Tanh();0.1;0.5;30;3;VAL;94.7;0.171392;0.662293
cuda;48000;100;CrossEntropyLoss();5093;28;Tanh();0.1;0.5;30;4;TRAIN;95.8;0.147651;2.653246
cuda;12000;100;CrossEntropyLoss();5093;28;Tanh();0.1;0.5;30;4;VAL;94.8;0.168889;1.204620
cuda;48000;100;CrossEntropyLoss();5093;28;Tanh();0.1;0.5;30;5;TRAIN;96.2;0.132879;2.691955
cuda;12000;100;CrossEntropyLoss();5093;28;Tanh();0.1;0.5;30;5;VAL;95.4;0.152323;0.699180
cuda;48000;100;CrossEntropyLoss();5093;28;Tanh();0.1;0.5;30;6;TRAIN;96.5;0.120591;3.141281
cuda;12000;100;CrossEntropyLoss();5093;28;Tanh();0.1;0.5;30;6;VAL;95.3;0.152069;0.831313
cuda;48000;100;CrossEntropyLoss();5093;28;Tanh();0.1;0.5;30;7;TRAIN;96.7;0.111516;3.541855
cuda;12000;100;CrossEntropyLoss();5093;28;Tanh();0.1;0.5;30;7;VAL;95.0;0.158156;0.639737
cuda;48000;100;CrossEntropyLoss();5093;28;Tanh();0.1;0.5;30;8;TRAIN;97.0;0.102386;3.252861
cuda;12000;100;CrossEntropyLoss();5093;28;Tanh();0.1;0.5;30;8;VAL;95.6;0.147018;0.786063
cuda;48000;100;CrossEntropyLoss();5093;28;Tanh();0.1;0.5;30;9;TRAIN;97.1;0.097624;2.736001
cuda;12000;100;CrossEntropyLoss();5093;28;Tanh();0.1;0.5;30;9;VAL;95.5;0.148947;1.036593
cuda;48000;100;CrossEntropyLoss();5093;28;Tanh();0.1;0.5;30;10;TRAIN;97.3;0.090269;2.775443
cuda;12000;100;CrossEntropyLoss();5093;28;Tanh();0.1;0.5;30;10;VAL;95.5;0.149689;0.805547
cuda;48000;100;CrossEntropyLoss();5093;28;Tanh();0.1;0.5;30;11;TRAIN;97.4;0.086131;3.126194
cuda;12000;100;CrossEntropyLoss();5093;28;Tanh();0.1;0.5;30;11;VAL;95.5;0.147359;0.663003
cuda;48000;100;CrossEntropyLoss();5093;28;Tanh();0.1;0.5;30;12;TRAIN;97.6;0.081461;3.334725
cuda;12000;100;CrossEntropyLoss();5093;28;Tanh();0.1;0.5;30;12;VAL;95.6;0.148100;0.737828
cuda;48000;100;CrossEntropyLoss();5093;28;Tanh();0.1;0.5;30;13;TRAIN;97.6;0.078610;3.119641
cuda;12000;100;CrossEntropyLoss();5093;28;Tanh();0.1;0.5;30;13;VAL;95.6;0.147823;0.696511
cuda;48000;100;CrossEntropyLoss();5093;28;Tanh();0.1;0.5;30;14;TRAIN;97.8;0.073587;3.234127
cuda;12000;100;CrossEntropyLoss();5093;28;Tanh();0.1;0.5;30;14;VAL;95.6;0.146633;0.948700
cuda;48000;100;CrossEntropyLoss();5093;28;Tanh();0.1;0.5;30;15;TRAIN;97.9;0.069847;2.554264
cuda;12000;100;CrossEntropyLoss();5093;28;Tanh();0.1;0.5;30;15;VAL;95.8;0.141276;1.011180
cuda;48000;100;CrossEntropyLoss();5093;28;Tanh();0.1;0.5;30;16;TRAIN;98.0;0.067407;3.023900
cuda;12000;100;CrossEntropyLoss();5093;28;Tanh();0.1;0.5;30;16;VAL;95.6;0.148263;0.716708
cuda;48000;100;CrossEntropyLoss();5093;28;Tanh();0.1;0.5;30;17;TRAIN;98.1;0.064597;3.042328
cuda;12000;100;CrossEntropyLoss();5093;28;Tanh();0.1;0.5;30;17;VAL;95.9;0.147491;0.606565
cuda;48000;100;CrossEntropyLoss();5093;28;Tanh();0.1;0.5;30;18;TRAIN;98.2;0.060866;3.326358
cuda;12000;100;CrossEntropyLoss();5093;28;Tanh();0.1;0.5;30;18;VAL;95.6;0.151450;0.717421
cuda;48000;100;CrossEntropyLoss();5093;28;Tanh();0.1;0.5;30;19;TRAIN;98.3;0.058821;2.568855
cuda;12000;100;CrossEntropyLoss();5093;28;Tanh();0.1;0.5;30;19;VAL;95.5;0.150420;0.580495
cuda;48000;100;CrossEntropyLoss();5093;28;Tanh();0.1;0.5;30;20;TRAIN;98.4;0.056357;2.359921
cuda;12000;100;CrossEntropyLoss();5093;28;Tanh();0.1;0.5;30;20;VAL;95.6;0.151553;0.709840
cuda;48000;100;CrossEntropyLoss();5093;28;Tanh();0.1;0.5;30;21;TRAIN;98.5;0.054613;2.506036
cuda;12000;100;CrossEntropyLoss();5093;28;Tanh();0.1;0.5;30;21;VAL;95.7;0.150903;0.589136
cuda;48000;100;CrossEntropyLoss();5093;28;Tanh();0.1;0.5;30;22;TRAIN;98.5;0.052677;2.388272
cuda;12000;100;CrossEntropyLoss();5093;28;Tanh();0.1;0.5;30;22;VAL;95.5;0.156527;0.610863
cuda;48000;100;CrossEntropyLoss();5093;28;Tanh();0.1;0.5;30;23;TRAIN;98.6;0.049758;2.611640
cuda;12000;100;CrossEntropyLoss();5093;28;Tanh();0.1;0.5;30;23;VAL;95.6;0.154643;0.613983
cuda;48000;100;CrossEntropyLoss();5093;28;Tanh();0.1;0.5;30;24;TRAIN;98.7;0.048103;3.018688
cuda;12000;100;CrossEntropyLoss();5093;28;Tanh();0.1;0.5;30;24;VAL;95.9;0.150707;0.626779
cuda;48000;100;CrossEntropyLoss();5093;28;Tanh();0.1;0.5;30;25;TRAIN;98.7;0.048112;2.987151
cuda;12000;100;CrossEntropyLoss();5093;28;Tanh();0.1;0.5;30;25;VAL;95.8;0.155460;0.607359
cuda;48000;100;CrossEntropyLoss();5093;28;Tanh();0.1;0.5;30;26;TRAIN;98.8;0.045046;2.362133
cuda;12000;100;CrossEntropyLoss();5093;28;Tanh();0.1;0.5;30;26;VAL;95.7;0.158104;0.612912
cuda;48000;100;CrossEntropyLoss();5093;28;Tanh();0.1;0.5;30;27;TRAIN;98.9;0.043319;2.611553
cuda;12000;100;CrossEntropyLoss();5093;28;Tanh();0.1;0.5;30;27;VAL;95.6;0.158869;0.663685
cuda;48000;100;CrossEntropyLoss();5093;28;Tanh();0.1;0.5;30;28;TRAIN;98.9;0.041338;2.328688
cuda;12000;100;CrossEntropyLoss();5093;28;Tanh();0.1;0.5;30;28;VAL;95.7;0.154969;0.603909
cuda;48000;100;CrossEntropyLoss();5093;28;Tanh();0.1;0.5;30;29;TRAIN;99.0;0.040667;2.446252
cuda;12000;100;CrossEntropyLoss();5093;28;Tanh();0.1;0.5;30;29;VAL;95.8;0.155203;0.723428
cuda;48000;100;CrossEntropyLoss();5093;28;Tanh();0.1;0.5;30;30;TRAIN;99.0;0.039005;2.444060
cuda;12000;100;CrossEntropyLoss();5093;28;Tanh();0.1;0.5;30;30;VAL;95.6;0.163948;0.594827
cuda;48000;100;CrossEntropyLoss();5093;28;Tanh();0.1;0.9;30;1;TRAIN;89.2;0.365569;2.421002
cuda;12000;100;CrossEntropyLoss();5093;28;Tanh();0.1;0.9;30;1;VAL;92.3;0.255714;0.871662
cuda;48000;100;CrossEntropyLoss();5093;28;Tanh();0.1;0.9;30;2;TRAIN;92.6;0.250382;3.647898
cuda;12000;100;CrossEntropyLoss();5093;28;Tanh();0.1;0.9;30;2;VAL;92.6;0.248090;0.875311
cuda;48000;100;CrossEntropyLoss();5093;28;Tanh();0.1;0.9;30;3;TRAIN;93.7;0.217336;3.466507
cuda;12000;100;CrossEntropyLoss();5093;28;Tanh();0.1;0.9;30;3;VAL;93.1;0.231557;0.923481
cuda;48000;100;CrossEntropyLoss();5093;28;Tanh();0.1;0.9;30;4;TRAIN;94.2;0.198763;3.391502
cuda;12000;100;CrossEntropyLoss();5093;28;Tanh();0.1;0.9;30;4;VAL;93.8;0.211657;0.668494
cuda;48000;100;CrossEntropyLoss();5093;28;Tanh();0.1;0.9;30;5;TRAIN;94.5;0.184533;3.222904
cuda;12000;100;CrossEntropyLoss();5093;28;Tanh();0.1;0.9;30;5;VAL;94.0;0.201541;0.814078
cuda;48000;100;CrossEntropyLoss();5093;28;Tanh();0.1;0.9;30;6;TRAIN;94.5;0.179954;3.579981
cuda;12000;100;CrossEntropyLoss();5093;28;Tanh();0.1;0.9;30;6;VAL;93.9;0.203714;0.808385
cuda;48000;100;CrossEntropyLoss();5093;28;Tanh();0.1;0.9;30;7;TRAIN;94.9;0.170825;3.421336
cuda;12000;100;CrossEntropyLoss();5093;28;Tanh();0.1;0.9;30;7;VAL;94.0;0.205691;0.816970
cuda;48000;100;CrossEntropyLoss();5093;28;Tanh();0.1;0.9;30;8;TRAIN;94.9;0.167367;3.219791
cuda;12000;100;CrossEntropyLoss();5093;28;Tanh();0.1;0.9;30;8;VAL;94.3;0.199582;0.701995
cuda;48000;100;CrossEntropyLoss();5093;28;Tanh();0.1;0.9;30;9;TRAIN;95.1;0.162565;2.756810
cuda;12000;100;CrossEntropyLoss();5093;28;Tanh();0.1;0.9;30;9;VAL;94.1;0.200910;0.641920
cuda;48000;100;CrossEntropyLoss();5093;28;Tanh();0.1;0.9;30;10;TRAIN;95.3;0.156265;3.123946
cuda;12000;100;CrossEntropyLoss();5093;28;Tanh();0.1;0.9;30;10;VAL;94.3;0.196616;0.641405
cuda;48000;100;CrossEntropyLoss();5093;28;Tanh();0.1;0.9;30;11;TRAIN;95.6;0.148826;3.489890
cuda;12000;100;CrossEntropyLoss();5093;28;Tanh();0.1;0.9;30;11;VAL;94.4;0.190684;0.762220
cuda;48000;100;CrossEntropyLoss();5093;28;Tanh();0.1;0.9;30;12;TRAIN;95.7;0.141977;3.115066
cuda;12000;100;CrossEntropyLoss();5093;28;Tanh();0.1;0.9;30;12;VAL;94.5;0.186496;0.626974
cuda;48000;100;CrossEntropyLoss();5093;28;Tanh();0.1;0.9;30;13;TRAIN;95.8;0.138254;3.452157
cuda;12000;100;CrossEntropyLoss();5093;28;Tanh();0.1;0.9;30;13;VAL;94.5;0.189000;0.783017
cuda;48000;100;CrossEntropyLoss();5093;28;Tanh();0.1;0.9;30;14;TRAIN;95.8;0.138192;2.844450
cuda;12000;100;CrossEntropyLoss();5093;28;Tanh();0.1;0.9;30;14;VAL;94.0;0.202943;0.891365
cuda;48000;100;CrossEntropyLoss();5093;28;Tanh();0.1;0.9;30;15;TRAIN;95.8;0.137990;2.958554
cuda;12000;100;CrossEntropyLoss();5093;28;Tanh();0.1;0.9;30;15;VAL;94.8;0.187381;1.335370
cuda;48000;100;CrossEntropyLoss();5093;28;Tanh();0.1;0.9;30;16;TRAIN;96.0;0.129676;2.641591
cuda;12000;100;CrossEntropyLoss();5093;28;Tanh();0.1;0.9;30;16;VAL;94.6;0.185510;0.598744
cuda;48000;100;CrossEntropyLoss();5093;28;Tanh();0.1;0.9;30;17;TRAIN;96.2;0.125509;3.246090
cuda;12000;100;CrossEntropyLoss();5093;28;Tanh();0.1;0.9;30;17;VAL;94.4;0.189491;0.761259
cuda;48000;100;CrossEntropyLoss();5093;28;Tanh();0.1;0.9;30;18;TRAIN;96.1;0.125853;3.308553
cuda;12000;100;CrossEntropyLoss();5093;28;Tanh();0.1;0.9;30;18;VAL;94.6;0.181946;0.688618
cuda;48000;100;CrossEntropyLoss();5093;28;Tanh();0.1;0.9;30;19;TRAIN;96.4;0.118191;2.816274
cuda;12000;100;CrossEntropyLoss();5093;28;Tanh();0.1;0.9;30;19;VAL;94.5;0.187433;0.660187
cuda;48000;100;CrossEntropyLoss();5093;28;Tanh();0.1;0.9;30;20;TRAIN;96.3;0.119094;2.382740
cuda;12000;100;CrossEntropyLoss();5093;28;Tanh();0.1;0.9;30;20;VAL;94.6;0.187494;0.609304
cuda;48000;100;CrossEntropyLoss();5093;28;Tanh();0.1;0.9;30;21;TRAIN;96.4;0.117301;2.378539
cuda;12000;100;CrossEntropyLoss();5093;28;Tanh();0.1;0.9;30;21;VAL;94.7;0.189692;0.671025
cuda;48000;100;CrossEntropyLoss();5093;28;Tanh();0.1;0.9;30;22;TRAIN;96.5;0.114729;3.615395
cuda;12000;100;CrossEntropyLoss();5093;28;Tanh();0.1;0.9;30;22;VAL;94.3;0.196078;1.383674
cuda;48000;100;CrossEntropyLoss();5093;28;Tanh();0.1;0.9;30;23;TRAIN;96.5;0.112605;4.048808
cuda;12000;100;CrossEntropyLoss();5093;28;Tanh();0.1;0.9;30;23;VAL;94.5;0.187749;0.790055
cuda;48000;100;CrossEntropyLoss();5093;28;Tanh();0.1;0.9;30;24;TRAIN;96.6;0.109742;6.071518
cuda;12000;100;CrossEntropyLoss();5093;28;Tanh();0.1;0.9;30;24;VAL;94.8;0.183469;0.831017
cuda;48000;100;CrossEntropyLoss();5093;28;Tanh();0.1;0.9;30;25;TRAIN;96.6;0.107801;3.090204
cuda;12000;100;CrossEntropyLoss();5093;28;Tanh();0.1;0.9;30;25;VAL;94.7;0.187040;0.611022
cuda;48000;100;CrossEntropyLoss();5093;28;Tanh();0.1;0.9;30;26;TRAIN;96.5;0.112544;2.913590
cuda;12000;100;CrossEntropyLoss();5093;28;Tanh();0.1;0.9;30;26;VAL;94.4;0.193698;0.736679
cuda;48000;100;CrossEntropyLoss();5093;28;Tanh();0.1;0.9;30;27;TRAIN;96.9;0.101974;2.965901
cuda;12000;100;CrossEntropyLoss();5093;28;Tanh();0.1;0.9;30;27;VAL;94.7;0.188542;0.619992
cuda;48000;100;CrossEntropyLoss();5093;28;Tanh();0.1;0.9;30;28;TRAIN;96.9;0.101080;2.427456
cuda;12000;100;CrossEntropyLoss();5093;28;Tanh();0.1;0.9;30;28;VAL;94.7;0.190239;0.920419
cuda;48000;100;CrossEntropyLoss();5093;28;Tanh();0.1;0.9;30;29;TRAIN;97.0;0.097807;5.684436
cuda;12000;100;CrossEntropyLoss();5093;28;Tanh();0.1;0.9;30;29;VAL;94.9;0.192841;1.456161
cuda;48000;100;CrossEntropyLoss();5093;28;Tanh();0.1;0.9;30;30;TRAIN;96.9;0.101022;5.858373
cuda;12000;100;CrossEntropyLoss();5093;28;Tanh();0.1;0.9;30;30;VAL;94.8;0.188777;1.042523
cuda;48000;100;CrossEntropyLoss();5093;397;Tanh();0.001;0.1;30;1;TRAIN;63.1;1.664742;4.461719
cuda;12000;100;CrossEntropyLoss();5093;397;Tanh();0.001;0.1;30;1;VAL;78.8;1.197395;1.254286
cuda;48000;100;CrossEntropyLoss();5093;397;Tanh();0.001;0.1;30;2;TRAIN;81.1;0.989016;4.797831
cuda;12000;100;CrossEntropyLoss();5093;397;Tanh();0.001;0.1;30;2;VAL;83.4;0.832710;0.779201
cuda;48000;100;CrossEntropyLoss();5093;397;Tanh();0.001;0.1;30;3;TRAIN;84.3;0.747153;4.734818
cuda;12000;100;CrossEntropyLoss();5093;397;Tanh();0.001;0.1;30;3;VAL;85.4;0.674629;1.119638
cuda;48000;100;CrossEntropyLoss();5093;397;Tanh();0.001;0.1;30;4;TRAIN;85.8;0.629044;5.222897
cuda;12000;100;CrossEntropyLoss();5093;397;Tanh();0.001;0.1;30;4;VAL;86.5;0.587377;1.258649
cuda;48000;100;CrossEntropyLoss();5093;397;Tanh();0.001;0.1;30;5;TRAIN;86.7;0.558972;5.907509
cuda;12000;100;CrossEntropyLoss();5093;397;Tanh();0.001;0.1;30;5;VAL;87.3;0.531665;0.979589
cuda;48000;100;CrossEntropyLoss();5093;397;Tanh();0.001;0.1;30;6;TRAIN;87.4;0.512217;5.939717
cuda;12000;100;CrossEntropyLoss();5093;397;Tanh();0.001;0.1;30;6;VAL;87.8;0.493111;1.008953
cuda;48000;100;CrossEntropyLoss();5093;397;Tanh();0.001;0.1;30;7;TRAIN;87.9;0.478649;3.212476
cuda;12000;100;CrossEntropyLoss();5093;397;Tanh();0.001;0.1;30;7;VAL;88.2;0.464630;1.061189
cuda;48000;100;CrossEntropyLoss();5093;397;Tanh();0.001;0.1;30;8;TRAIN;88.3;0.453251;3.625137
cuda;12000;100;CrossEntropyLoss();5093;397;Tanh();0.001;0.1;30;8;VAL;88.5;0.442635;0.811021
cuda;48000;100;CrossEntropyLoss();5093;397;Tanh();0.001;0.1;30;9;TRAIN;88.6;0.433255;3.697680
cuda;12000;100;CrossEntropyLoss();5093;397;Tanh();0.001;0.1;30;9;VAL;88.8;0.425242;0.879414
cuda;48000;100;CrossEntropyLoss();5093;397;Tanh();0.001;0.1;30;10;TRAIN;88.9;0.417052;3.762583
cuda;12000;100;CrossEntropyLoss();5093;397;Tanh();0.001;0.1;30;10;VAL;89.1;0.410897;0.777726
cuda;48000;100;CrossEntropyLoss();5093;397;Tanh();0.001;0.1;30;11;TRAIN;89.1;0.403577;3.628510
cuda;12000;100;CrossEntropyLoss();5093;397;Tanh();0.001;0.1;30;11;VAL;89.3;0.398782;0.866569
cuda;48000;100;CrossEntropyLoss();5093;397;Tanh();0.001;0.1;30;12;TRAIN;89.3;0.392155;3.625649
cuda;12000;100;CrossEntropyLoss();5093;397;Tanh();0.001;0.1;30;12;VAL;89.5;0.388525;0.728614
cuda;48000;100;CrossEntropyLoss();5093;397;Tanh();0.001;0.1;30;13;TRAIN;89.5;0.382266;3.098765
cuda;12000;100;CrossEntropyLoss();5093;397;Tanh();0.001;0.1;30;13;VAL;89.6;0.379652;0.756776
cuda;48000;100;CrossEntropyLoss();5093;397;Tanh();0.001;0.1;30;14;TRAIN;89.7;0.373682;3.305239
cuda;12000;100;CrossEntropyLoss();5093;397;Tanh();0.001;0.1;30;14;VAL;89.8;0.371816;0.694669
cuda;48000;100;CrossEntropyLoss();5093;397;Tanh();0.001;0.1;30;15;TRAIN;89.8;0.366039;2.972555
cuda;12000;100;CrossEntropyLoss();5093;397;Tanh();0.001;0.1;30;15;VAL;89.9;0.364873;0.669883
cuda;48000;100;CrossEntropyLoss();5093;397;Tanh();0.001;0.1;30;16;TRAIN;89.9;0.359218;4.084783
cuda;12000;100;CrossEntropyLoss();5093;397;Tanh();0.001;0.1;30;16;VAL;90.0;0.358784;0.902422
cuda;48000;100;CrossEntropyLoss();5093;397;Tanh();0.001;0.1;30;17;TRAIN;90.0;0.353051;2.990157
cuda;12000;100;CrossEntropyLoss();5093;397;Tanh();0.001;0.1;30;17;VAL;90.2;0.353082;0.639365
cuda;48000;100;CrossEntropyLoss();5093;397;Tanh();0.001;0.1;30;18;TRAIN;90.2;0.347441;3.296600
cuda;12000;100;CrossEntropyLoss();5093;397;Tanh();0.001;0.1;30;18;VAL;90.2;0.347692;0.816389
cuda;48000;100;CrossEntropyLoss();5093;397;Tanh();0.001;0.1;30;19;TRAIN;90.3;0.342324;2.770703
cuda;12000;100;CrossEntropyLoss();5093;397;Tanh();0.001;0.1;30;19;VAL;90.3;0.343106;0.669891
cuda;48000;100;CrossEntropyLoss();5093;397;Tanh();0.001;0.1;30;20;TRAIN;90.4;0.337586;2.939042
cuda;12000;100;CrossEntropyLoss();5093;397;Tanh();0.001;0.1;30;20;VAL;90.4;0.338728;0.790021
cuda;48000;100;CrossEntropyLoss();5093;397;Tanh();0.001;0.1;30;21;TRAIN;90.5;0.333181;3.129133
cuda;12000;100;CrossEntropyLoss();5093;397;Tanh();0.001;0.1;30;21;VAL;90.5;0.334823;1.024631
cuda;48000;100;CrossEntropyLoss();5093;397;Tanh();0.001;0.1;30;22;TRAIN;90.6;0.329093;3.530757
cuda;12000;100;CrossEntropyLoss();5093;397;Tanh();0.001;0.1;30;22;VAL;90.6;0.330956;0.839835
cuda;48000;100;CrossEntropyLoss();5093;397;Tanh();0.001;0.1;30;23;TRAIN;90.8;0.325265;3.357142
cuda;12000;100;CrossEntropyLoss();5093;397;Tanh();0.001;0.1;30;23;VAL;90.7;0.327336;0.933596
cuda;48000;100;CrossEntropyLoss();5093;397;Tanh();0.001;0.1;30;24;TRAIN;90.9;0.321647;3.019730
cuda;12000;100;CrossEntropyLoss();5093;397;Tanh();0.001;0.1;30;24;VAL;90.8;0.324030;0.769076
cuda;48000;100;CrossEntropyLoss();5093;397;Tanh();0.001;0.1;30;25;TRAIN;91.0;0.318210;3.929452
cuda;12000;100;CrossEntropyLoss();5093;397;Tanh();0.001;0.1;30;25;VAL;90.8;0.321085;0.788040
cuda;48000;100;CrossEntropyLoss();5093;397;Tanh();0.001;0.1;30;26;TRAIN;91.0;0.315000;2.972505
cuda;12000;100;CrossEntropyLoss();5093;397;Tanh();0.001;0.1;30;26;VAL;90.9;0.318035;1.001453
cuda;48000;100;CrossEntropyLoss();5093;397;Tanh();0.001;0.1;30;27;TRAIN;91.1;0.311910;3.463533
cuda;12000;100;CrossEntropyLoss();5093;397;Tanh();0.001;0.1;30;27;VAL;90.9;0.315317;0.769472
cuda;48000;100;CrossEntropyLoss();5093;397;Tanh();0.001;0.1;30;28;TRAIN;91.2;0.309018;3.675417
cuda;12000;100;CrossEntropyLoss();5093;397;Tanh();0.001;0.1;30;28;VAL;91.0;0.312464;0.785228
cuda;48000;100;CrossEntropyLoss();5093;397;Tanh();0.001;0.1;30;29;TRAIN;91.3;0.306202;3.547452
cuda;12000;100;CrossEntropyLoss();5093;397;Tanh();0.001;0.1;30;29;VAL;91.1;0.309701;0.808286
cuda;48000;100;CrossEntropyLoss();5093;397;Tanh();0.001;0.1;30;30;TRAIN;91.4;0.303542;3.652441
cuda;12000;100;CrossEntropyLoss();5093;397;Tanh();0.001;0.1;30;30;VAL;91.1;0.307281;0.791013
cuda;48000;100;CrossEntropyLoss();5093;397;Tanh();0.001;0.5;30;1;TRAIN;70.3;1.378354;4.043124
cuda;12000;100;CrossEntropyLoss();5093;397;Tanh();0.001;0.5;30;1;VAL;82.4;0.884308;1.081669
cuda;48000;100;CrossEntropyLoss();5093;397;Tanh();0.001;0.5;30;2;TRAIN;84.2;0.728733;3.334360
cuda;12000;100;CrossEntropyLoss();5093;397;Tanh();0.001;0.5;30;2;VAL;85.9;0.618535;0.747686
cuda;48000;100;CrossEntropyLoss();5093;397;Tanh();0.001;0.5;30;3;TRAIN;86.6;0.562457;3.951105
cuda;12000;100;CrossEntropyLoss();5093;397;Tanh();0.001;0.5;30;3;VAL;87.5;0.515208;1.181112
cuda;48000;100;CrossEntropyLoss();5093;397;Tanh();0.001;0.5;30;4;TRAIN;87.7;0.486028;3.641723
cuda;12000;100;CrossEntropyLoss();5093;397;Tanh();0.001;0.5;30;4;VAL;88.2;0.459924;0.752565
cuda;48000;100;CrossEntropyLoss();5093;397;Tanh();0.001;0.5;30;5;TRAIN;88.5;0.441234;3.988127
cuda;12000;100;CrossEntropyLoss();5093;397;Tanh();0.001;0.5;30;5;VAL;88.9;0.424551;0.814534
cuda;48000;100;CrossEntropyLoss();5093;397;Tanh();0.001;0.5;30;6;TRAIN;89.0;0.411366;3.216656
cuda;12000;100;CrossEntropyLoss();5093;397;Tanh();0.001;0.5;30;6;VAL;89.1;0.400352;0.682092
cuda;48000;100;CrossEntropyLoss();5093;397;Tanh();0.001;0.5;30;7;TRAIN;89.4;0.389832;3.460524
cuda;12000;100;CrossEntropyLoss();5093;397;Tanh();0.001;0.5;30;7;VAL;89.5;0.382088;0.910940
cuda;48000;100;CrossEntropyLoss();5093;397;Tanh();0.001;0.5;30;8;TRAIN;89.7;0.373294;3.489466
cuda;12000;100;CrossEntropyLoss();5093;397;Tanh();0.001;0.5;30;8;VAL;89.7;0.368277;1.058792
cuda;48000;100;CrossEntropyLoss();5093;397;Tanh();0.001;0.5;30;9;TRAIN;90.0;0.360103;3.991156
cuda;12000;100;CrossEntropyLoss();5093;397;Tanh();0.001;0.5;30;9;VAL;90.0;0.356700;1.014138
cuda;48000;100;CrossEntropyLoss();5093;397;Tanh();0.001;0.5;30;10;TRAIN;90.2;0.349196;3.679037
cuda;12000;100;CrossEntropyLoss();5093;397;Tanh();0.001;0.5;30;10;VAL;90.1;0.347492;1.075411
cuda;48000;100;CrossEntropyLoss();5093;397;Tanh();0.001;0.5;30;11;TRAIN;90.4;0.339969;3.261462
cuda;12000;100;CrossEntropyLoss();5093;397;Tanh();0.001;0.5;30;11;VAL;90.4;0.339007;0.937684
cuda;48000;100;CrossEntropyLoss();5093;397;Tanh();0.001;0.5;30;12;TRAIN;90.6;0.331892;3.104360
cuda;12000;100;CrossEntropyLoss();5093;397;Tanh();0.001;0.5;30;12;VAL;90.5;0.331831;1.141061
cuda;48000;100;CrossEntropyLoss();5093;397;Tanh();0.001;0.5;30;13;TRAIN;90.8;0.324879;3.548658
cuda;12000;100;CrossEntropyLoss();5093;397;Tanh();0.001;0.5;30;13;VAL;90.7;0.325496;0.882894
cuda;48000;100;CrossEntropyLoss();5093;397;Tanh();0.001;0.5;30;14;TRAIN;90.9;0.318547;3.784247
cuda;12000;100;CrossEntropyLoss();5093;397;Tanh();0.001;0.5;30;14;VAL;90.7;0.319825;0.762333
cuda;48000;100;CrossEntropyLoss();5093;397;Tanh();0.001;0.5;30;15;TRAIN;91.1;0.312832;3.637985
cuda;12000;100;CrossEntropyLoss();5093;397;Tanh();0.001;0.5;30;15;VAL;90.9;0.314626;0.921678
cuda;48000;100;CrossEntropyLoss();5093;397;Tanh();0.001;0.5;30;16;TRAIN;91.2;0.307607;4.480723
cuda;12000;100;CrossEntropyLoss();5093;397;Tanh();0.001;0.5;30;16;VAL;91.0;0.310010;0.914078
cuda;48000;100;CrossEntropyLoss();5093;397;Tanh();0.001;0.5;30;17;TRAIN;91.4;0.302789;6.402154
cuda;12000;100;CrossEntropyLoss();5093;397;Tanh();0.001;0.5;30;17;VAL;91.1;0.305384;2.054386
cuda;48000;100;CrossEntropyLoss();5093;397;Tanh();0.001;0.5;30;18;TRAIN;91.5;0.298283;3.951415
cuda;12000;100;CrossEntropyLoss();5093;397;Tanh();0.001;0.5;30;18;VAL;91.3;0.301473;1.363792
cuda;48000;100;CrossEntropyLoss();5093;397;Tanh();0.001;0.5;30;19;TRAIN;91.6;0.294101;3.555664
cuda;12000;100;CrossEntropyLoss();5093;397;Tanh();0.001;0.5;30;19;VAL;91.4;0.297527;1.107644
cuda;48000;100;CrossEntropyLoss();5093;397;Tanh();0.001;0.5;30;20;TRAIN;91.7;0.290090;3.112300
cuda;12000;100;CrossEntropyLoss();5093;397;Tanh();0.001;0.5;30;20;VAL;91.5;0.294036;0.725687
cuda;48000;100;CrossEntropyLoss();5093;397;Tanh();0.001;0.5;30;21;TRAIN;91.8;0.286381;4.152837
cuda;12000;100;CrossEntropyLoss();5093;397;Tanh();0.001;0.5;30;21;VAL;91.6;0.290444;0.720632
cuda;48000;100;CrossEntropyLoss();5093;397;Tanh();0.001;0.5;30;22;TRAIN;91.9;0.282820;3.334411
cuda;12000;100;CrossEntropyLoss();5093;397;Tanh();0.001;0.5;30;22;VAL;91.7;0.287241;0.814877
cuda;48000;100;CrossEntropyLoss();5093;397;Tanh();0.001;0.5;30;23;TRAIN;92.0;0.279359;4.112009
cuda;12000;100;CrossEntropyLoss();5093;397;Tanh();0.001;0.5;30;23;VAL;91.8;0.283907;0.793166
cuda;48000;100;CrossEntropyLoss();5093;397;Tanh();0.001;0.5;30;24;TRAIN;92.1;0.276137;3.852327
cuda;12000;100;CrossEntropyLoss();5093;397;Tanh();0.001;0.5;30;24;VAL;91.9;0.281128;0.905794
cuda;48000;100;CrossEntropyLoss();5093;397;Tanh();0.001;0.5;30;25;TRAIN;92.2;0.272987;3.776738
cuda;12000;100;CrossEntropyLoss();5093;397;Tanh();0.001;0.5;30;25;VAL;91.9;0.278161;0.708818
cuda;48000;100;CrossEntropyLoss();5093;397;Tanh();0.001;0.5;30;26;TRAIN;92.2;0.269949;4.059079
cuda;12000;100;CrossEntropyLoss();5093;397;Tanh();0.001;0.5;30;26;VAL;92.1;0.275163;0.877186
cuda;48000;100;CrossEntropyLoss();5093;397;Tanh();0.001;0.5;30;27;TRAIN;92.3;0.267000;3.712173
cuda;12000;100;CrossEntropyLoss();5093;397;Tanh();0.001;0.5;30;27;VAL;92.1;0.272670;0.795116
cuda;48000;100;CrossEntropyLoss();5093;397;Tanh();0.001;0.5;30;28;TRAIN;92.4;0.264149;3.925426
cuda;12000;100;CrossEntropyLoss();5093;397;Tanh();0.001;0.5;30;28;VAL;92.2;0.270023;0.671805
cuda;48000;100;CrossEntropyLoss();5093;397;Tanh();0.001;0.5;30;29;TRAIN;92.5;0.261347;3.282424
cuda;12000;100;CrossEntropyLoss();5093;397;Tanh();0.001;0.5;30;29;VAL;92.3;0.267825;1.322796
cuda;48000;100;CrossEntropyLoss();5093;397;Tanh();0.001;0.5;30;30;TRAIN;92.6;0.258700;3.560227
cuda;12000;100;CrossEntropyLoss();5093;397;Tanh();0.001;0.5;30;30;VAL;92.3;0.264765;0.622954
cuda;48000;100;CrossEntropyLoss();5093;397;Tanh();0.001;0.9;30;1;TRAIN;81.3;0.749606;3.583257
cuda;12000;100;CrossEntropyLoss();5093;397;Tanh();0.001;0.9;30;1;VAL;88.8;0.424521;0.871656
cuda;48000;100;CrossEntropyLoss();5093;397;Tanh();0.001;0.9;30;2;TRAIN;89.5;0.379045;3.724269
cuda;12000;100;CrossEntropyLoss();5093;397;Tanh();0.001;0.9;30;2;VAL;90.2;0.348069;0.718321
cuda;48000;100;CrossEntropyLoss();5093;397;Tanh();0.001;0.9;30;3;TRAIN;90.7;0.328175;3.852521
cuda;12000;100;CrossEntropyLoss();5093;397;Tanh();0.001;0.9;30;3;VAL;90.9;0.316063;0.802058
cuda;48000;100;CrossEntropyLoss();5093;397;Tanh();0.001;0.9;30;4;TRAIN;91.4;0.300921;3.755774
cuda;12000;100;CrossEntropyLoss();5093;397;Tanh();0.001;0.9;30;4;VAL;91.4;0.296452;0.746912
cuda;48000;100;CrossEntropyLoss();5093;397;Tanh();0.001;0.9;30;5;TRAIN;92.0;0.281885;4.012734
cuda;12000;100;CrossEntropyLoss();5093;397;Tanh();0.001;0.9;30;5;VAL;91.8;0.279713;0.780961
cuda;48000;100;CrossEntropyLoss();5093;397;Tanh();0.001;0.9;30;6;TRAIN;92.4;0.266561;3.523356
cuda;12000;100;CrossEntropyLoss();5093;397;Tanh();0.001;0.9;30;6;VAL;92.2;0.267917;0.861830
cuda;48000;100;CrossEntropyLoss();5093;397;Tanh();0.001;0.9;30;7;TRAIN;92.8;0.253394;3.925475
cuda;12000;100;CrossEntropyLoss();5093;397;Tanh();0.001;0.9;30;7;VAL;92.7;0.255519;0.887514
cuda;48000;100;CrossEntropyLoss();5093;397;Tanh();0.001;0.9;30;8;TRAIN;93.2;0.241421;3.197872
cuda;12000;100;CrossEntropyLoss();5093;397;Tanh();0.001;0.9;30;8;VAL;93.0;0.244288;0.707605
cuda;48000;100;CrossEntropyLoss();5093;397;Tanh();0.001;0.9;30;9;TRAIN;93.5;0.230408;3.449852
cuda;12000;100;CrossEntropyLoss();5093;397;Tanh();0.001;0.9;30;9;VAL;93.3;0.234407;0.721239
cuda;48000;100;CrossEntropyLoss();5093;397;Tanh();0.001;0.9;30;10;TRAIN;93.8;0.219894;3.534455
cuda;12000;100;CrossEntropyLoss();5093;397;Tanh();0.001;0.9;30;10;VAL;93.5;0.225336;0.902636
cuda;48000;100;CrossEntropyLoss();5093;397;Tanh();0.001;0.9;30;11;TRAIN;94.1;0.210300;3.574996
cuda;12000;100;CrossEntropyLoss();5093;397;Tanh();0.001;0.9;30;11;VAL;93.8;0.217080;0.675830
cuda;48000;100;CrossEntropyLoss();5093;397;Tanh();0.001;0.9;30;12;TRAIN;94.4;0.201422;3.608603
cuda;12000;100;CrossEntropyLoss();5093;397;Tanh();0.001;0.9;30;12;VAL;93.9;0.208045;0.739124
cuda;48000;100;CrossEntropyLoss();5093;397;Tanh();0.001;0.9;30;13;TRAIN;94.6;0.192613;4.052350
cuda;12000;100;CrossEntropyLoss();5093;397;Tanh();0.001;0.9;30;13;VAL;94.3;0.200111;0.674648
cuda;48000;100;CrossEntropyLoss();5093;397;Tanh();0.001;0.9;30;14;TRAIN;94.8;0.184981;3.799443
cuda;12000;100;CrossEntropyLoss();5093;397;Tanh();0.001;0.9;30;14;VAL;94.5;0.193837;0.656169
cuda;48000;100;CrossEntropyLoss();5093;397;Tanh();0.001;0.9;30;15;TRAIN;95.0;0.177552;3.245633
cuda;12000;100;CrossEntropyLoss();5093;397;Tanh();0.001;0.9;30;15;VAL;94.8;0.187091;0.810145
cuda;48000;100;CrossEntropyLoss();5093;397;Tanh();0.001;0.9;30;16;TRAIN;95.3;0.170682;3.442458
cuda;12000;100;CrossEntropyLoss();5093;397;Tanh();0.001;0.9;30;16;VAL;94.8;0.180903;0.640020
cuda;48000;100;CrossEntropyLoss();5093;397;Tanh();0.001;0.9;30;17;TRAIN;95.5;0.164029;3.324600
cuda;12000;100;CrossEntropyLoss();5093;397;Tanh();0.001;0.9;30;17;VAL;95.0;0.175948;0.801890
cuda;48000;100;CrossEntropyLoss();5093;397;Tanh();0.001;0.9;30;18;TRAIN;95.6;0.158048;3.046998
cuda;12000;100;CrossEntropyLoss();5093;397;Tanh();0.001;0.9;30;18;VAL;95.1;0.170402;1.005259
cuda;48000;100;CrossEntropyLoss();5093;397;Tanh();0.001;0.9;30;19;TRAIN;95.8;0.152301;2.742123
cuda;12000;100;CrossEntropyLoss();5093;397;Tanh();0.001;0.9;30;19;VAL;95.4;0.165693;1.449046
cuda;48000;100;CrossEntropyLoss();5093;397;Tanh();0.001;0.9;30;20;TRAIN;95.9;0.147005;2.703479
cuda;12000;100;CrossEntropyLoss();5093;397;Tanh();0.001;0.9;30;20;VAL;95.3;0.161225;0.594772
cuda;48000;100;CrossEntropyLoss();5093;397;Tanh();0.001;0.9;30;21;TRAIN;96.1;0.142203;3.138682
cuda;12000;100;CrossEntropyLoss();5093;397;Tanh();0.001;0.9;30;21;VAL;95.5;0.156662;0.820380
cuda;48000;100;CrossEntropyLoss();5093;397;Tanh();0.001;0.9;30;22;TRAIN;96.2;0.137382;3.375948
cuda;12000;100;CrossEntropyLoss();5093;397;Tanh();0.001;0.9;30;22;VAL;95.6;0.152563;0.688185
cuda;48000;100;CrossEntropyLoss();5093;397;Tanh();0.001;0.9;30;23;TRAIN;96.3;0.132796;3.355140
cuda;12000;100;CrossEntropyLoss();5093;397;Tanh();0.001;0.9;30;23;VAL;95.6;0.149551;0.837715
cuda;48000;100;CrossEntropyLoss();5093;397;Tanh();0.001;0.9;30;24;TRAIN;96.5;0.128753;3.125842
cuda;12000;100;CrossEntropyLoss();5093;397;Tanh();0.001;0.9;30;24;VAL;95.8;0.145273;0.802908
cuda;48000;100;CrossEntropyLoss();5093;397;Tanh();0.001;0.9;30;25;TRAIN;96.6;0.124745;2.804057
cuda;12000;100;CrossEntropyLoss();5093;397;Tanh();0.001;0.9;30;25;VAL;95.8;0.142105;1.449178
cuda;48000;100;CrossEntropyLoss();5093;397;Tanh();0.001;0.9;30;26;TRAIN;96.7;0.120810;2.717117
cuda;12000;100;CrossEntropyLoss();5093;397;Tanh();0.001;0.9;30;26;VAL;96.0;0.138647;1.246064
cuda;48000;100;CrossEntropyLoss();5093;397;Tanh();0.001;0.9;30;27;TRAIN;96.8;0.117375;2.879115
cuda;12000;100;CrossEntropyLoss();5093;397;Tanh();0.001;0.9;30;27;VAL;96.0;0.135742;1.352559
cuda;48000;100;CrossEntropyLoss();5093;397;Tanh();0.001;0.9;30;28;TRAIN;96.9;0.113749;2.727771
cuda;12000;100;CrossEntropyLoss();5093;397;Tanh();0.001;0.9;30;28;VAL;96.2;0.133576;1.254327
cuda;48000;100;CrossEntropyLoss();5093;397;Tanh();0.001;0.9;30;29;TRAIN;97.0;0.110801;2.993231
cuda;12000;100;CrossEntropyLoss();5093;397;Tanh();0.001;0.9;30;29;VAL;96.3;0.130513;0.835535
cuda;48000;100;CrossEntropyLoss();5093;397;Tanh();0.001;0.9;30;30;TRAIN;97.1;0.107608;3.031028
cuda;12000;100;CrossEntropyLoss();5093;397;Tanh();0.001;0.9;30;30;VAL;96.4;0.128327;0.650113
cuda;48000;100;CrossEntropyLoss();5093;397;Tanh();0.01;0.1;30;1;TRAIN;83.9;0.682890;3.570049
cuda;12000;100;CrossEntropyLoss();5093;397;Tanh();0.01;0.1;30;1;VAL;89.0;0.413213;0.687240
cuda;48000;100;CrossEntropyLoss();5093;397;Tanh();0.01;0.1;30;2;TRAIN;89.8;0.367806;3.162342
cuda;12000;100;CrossEntropyLoss();5093;397;Tanh();0.01;0.1;30;2;VAL;90.5;0.341601;0.667552
cuda;48000;100;CrossEntropyLoss();5093;397;Tanh();0.01;0.1;30;3;TRAIN;90.9;0.320162;3.812061
cuda;12000;100;CrossEntropyLoss();5093;397;Tanh();0.01;0.1;30;3;VAL;91.0;0.310323;0.674848
cuda;48000;100;CrossEntropyLoss();5093;397;Tanh();0.01;0.1;30;4;TRAIN;91.6;0.294040;3.156872
cuda;12000;100;CrossEntropyLoss();5093;397;Tanh();0.01;0.1;30;4;VAL;91.5;0.290396;0.625544
cuda;48000;100;CrossEntropyLoss();5093;397;Tanh();0.01;0.1;30;5;TRAIN;92.2;0.275069;2.978734
cuda;12000;100;CrossEntropyLoss();5093;397;Tanh();0.01;0.1;30;5;VAL;92.0;0.272912;1.227024
cuda;48000;100;CrossEntropyLoss();5093;397;Tanh();0.01;0.1;30;6;TRAIN;92.6;0.259266;2.585761
cuda;12000;100;CrossEntropyLoss();5093;397;Tanh();0.01;0.1;30;6;VAL;92.5;0.259052;0.599819
cuda;48000;100;CrossEntropyLoss();5093;397;Tanh();0.01;0.1;30;7;TRAIN;93.1;0.245528;3.662473
cuda;12000;100;CrossEntropyLoss();5093;397;Tanh();0.01;0.1;30;7;VAL;92.8;0.247916;0.635636
cuda;48000;100;CrossEntropyLoss();5093;397;Tanh();0.01;0.1;30;8;TRAIN;93.4;0.233228;3.197152
cuda;12000;100;CrossEntropyLoss();5093;397;Tanh();0.01;0.1;30;8;VAL;93.1;0.236513;0.630053
cuda;48000;100;CrossEntropyLoss();5093;397;Tanh();0.01;0.1;30;9;TRAIN;93.8;0.221673;3.700132
cuda;12000;100;CrossEntropyLoss();5093;397;Tanh();0.01;0.1;30;9;VAL;93.5;0.226758;0.653225
cuda;48000;100;CrossEntropyLoss();5093;397;Tanh();0.01;0.1;30;10;TRAIN;94.1;0.211252;3.108863
cuda;12000;100;CrossEntropyLoss();5093;397;Tanh();0.01;0.1;30;10;VAL;93.8;0.217023;0.710190
cuda;48000;100;CrossEntropyLoss();5093;397;Tanh();0.01;0.1;30;11;TRAIN;94.4;0.201290;3.672183
cuda;12000;100;CrossEntropyLoss();5093;397;Tanh();0.01;0.1;30;11;VAL;94.0;0.209540;0.646134
cuda;48000;100;CrossEntropyLoss();5093;397;Tanh();0.01;0.1;30;12;TRAIN;94.7;0.192384;3.104559
cuda;12000;100;CrossEntropyLoss();5093;397;Tanh();0.01;0.1;30;12;VAL;94.2;0.200490;0.633854
cuda;48000;100;CrossEntropyLoss();5093;397;Tanh();0.01;0.1;30;13;TRAIN;94.9;0.183918;3.256997
cuda;12000;100;CrossEntropyLoss();5093;397;Tanh();0.01;0.1;30;13;VAL;94.4;0.193491;1.048950
cuda;48000;100;CrossEntropyLoss();5093;397;Tanh();0.01;0.1;30;14;TRAIN;95.1;0.176071;2.596143
cuda;12000;100;CrossEntropyLoss();5093;397;Tanh();0.01;0.1;30;14;VAL;94.6;0.185813;1.358975
cuda;48000;100;CrossEntropyLoss();5093;397;Tanh();0.01;0.1;30;15;TRAIN;95.4;0.168552;2.932549
cuda;12000;100;CrossEntropyLoss();5093;397;Tanh();0.01;0.1;30;15;VAL;94.8;0.179826;1.251835
cuda;48000;100;CrossEntropyLoss();5093;397;Tanh();0.01;0.1;30;16;TRAIN;95.5;0.161725;2.571685
cuda;12000;100;CrossEntropyLoss();5093;397;Tanh();0.01;0.1;30;16;VAL;95.0;0.173495;0.708960
cuda;48000;100;CrossEntropyLoss();5093;397;Tanh();0.01;0.1;30;17;TRAIN;95.7;0.155309;3.485084
cuda;12000;100;CrossEntropyLoss();5093;397;Tanh();0.01;0.1;30;17;VAL;95.1;0.168968;0.647859
cuda;48000;100;CrossEntropyLoss();5093;397;Tanh();0.01;0.1;30;18;TRAIN;95.9;0.149296;3.304112
cuda;12000;100;CrossEntropyLoss();5093;397;Tanh();0.01;0.1;30;18;VAL;95.3;0.163180;0.783071
cuda;48000;100;CrossEntropyLoss();5093;397;Tanh();0.01;0.1;30;19;TRAIN;96.0;0.143670;3.444366
cuda;12000;100;CrossEntropyLoss();5093;397;Tanh();0.01;0.1;30;19;VAL;95.4;0.158529;0.654192
cuda;48000;100;CrossEntropyLoss();5093;397;Tanh();0.01;0.1;30;20;TRAIN;96.2;0.138236;2.475745
cuda;12000;100;CrossEntropyLoss();5093;397;Tanh();0.01;0.1;30;20;VAL;95.5;0.154495;0.600455
cuda;48000;100;CrossEntropyLoss();5093;397;Tanh();0.01;0.1;30;21;TRAIN;96.3;0.133297;2.668231
cuda;12000;100;CrossEntropyLoss();5093;397;Tanh();0.01;0.1;30;21;VAL;95.7;0.149916;0.608496
cuda;48000;100;CrossEntropyLoss();5093;397;Tanh();0.01;0.1;30;22;TRAIN;96.5;0.128561;2.375004
cuda;12000;100;CrossEntropyLoss();5093;397;Tanh();0.01;0.1;30;22;VAL;95.8;0.145946;0.577804
cuda;48000;100;CrossEntropyLoss();5093;397;Tanh();0.01;0.1;30;23;TRAIN;96.6;0.124051;2.596993
cuda;12000;100;CrossEntropyLoss();5093;397;Tanh();0.01;0.1;30;23;VAL;95.9;0.142191;0.687267
cuda;48000;100;CrossEntropyLoss();5093;397;Tanh();0.01;0.1;30;24;TRAIN;96.7;0.119841;2.359260
cuda;12000;100;CrossEntropyLoss();5093;397;Tanh();0.01;0.1;30;24;VAL;96.0;0.138640;0.612341
cuda;48000;100;CrossEntropyLoss();5093;397;Tanh();0.01;0.1;30;25;TRAIN;96.9;0.115848;2.456676
cuda;12000;100;CrossEntropyLoss();5093;397;Tanh();0.01;0.1;30;25;VAL;96.1;0.135919;0.714598
cuda;48000;100;CrossEntropyLoss();5093;397;Tanh();0.01;0.1;30;26;TRAIN;97.0;0.112037;2.455704
cuda;12000;100;CrossEntropyLoss();5093;397;Tanh();0.01;0.1;30;26;VAL;96.2;0.132726;0.606353
cuda;48000;100;CrossEntropyLoss();5093;397;Tanh();0.01;0.1;30;27;TRAIN;97.1;0.108449;2.395206
cuda;12000;100;CrossEntropyLoss();5093;397;Tanh();0.01;0.1;30;27;VAL;96.4;0.129804;0.683421
cuda;48000;100;CrossEntropyLoss();5093;397;Tanh();0.01;0.1;30;28;TRAIN;97.2;0.105056;2.590174
cuda;12000;100;CrossEntropyLoss();5093;397;Tanh();0.01;0.1;30;28;VAL;96.4;0.127235;0.584366
cuda;48000;100;CrossEntropyLoss();5093;397;Tanh();0.01;0.1;30;29;TRAIN;97.3;0.101840;2.343420
cuda;12000;100;CrossEntropyLoss();5093;397;Tanh();0.01;0.1;30;29;VAL;96.4;0.124330;0.598596
cuda;48000;100;CrossEntropyLoss();5093;397;Tanh();0.01;0.1;30;30;TRAIN;97.4;0.098769;2.688334
cuda;12000;100;CrossEntropyLoss();5093;397;Tanh();0.01;0.1;30;30;VAL;96.5;0.122373;0.588611
cuda;48000;100;CrossEntropyLoss();5093;397;Tanh();0.01;0.5;30;1;TRAIN;85.8;0.557923;2.345829
cuda;12000;100;CrossEntropyLoss();5093;397;Tanh();0.01;0.5;30;1;VAL;90.2;0.347627;0.595983
cuda;48000;100;CrossEntropyLoss();5093;397;Tanh();0.01;0.5;30;2;TRAIN;91.0;0.315936;3.351313
cuda;12000;100;CrossEntropyLoss();5093;397;Tanh();0.01;0.5;30;2;VAL;91.5;0.293390;0.808221
cuda;48000;100;CrossEntropyLoss();5093;397;Tanh();0.01;0.5;30;3;TRAIN;92.1;0.274860;2.633613
cuda;12000;100;CrossEntropyLoss();5093;397;Tanh();0.01;0.5;30;3;VAL;92.3;0.265052;0.619618
cuda;48000;100;CrossEntropyLoss();5093;397;Tanh();0.01;0.5;30;4;TRAIN;93.0;0.246759;3.452463
cuda;12000;100;CrossEntropyLoss();5093;397;Tanh();0.01;0.5;30;4;VAL;93.1;0.240170;0.749593
cuda;48000;100;CrossEntropyLoss();5093;397;Tanh();0.01;0.5;30;5;TRAIN;93.7;0.223689;3.122444
cuda;12000;100;CrossEntropyLoss();5093;397;Tanh();0.01;0.5;30;5;VAL;93.7;0.220610;0.652994
cuda;48000;100;CrossEntropyLoss();5093;397;Tanh();0.01;0.5;30;6;TRAIN;94.3;0.204103;3.684907
cuda;12000;100;CrossEntropyLoss();5093;397;Tanh();0.01;0.5;30;6;VAL;94.1;0.206317;0.735445
cuda;48000;100;CrossEntropyLoss();5093;397;Tanh();0.01;0.5;30;7;TRAIN;94.8;0.187131;3.145509
cuda;12000;100;CrossEntropyLoss();5093;397;Tanh();0.01;0.5;30;7;VAL;94.6;0.189460;0.653248
cuda;48000;100;CrossEntropyLoss();5093;397;Tanh();0.01;0.5;30;8;TRAIN;95.2;0.172568;3.433442
cuda;12000;100;CrossEntropyLoss();5093;397;Tanh();0.01;0.5;30;8;VAL;94.8;0.179545;0.804415
cuda;48000;100;CrossEntropyLoss();5093;397;Tanh();0.01;0.5;30;9;TRAIN;95.6;0.159918;2.618930
cuda;12000;100;CrossEntropyLoss();5093;397;Tanh();0.01;0.5;30;9;VAL;95.2;0.168468;0.594143
cuda;48000;100;CrossEntropyLoss();5093;397;Tanh();0.01;0.5;30;10;TRAIN;95.9;0.148648;3.646370
cuda;12000;100;CrossEntropyLoss();5093;397;Tanh();0.01;0.5;30;10;VAL;95.3;0.158579;0.635450
cuda;48000;100;CrossEntropyLoss();5093;397;Tanh();0.01;0.5;30;11;TRAIN;96.2;0.138976;3.001933
cuda;12000;100;CrossEntropyLoss();5093;397;Tanh();0.01;0.5;30;11;VAL;95.7;0.151512;0.649675
cuda;48000;100;CrossEntropyLoss();5093;397;Tanh();0.01;0.5;30;12;TRAIN;96.4;0.130044;3.637389
cuda;12000;100;CrossEntropyLoss();5093;397;Tanh();0.01;0.5;30;12;VAL;95.9;0.143720;0.622925
cuda;48000;100;CrossEntropyLoss();5093;397;Tanh();0.01;0.5;30;13;TRAIN;96.7;0.122093;2.840547
cuda;12000;100;CrossEntropyLoss();5093;397;Tanh();0.01;0.5;30;13;VAL;96.0;0.138116;0.958528
cuda;48000;100;CrossEntropyLoss();5093;397;Tanh();0.01;0.5;30;14;TRAIN;96.9;0.115256;3.070612
cuda;12000;100;CrossEntropyLoss();5093;397;Tanh();0.01;0.5;30;14;VAL;96.2;0.132150;1.121661
cuda;48000;100;CrossEntropyLoss();5093;397;Tanh();0.01;0.5;30;15;TRAIN;97.1;0.108696;2.648517
cuda;12000;100;CrossEntropyLoss();5093;397;Tanh();0.01;0.5;30;15;VAL;96.3;0.127599;0.617588
cuda;48000;100;CrossEntropyLoss();5093;397;Tanh();0.01;0.5;30;16;TRAIN;97.2;0.102941;3.747582
cuda;12000;100;CrossEntropyLoss();5093;397;Tanh();0.01;0.5;30;16;VAL;96.5;0.122069;0.662244
cuda;48000;100;CrossEntropyLoss();5093;397;Tanh();0.01;0.5;30;17;TRAIN;97.4;0.097555;3.065786
cuda;12000;100;CrossEntropyLoss();5093;397;Tanh();0.01;0.5;30;17;VAL;96.6;0.118189;0.609729
cuda;48000;100;CrossEntropyLoss();5093;397;Tanh();0.01;0.5;30;18;TRAIN;97.6;0.092549;3.622351
cuda;12000;100;CrossEntropyLoss();5093;397;Tanh();0.01;0.5;30;18;VAL;96.7;0.114866;0.677609
cuda;48000;100;CrossEntropyLoss();5093;397;Tanh();0.01;0.5;30;19;TRAIN;97.7;0.087970;2.620082
cuda;12000;100;CrossEntropyLoss();5093;397;Tanh();0.01;0.5;30;19;VAL;96.8;0.111985;0.583799
cuda;48000;100;CrossEntropyLoss();5093;397;Tanh();0.01;0.5;30;20;TRAIN;97.8;0.083843;3.288626
cuda;12000;100;CrossEntropyLoss();5093;397;Tanh();0.01;0.5;30;20;VAL;96.8;0.108826;0.660625
cuda;48000;100;CrossEntropyLoss();5093;397;Tanh();0.01;0.5;30;21;TRAIN;97.9;0.079831;2.775899
cuda;12000;100;CrossEntropyLoss();5093;397;Tanh();0.01;0.5;30;21;VAL;96.9;0.106045;1.061720
cuda;48000;100;CrossEntropyLoss();5093;397;Tanh();0.01;0.5;30;22;TRAIN;98.0;0.076105;3.069824
cuda;12000;100;CrossEntropyLoss();5093;397;Tanh();0.01;0.5;30;22;VAL;96.9;0.104099;1.051026
cuda;48000;100;CrossEntropyLoss();5093;397;Tanh();0.01;0.5;30;23;TRAIN;98.2;0.072694;2.687069
cuda;12000;100;CrossEntropyLoss();5093;397;Tanh();0.01;0.5;30;23;VAL;97.0;0.101282;0.667494
cuda;48000;100;CrossEntropyLoss();5093;397;Tanh();0.01;0.5;30;24;TRAIN;98.3;0.069506;3.562590
cuda;12000;100;CrossEntropyLoss();5093;397;Tanh();0.01;0.5;30;24;VAL;97.0;0.099268;0.658450
cuda;48000;100;CrossEntropyLoss();5093;397;Tanh();0.01;0.5;30;25;TRAIN;98.3;0.066380;3.240192
cuda;12000;100;CrossEntropyLoss();5093;397;Tanh();0.01;0.5;30;25;VAL;97.2;0.097377;0.635071
cuda;48000;100;CrossEntropyLoss();5093;397;Tanh();0.01;0.5;30;26;TRAIN;98.4;0.063876;3.512266
cuda;12000;100;CrossEntropyLoss();5093;397;Tanh();0.01;0.5;30;26;VAL;97.2;0.095343;0.665144
cuda;48000;100;CrossEntropyLoss();5093;397;Tanh();0.01;0.5;30;27;TRAIN;98.5;0.061243;2.810502
cuda;12000;100;CrossEntropyLoss();5093;397;Tanh();0.01;0.5;30;27;VAL;97.2;0.093412;1.097022
cuda;48000;100;CrossEntropyLoss();5093;397;Tanh();0.01;0.5;30;28;TRAIN;98.6;0.058717;3.045607
cuda;12000;100;CrossEntropyLoss();5093;397;Tanh();0.01;0.5;30;28;VAL;97.2;0.092195;0.762298
cuda;48000;100;CrossEntropyLoss();5093;397;Tanh();0.01;0.5;30;29;TRAIN;98.7;0.056320;3.138112
cuda;12000;100;CrossEntropyLoss();5093;397;Tanh();0.01;0.5;30;29;VAL;97.2;0.090268;0.775429
cuda;48000;100;CrossEntropyLoss();5093;397;Tanh();0.01;0.5;30;30;TRAIN;98.7;0.054230;4.270486
cuda;12000;100;CrossEntropyLoss();5093;397;Tanh();0.01;0.5;30;30;VAL;97.3;0.088711;0.739926
cuda;48000;100;CrossEntropyLoss();5093;397;Tanh();0.01;0.9;30;1;TRAIN;89.5;0.363170;3.534556
cuda;12000;100;CrossEntropyLoss();5093;397;Tanh();0.01;0.9;30;1;VAL;93.2;0.236512;0.789101
cuda;48000;100;CrossEntropyLoss();5093;397;Tanh();0.01;0.9;30;2;TRAIN;94.4;0.195520;3.150561
cuda;12000;100;CrossEntropyLoss();5093;397;Tanh();0.01;0.9;30;2;VAL;95.0;0.178014;0.655420
cuda;48000;100;CrossEntropyLoss();5093;397;Tanh();0.01;0.9;30;3;TRAIN;96.0;0.141580;2.934722
cuda;12000;100;CrossEntropyLoss();5093;397;Tanh();0.01;0.9;30;3;VAL;96.1;0.135148;1.434766
cuda;48000;100;CrossEntropyLoss();5093;397;Tanh();0.01;0.9;30;4;TRAIN;96.9;0.109138;2.575229
cuda;12000;100;CrossEntropyLoss();5093;397;Tanh();0.01;0.9;30;4;VAL;96.7;0.115318;0.631475
cuda;48000;100;CrossEntropyLoss();5093;397;Tanh();0.01;0.9;30;5;TRAIN;97.5;0.087455;3.386240
cuda;12000;100;CrossEntropyLoss();5093;397;Tanh();0.01;0.9;30;5;VAL;97.0;0.099868;0.736988
cuda;48000;100;CrossEntropyLoss();5093;397;Tanh();0.01;0.9;30;6;TRAIN;98.1;0.071606;3.262373
cuda;12000;100;CrossEntropyLoss();5093;397;Tanh();0.01;0.9;30;6;VAL;97.2;0.092606;0.634309
cuda;48000;100;CrossEntropyLoss();5093;397;Tanh();0.01;0.9;30;7;TRAIN;98.4;0.060043;3.450954
cuda;12000;100;CrossEntropyLoss();5093;397;Tanh();0.01;0.9;30;7;VAL;97.4;0.084359;0.737655
cuda;48000;100;CrossEntropyLoss();5093;397;Tanh();0.01;0.9;30;8;TRAIN;98.7;0.050323;2.993400
cuda;12000;100;CrossEntropyLoss();5093;397;Tanh();0.01;0.9;30;8;VAL;97.5;0.080310;0.754044
cuda;48000;100;CrossEntropyLoss();5093;397;Tanh();0.01;0.9;30;9;TRAIN;99.0;0.042554;2.935230
cuda;12000;100;CrossEntropyLoss();5093;397;Tanh();0.01;0.9;30;9;VAL;97.6;0.076646;1.256044
cuda;48000;100;CrossEntropyLoss();5093;397;Tanh();0.01;0.9;30;10;TRAIN;99.2;0.036212;2.687611
cuda;12000;100;CrossEntropyLoss();5093;397;Tanh();0.01;0.9;30;10;VAL;97.8;0.072925;0.630788
cuda;48000;100;CrossEntropyLoss();5093;397;Tanh();0.01;0.9;30;11;TRAIN;99.4;0.031139;3.572337
cuda;12000;100;CrossEntropyLoss();5093;397;Tanh();0.01;0.9;30;11;VAL;97.8;0.069320;0.611308
cuda;48000;100;CrossEntropyLoss();5093;397;Tanh();0.01;0.9;30;12;TRAIN;99.5;0.026656;3.185453
cuda;12000;100;CrossEntropyLoss();5093;397;Tanh();0.01;0.9;30;12;VAL;97.9;0.068333;0.665812
cuda;48000;100;CrossEntropyLoss();5093;397;Tanh();0.01;0.9;30;13;TRAIN;99.6;0.023251;2.840575
cuda;12000;100;CrossEntropyLoss();5093;397;Tanh();0.01;0.9;30;13;VAL;97.9;0.067193;0.597325
cuda;48000;100;CrossEntropyLoss();5093;397;Tanh();0.01;0.9;30;14;TRAIN;99.7;0.020291;2.391288
cuda;12000;100;CrossEntropyLoss();5093;397;Tanh();0.01;0.9;30;14;VAL;97.8;0.065695;0.612805
cuda;48000;100;CrossEntropyLoss();5093;397;Tanh();0.01;0.9;30;15;TRAIN;99.8;0.017553;2.951508
cuda;12000;100;CrossEntropyLoss();5093;397;Tanh();0.01;0.9;30;15;VAL;98.0;0.064898;0.691124
cuda;48000;100;CrossEntropyLoss();5093;397;Tanh();0.01;0.9;30;16;TRAIN;99.8;0.015635;2.485194
cuda;12000;100;CrossEntropyLoss();5093;397;Tanh();0.01;0.9;30;16;VAL;97.9;0.065442;1.205344
cuda;48000;100;CrossEntropyLoss();5093;397;Tanh();0.01;0.9;30;17;TRAIN;99.9;0.013702;2.934325
cuda;12000;100;CrossEntropyLoss();5093;397;Tanh();0.01;0.9;30;17;VAL;98.0;0.064673;0.759395
cuda;48000;100;CrossEntropyLoss();5093;397;Tanh();0.01;0.9;30;18;TRAIN;99.9;0.012281;2.426708
cuda;12000;100;CrossEntropyLoss();5093;397;Tanh();0.01;0.9;30;18;VAL;98.0;0.062917;0.597666
cuda;48000;100;CrossEntropyLoss();5093;397;Tanh();0.01;0.9;30;19;TRAIN;99.9;0.011016;3.091633
cuda;12000;100;CrossEntropyLoss();5093;397;Tanh();0.01;0.9;30;19;VAL;98.0;0.063642;0.815887
cuda;48000;100;CrossEntropyLoss();5093;397;Tanh();0.01;0.9;30;20;TRAIN;99.9;0.009973;2.723089
cuda;12000;100;CrossEntropyLoss();5093;397;Tanh();0.01;0.9;30;20;VAL;98.0;0.063807;0.586608
cuda;48000;100;CrossEntropyLoss();5093;397;Tanh();0.01;0.9;30;21;TRAIN;99.9;0.009001;2.351878
cuda;12000;100;CrossEntropyLoss();5093;397;Tanh();0.01;0.9;30;21;VAL;98.0;0.062436;0.679242
cuda;48000;100;CrossEntropyLoss();5093;397;Tanh();0.01;0.9;30;22;TRAIN;100.0;0.008279;2.565549
cuda;12000;100;CrossEntropyLoss();5093;397;Tanh();0.01;0.9;30;22;VAL;98.0;0.061668;0.741953
cuda;48000;100;CrossEntropyLoss();5093;397;Tanh();0.01;0.9;30;23;TRAIN;100.0;0.007542;3.083520
cuda;12000;100;CrossEntropyLoss();5093;397;Tanh();0.01;0.9;30;23;VAL;98.1;0.061468;0.757137
cuda;48000;100;CrossEntropyLoss();5093;397;Tanh();0.01;0.9;30;24;TRAIN;100.0;0.006897;2.635916
cuda;12000;100;CrossEntropyLoss();5093;397;Tanh();0.01;0.9;30;24;VAL;98.1;0.062302;0.607313
cuda;48000;100;CrossEntropyLoss();5093;397;Tanh();0.01;0.9;30;25;TRAIN;100.0;0.006374;2.346964
cuda;12000;100;CrossEntropyLoss();5093;397;Tanh();0.01;0.9;30;25;VAL;98.1;0.062911;0.592611
cuda;48000;100;CrossEntropyLoss();5093;397;Tanh();0.01;0.9;30;26;TRAIN;100.0;0.005955;3.565165
cuda;12000;100;CrossEntropyLoss();5093;397;Tanh();0.01;0.9;30;26;VAL;98.1;0.062211;0.653581
cuda;48000;100;CrossEntropyLoss();5093;397;Tanh();0.01;0.9;30;27;TRAIN;100.0;0.005512;2.421102
cuda;12000;100;CrossEntropyLoss();5093;397;Tanh();0.01;0.9;30;27;VAL;98.0;0.061537;0.588622
cuda;48000;100;CrossEntropyLoss();5093;397;Tanh();0.01;0.9;30;28;TRAIN;100.0;0.005180;2.627711
cuda;12000;100;CrossEntropyLoss();5093;397;Tanh();0.01;0.9;30;28;VAL;98.1;0.061779;0.664350
cuda;48000;100;CrossEntropyLoss();5093;397;Tanh();0.01;0.9;30;29;TRAIN;100.0;0.004840;2.343231
cuda;12000;100;CrossEntropyLoss();5093;397;Tanh();0.01;0.9;30;29;VAL;98.2;0.061735;0.588141
cuda;48000;100;CrossEntropyLoss();5093;397;Tanh();0.01;0.9;30;30;TRAIN;100.0;0.004581;2.449140
cuda;12000;100;CrossEntropyLoss();5093;397;Tanh();0.01;0.9;30;30;VAL;98.0;0.062238;0.683318
cuda;48000;100;CrossEntropyLoss();5093;397;Tanh();0.1;0.1;30;1;TRAIN;90.3;0.338510;2.482784
cuda;12000;100;CrossEntropyLoss();5093;397;Tanh();0.1;0.1;30;1;VAL;93.6;0.225152;0.593101
cuda;48000;100;CrossEntropyLoss();5093;397;Tanh();0.1;0.1;30;2;TRAIN;94.6;0.187683;2.418489
cuda;12000;100;CrossEntropyLoss();5093;397;Tanh();0.1;0.1;30;2;VAL;95.2;0.163313;0.671918
cuda;48000;100;CrossEntropyLoss();5093;397;Tanh();0.1;0.1;30;3;TRAIN;96.3;0.132443;2.690534
cuda;12000;100;CrossEntropyLoss();5093;397;Tanh();0.1;0.1;30;3;VAL;96.3;0.128472;0.620016
cuda;48000;100;CrossEntropyLoss();5093;397;Tanh();0.1;0.1;30;4;TRAIN;97.2;0.100379;2.334624
cuda;12000;100;CrossEntropyLoss();5093;397;Tanh();0.1;0.1;30;4;VAL;97.0;0.106936;0.598455
cuda;48000;100;CrossEntropyLoss();5093;397;Tanh();0.1;0.1;30;5;TRAIN;97.8;0.080202;3.005308
cuda;12000;100;CrossEntropyLoss();5093;397;Tanh();0.1;0.1;30;5;VAL;97.1;0.099444;0.855293
cuda;48000;100;CrossEntropyLoss();5093;397;Tanh();0.1;0.1;30;6;TRAIN;98.3;0.064637;2.626832
cuda;12000;100;CrossEntropyLoss();5093;397;Tanh();0.1;0.1;30;6;VAL;97.4;0.087087;0.615685
cuda;48000;100;CrossEntropyLoss();5093;397;Tanh();0.1;0.1;30;7;TRAIN;98.6;0.053213;2.676796
cuda;12000;100;CrossEntropyLoss();5093;397;Tanh();0.1;0.1;30;7;VAL;97.6;0.082039;0.643246
cuda;48000;100;CrossEntropyLoss();5093;397;Tanh();0.1;0.1;30;8;TRAIN;98.9;0.044367;2.351886
cuda;12000;100;CrossEntropyLoss();5093;397;Tanh();0.1;0.1;30;8;VAL;97.7;0.076275;0.932371
cuda;48000;100;CrossEntropyLoss();5093;397;Tanh();0.1;0.1;30;9;TRAIN;99.1;0.037109;3.177652
cuda;12000;100;CrossEntropyLoss();5093;397;Tanh();0.1;0.1;30;9;VAL;97.6;0.079031;0.718314
cuda;48000;100;CrossEntropyLoss();5093;397;Tanh();0.1;0.1;30;10;TRAIN;99.3;0.031522;3.189268
cuda;12000;100;CrossEntropyLoss();5093;397;Tanh();0.1;0.1;30;10;VAL;97.8;0.069933;0.663490
cuda;48000;100;CrossEntropyLoss();5093;397;Tanh();0.1;0.1;30;11;TRAIN;99.5;0.026515;3.826191
cuda;12000;100;CrossEntropyLoss();5093;397;Tanh();0.1;0.1;30;11;VAL;97.9;0.069416;0.713630
cuda;48000;100;CrossEntropyLoss();5093;397;Tanh();0.1;0.1;30;12;TRAIN;99.6;0.022766;3.233771
cuda;12000;100;CrossEntropyLoss();5093;397;Tanh();0.1;0.1;30;12;VAL;97.9;0.067909;0.645378
cuda;48000;100;CrossEntropyLoss();5093;397;Tanh();0.1;0.1;30;13;TRAIN;99.7;0.019453;2.946923
cuda;12000;100;CrossEntropyLoss();5093;397;Tanh();0.1;0.1;30;13;VAL;98.0;0.066013;0.602906
cuda;48000;100;CrossEntropyLoss();5093;397;Tanh();0.1;0.1;30;14;TRAIN;99.8;0.016766;3.198841
cuda;12000;100;CrossEntropyLoss();5093;397;Tanh();0.1;0.1;30;14;VAL;97.9;0.064528;0.656346
cuda;48000;100;CrossEntropyLoss();5093;397;Tanh();0.1;0.1;30;15;TRAIN;99.9;0.014604;2.924507
cuda;12000;100;CrossEntropyLoss();5093;397;Tanh();0.1;0.1;30;15;VAL;98.1;0.064545;0.596821
cuda;48000;100;CrossEntropyLoss();5093;397;Tanh();0.1;0.1;30;16;TRAIN;99.9;0.012748;3.238778
cuda;12000;100;CrossEntropyLoss();5093;397;Tanh();0.1;0.1;30;16;VAL;98.0;0.063062;0.652445
cuda;48000;100;CrossEntropyLoss();5093;397;Tanh();0.1;0.1;30;17;TRAIN;99.9;0.011310;2.740670
cuda;12000;100;CrossEntropyLoss();5093;397;Tanh();0.1;0.1;30;17;VAL;98.1;0.062332;0.630813
cuda;48000;100;CrossEntropyLoss();5093;397;Tanh();0.1;0.1;30;18;TRAIN;99.9;0.009983;2.360831
cuda;12000;100;CrossEntropyLoss();5093;397;Tanh();0.1;0.1;30;18;VAL;98.0;0.062918;0.578511
cuda;48000;100;CrossEntropyLoss();5093;397;Tanh();0.1;0.1;30;19;TRAIN;100.0;0.009034;2.686917
cuda;12000;100;CrossEntropyLoss();5093;397;Tanh();0.1;0.1;30;19;VAL;98.1;0.062384;0.679280
cuda;48000;100;CrossEntropyLoss();5093;397;Tanh();0.1;0.1;30;20;TRAIN;100.0;0.008127;3.067715
cuda;12000;100;CrossEntropyLoss();5093;397;Tanh();0.1;0.1;30;20;VAL;98.0;0.063216;0.632328
cuda;48000;100;CrossEntropyLoss();5093;397;Tanh();0.1;0.1;30;21;TRAIN;100.0;0.007389;3.554445
cuda;12000;100;CrossEntropyLoss();5093;397;Tanh();0.1;0.1;30;21;VAL;98.0;0.061756;0.721046
cuda;48000;100;CrossEntropyLoss();5093;397;Tanh();0.1;0.1;30;22;TRAIN;100.0;0.006731;3.220891
cuda;12000;100;CrossEntropyLoss();5093;397;Tanh();0.1;0.1;30;22;VAL;98.1;0.061205;0.720367
cuda;48000;100;CrossEntropyLoss();5093;397;Tanh();0.1;0.1;30;23;TRAIN;100.0;0.006176;3.343118
cuda;12000;100;CrossEntropyLoss();5093;397;Tanh();0.1;0.1;30;23;VAL;98.1;0.062041;0.913066
cuda;48000;100;CrossEntropyLoss();5093;397;Tanh();0.1;0.1;30;24;TRAIN;100.0;0.005721;2.581544
cuda;12000;100;CrossEntropyLoss();5093;397;Tanh();0.1;0.1;30;24;VAL;98.1;0.061386;1.188320
cuda;48000;100;CrossEntropyLoss();5093;397;Tanh();0.1;0.1;30;25;TRAIN;100.0;0.005274;2.984389
cuda;12000;100;CrossEntropyLoss();5093;397;Tanh();0.1;0.1;30;25;VAL;98.0;0.061576;0.674309
cuda;48000;100;CrossEntropyLoss();5093;397;Tanh();0.1;0.1;30;26;TRAIN;100.0;0.004906;3.138232
cuda;12000;100;CrossEntropyLoss();5093;397;Tanh();0.1;0.1;30;26;VAL;98.1;0.061579;0.651904
cuda;48000;100;CrossEntropyLoss();5093;397;Tanh();0.1;0.1;30;27;TRAIN;100.0;0.004579;3.743569
cuda;12000;100;CrossEntropyLoss();5093;397;Tanh();0.1;0.1;30;27;VAL;98.1;0.061557;0.645095
cuda;48000;100;CrossEntropyLoss();5093;397;Tanh();0.1;0.1;30;28;TRAIN;100.0;0.004304;3.161277
cuda;12000;100;CrossEntropyLoss();5093;397;Tanh();0.1;0.1;30;28;VAL;98.1;0.061227;0.653156
cuda;48000;100;CrossEntropyLoss();5093;397;Tanh();0.1;0.1;30;29;TRAIN;100.0;0.004050;3.614607
cuda;12000;100;CrossEntropyLoss();5093;397;Tanh();0.1;0.1;30;29;VAL;98.1;0.061584;0.650459
cuda;48000;100;CrossEntropyLoss();5093;397;Tanh();0.1;0.1;30;30;TRAIN;100.0;0.003807;3.207362
cuda;12000;100;CrossEntropyLoss();5093;397;Tanh();0.1;0.1;30;30;VAL;98.1;0.061744;0.639181
cuda;48000;100;CrossEntropyLoss();5093;397;Tanh();0.1;0.5;30;1;TRAIN;91.2;0.294573;3.695611
cuda;12000;100;CrossEntropyLoss();5093;397;Tanh();0.1;0.5;30;1;VAL;94.7;0.179899;0.645945
cuda;48000;100;CrossEntropyLoss();5093;397;Tanh();0.1;0.5;30;2;TRAIN;95.9;0.140471;3.061051
cuda;12000;100;CrossEntropyLoss();5093;397;Tanh();0.1;0.5;30;2;VAL;96.5;0.120442;0.893500
cuda;48000;100;CrossEntropyLoss();5093;397;Tanh();0.1;0.5;30;3;TRAIN;97.3;0.091614;3.069538
cuda;12000;100;CrossEntropyLoss();5093;397;Tanh();0.1;0.5;30;3;VAL;97.1;0.096604;0.983528
cuda;48000;100;CrossEntropyLoss();5093;397;Tanh();0.1;0.5;30;4;TRAIN;98.2;0.064952;3.070282
cuda;12000;100;CrossEntropyLoss();5093;397;Tanh();0.1;0.5;30;4;VAL;97.4;0.087221;0.831633
cuda;48000;100;CrossEntropyLoss();5093;397;Tanh();0.1;0.5;30;5;TRAIN;98.8;0.047079;3.363086
cuda;12000;100;CrossEntropyLoss();5093;397;Tanh();0.1;0.5;30;5;VAL;97.8;0.072236;0.642605
cuda;48000;100;CrossEntropyLoss();5093;397;Tanh();0.1;0.5;30;6;TRAIN;99.1;0.036040;3.439135
cuda;12000;100;CrossEntropyLoss();5093;397;Tanh();0.1;0.5;30;6;VAL;97.8;0.072541;0.797758
cuda;48000;100;CrossEntropyLoss();5093;397;Tanh();0.1;0.5;30;7;TRAIN;99.4;0.027389;3.306825
cuda;12000;100;CrossEntropyLoss();5093;397;Tanh();0.1;0.5;30;7;VAL;97.8;0.067908;0.699082
cuda;48000;100;CrossEntropyLoss();5093;397;Tanh();0.1;0.5;30;8;TRAIN;99.6;0.020746;3.428941
cuda;12000;100;CrossEntropyLoss();5093;397;Tanh();0.1;0.5;30;8;VAL;98.0;0.064902;0.847085
cuda;48000;100;CrossEntropyLoss();5093;397;Tanh();0.1;0.5;30;9;TRAIN;99.8;0.015749;3.251594
cuda;12000;100;CrossEntropyLoss();5093;397;Tanh();0.1;0.5;30;9;VAL;98.0;0.063553;0.680070
cuda;48000;100;CrossEntropyLoss();5093;397;Tanh();0.1;0.5;30;10;TRAIN;99.8;0.012451;3.544804
cuda;12000;100;CrossEntropyLoss();5093;397;Tanh();0.1;0.5;30;10;VAL;98.1;0.062034;0.764192
cuda;48000;100;CrossEntropyLoss();5093;397;Tanh();0.1;0.5;30;11;TRAIN;99.9;0.010058;3.255225
cuda;12000;100;CrossEntropyLoss();5093;397;Tanh();0.1;0.5;30;11;VAL;97.8;0.066785;0.656700
cuda;48000;100;CrossEntropyLoss();5093;397;Tanh();0.1;0.5;30;12;TRAIN;99.9;0.008050;3.549934
cuda;12000;100;CrossEntropyLoss();5093;397;Tanh();0.1;0.5;30;12;VAL;98.0;0.061201;0.704477
cuda;48000;100;CrossEntropyLoss();5093;397;Tanh();0.1;0.5;30;13;TRAIN;100.0;0.006701;3.203318
cuda;12000;100;CrossEntropyLoss();5093;397;Tanh();0.1;0.5;30;13;VAL;98.1;0.061018;0.665500
cuda;48000;100;CrossEntropyLoss();5093;397;Tanh();0.1;0.5;30;14;TRAIN;100.0;0.005742;3.596630
cuda;12000;100;CrossEntropyLoss();5093;397;Tanh();0.1;0.5;30;14;VAL;98.2;0.059052;0.682370
cuda;48000;100;CrossEntropyLoss();5093;397;Tanh();0.1;0.5;30;15;TRAIN;100.0;0.004939;3.194029
cuda;12000;100;CrossEntropyLoss();5093;397;Tanh();0.1;0.5;30;15;VAL;98.1;0.059666;0.697424
cuda;48000;100;CrossEntropyLoss();5093;397;Tanh();0.1;0.5;30;16;TRAIN;100.0;0.004300;3.713563
cuda;12000;100;CrossEntropyLoss();5093;397;Tanh();0.1;0.5;30;16;VAL;98.1;0.059230;0.649278
cuda;48000;100;CrossEntropyLoss();5093;397;Tanh();0.1;0.5;30;17;TRAIN;100.0;0.003835;2.550192
cuda;12000;100;CrossEntropyLoss();5093;397;Tanh();0.1;0.5;30;17;VAL;98.2;0.060577;0.577085
cuda;48000;100;CrossEntropyLoss();5093;397;Tanh();0.1;0.5;30;18;TRAIN;100.0;0.003462;3.398283
cuda;12000;100;CrossEntropyLoss();5093;397;Tanh();0.1;0.5;30;18;VAL;98.2;0.059304;0.761738
cuda;48000;100;CrossEntropyLoss();5093;397;Tanh();0.1;0.5;30;19;TRAIN;100.0;0.003158;3.283240
cuda;12000;100;CrossEntropyLoss();5093;397;Tanh();0.1;0.5;30;19;VAL;98.2;0.060234;0.669513
cuda;48000;100;CrossEntropyLoss();5093;397;Tanh();0.1;0.5;30;20;TRAIN;100.0;0.002874;3.606636
cuda;12000;100;CrossEntropyLoss();5093;397;Tanh();0.1;0.5;30;20;VAL;98.2;0.059853;0.703976
cuda;48000;100;CrossEntropyLoss();5093;397;Tanh();0.1;0.5;30;21;TRAIN;100.0;0.002679;3.236019
cuda;12000;100;CrossEntropyLoss();5093;397;Tanh();0.1;0.5;30;21;VAL;98.1;0.059968;0.630760
cuda;48000;100;CrossEntropyLoss();5093;397;Tanh();0.1;0.5;30;22;TRAIN;100.0;0.002473;3.704194
cuda;12000;100;CrossEntropyLoss();5093;397;Tanh();0.1;0.5;30;22;VAL;98.2;0.059869;0.647519
cuda;48000;100;CrossEntropyLoss();5093;397;Tanh();0.1;0.5;30;23;TRAIN;100.0;0.002305;3.252330
cuda;12000;100;CrossEntropyLoss();5093;397;Tanh();0.1;0.5;30;23;VAL;98.2;0.060019;0.642121
cuda;48000;100;CrossEntropyLoss();5093;397;Tanh();0.1;0.5;30;24;TRAIN;100.0;0.002148;3.712342
cuda;12000;100;CrossEntropyLoss();5093;397;Tanh();0.1;0.5;30;24;VAL;98.1;0.060570;0.641953
cuda;48000;100;CrossEntropyLoss();5093;397;Tanh();0.1;0.5;30;25;TRAIN;100.0;0.002026;3.154441
cuda;12000;100;CrossEntropyLoss();5093;397;Tanh();0.1;0.5;30;25;VAL;98.2;0.060263;0.623306
cuda;48000;100;CrossEntropyLoss();5093;397;Tanh();0.1;0.5;30;26;TRAIN;100.0;0.001904;3.312994
cuda;12000;100;CrossEntropyLoss();5093;397;Tanh();0.1;0.5;30;26;VAL;98.2;0.060720;1.081903
cuda;48000;100;CrossEntropyLoss();5093;397;Tanh();0.1;0.5;30;27;TRAIN;100.0;0.001810;2.629476
cuda;12000;100;CrossEntropyLoss();5093;397;Tanh();0.1;0.5;30;27;VAL;98.2;0.060486;1.310712
cuda;48000;100;CrossEntropyLoss();5093;397;Tanh();0.1;0.5;30;28;TRAIN;100.0;0.001708;2.958070
cuda;12000;100;CrossEntropyLoss();5093;397;Tanh();0.1;0.5;30;28;VAL;98.2;0.060382;1.274636
cuda;48000;100;CrossEntropyLoss();5093;397;Tanh();0.1;0.5;30;29;TRAIN;100.0;0.001622;2.622699
cuda;12000;100;CrossEntropyLoss();5093;397;Tanh();0.1;0.5;30;29;VAL;98.2;0.060784;0.769992
cuda;48000;100;CrossEntropyLoss();5093;397;Tanh();0.1;0.5;30;30;TRAIN;100.0;0.001553;2.587266
cuda;12000;100;CrossEntropyLoss();5093;397;Tanh();0.1;0.5;30;30;VAL;98.2;0.060947;0.588803
cuda;48000;100;CrossEntropyLoss();5093;397;Tanh();0.1;0.9;30;1;TRAIN;91.8;0.281524;2.366959
cuda;12000;100;CrossEntropyLoss();5093;397;Tanh();0.1;0.9;30;1;VAL;94.8;0.180631;0.607923
cuda;48000;100;CrossEntropyLoss();5093;397;Tanh();0.1;0.9;30;2;TRAIN;96.0;0.135148;2.685679
cuda;12000;100;CrossEntropyLoss();5093;397;Tanh();0.1;0.9;30;2;VAL;95.9;0.152033;0.604954
cuda;48000;100;CrossEntropyLoss();5093;397;Tanh();0.1;0.9;30;3;TRAIN;96.9;0.102829;2.355769
cuda;12000;100;CrossEntropyLoss();5093;397;Tanh();0.1;0.9;30;3;VAL;96.1;0.150921;0.591531
cuda;48000;100;CrossEntropyLoss();5093;397;Tanh();0.1;0.9;30;4;TRAIN;97.4;0.085605;3.640913
cuda;12000;100;CrossEntropyLoss();5093;397;Tanh();0.1;0.9;30;4;VAL;96.3;0.139504;0.683303
cuda;48000;100;CrossEntropyLoss();5093;397;Tanh();0.1;0.9;30;5;TRAIN;98.0;0.066195;2.454318
cuda;12000;100;CrossEntropyLoss();5093;397;Tanh();0.1;0.9;30;5;VAL;96.6;0.127148;0.576637
cuda;48000;100;CrossEntropyLoss();5093;397;Tanh();0.1;0.9;30;6;TRAIN;98.2;0.052106;3.274983
cuda;12000;100;CrossEntropyLoss();5093;397;Tanh();0.1;0.9;30;6;VAL;96.0;0.150254;0.741674
cuda;48000;100;CrossEntropyLoss();5093;397;Tanh();0.1;0.9;30;7;TRAIN;98.5;0.045495;2.546284
cuda;12000;100;CrossEntropyLoss();5093;397;Tanh();0.1;0.9;30;7;VAL;97.3;0.109033;0.600390
cuda;48000;100;CrossEntropyLoss();5093;397;Tanh();0.1;0.9;30;8;TRAIN;98.8;0.036714;2.501163
cuda;12000;100;CrossEntropyLoss();5093;397;Tanh();0.1;0.9;30;8;VAL;97.3;0.106142;0.705610
cuda;48000;100;CrossEntropyLoss();5093;397;Tanh();0.1;0.9;30;9;TRAIN;98.9;0.032485;3.131719
cuda;12000;100;CrossEntropyLoss();5093;397;Tanh();0.1;0.9;30;9;VAL;97.3;0.108217;0.657452
cuda;48000;100;CrossEntropyLoss();5093;397;Tanh();0.1;0.9;30;10;TRAIN;99.3;0.021432;3.097195
cuda;12000;100;CrossEntropyLoss();5093;397;Tanh();0.1;0.9;30;10;VAL;97.4;0.107908;1.019197
cuda;48000;100;CrossEntropyLoss();5093;397;Tanh();0.1;0.9;30;11;TRAIN;99.4;0.018273;2.701482
cuda;12000;100;CrossEntropyLoss();5093;397;Tanh();0.1;0.9;30;11;VAL;97.7;0.096541;1.269524
cuda;48000;100;CrossEntropyLoss();5093;397;Tanh();0.1;0.9;30;12;TRAIN;99.6;0.012755;2.895335
cuda;12000;100;CrossEntropyLoss();5093;397;Tanh();0.1;0.9;30;12;VAL;97.3;0.107760;1.359655
cuda;48000;100;CrossEntropyLoss();5093;397;Tanh();0.1;0.9;30;13;TRAIN;99.7;0.008092;2.698882
cuda;12000;100;CrossEntropyLoss();5093;397;Tanh();0.1;0.9;30;13;VAL;97.7;0.100569;1.231775
cuda;48000;100;CrossEntropyLoss();5093;397;Tanh();0.1;0.9;30;14;TRAIN;99.8;0.004665;2.912032
cuda;12000;100;CrossEntropyLoss();5093;397;Tanh();0.1;0.9;30;14;VAL;97.8;0.096127;1.377386
cuda;48000;100;CrossEntropyLoss();5093;397;Tanh();0.1;0.9;30;15;TRAIN;99.9;0.002807;2.921580
cuda;12000;100;CrossEntropyLoss();5093;397;Tanh();0.1;0.9;30;15;VAL;98.0;0.089262;0.882104
cuda;48000;100;CrossEntropyLoss();5093;397;Tanh();0.1;0.9;30;16;TRAIN;100.0;0.001266;3.321834
cuda;12000;100;CrossEntropyLoss();5093;397;Tanh();0.1;0.9;30;16;VAL;97.9;0.098480;0.661407
cuda;48000;100;CrossEntropyLoss();5093;397;Tanh();0.1;0.9;30;17;TRAIN;100.0;0.000505;3.217895
cuda;12000;100;CrossEntropyLoss();5093;397;Tanh();0.1;0.9;30;17;VAL;98.0;0.091519;0.630192
cuda;48000;100;CrossEntropyLoss();5093;397;Tanh();0.1;0.9;30;18;TRAIN;100.0;0.000165;3.691426
cuda;12000;100;CrossEntropyLoss();5093;397;Tanh();0.1;0.9;30;18;VAL;98.0;0.091287;0.653908
cuda;48000;100;CrossEntropyLoss();5093;397;Tanh();0.1;0.9;30;19;TRAIN;100.0;0.000137;3.184364
cuda;12000;100;CrossEntropyLoss();5093;397;Tanh();0.1;0.9;30;19;VAL;98.0;0.091068;0.646479
cuda;48000;100;CrossEntropyLoss();5093;397;Tanh();0.1;0.9;30;20;TRAIN;100.0;0.000121;3.774586
cuda;12000;100;CrossEntropyLoss();5093;397;Tanh();0.1;0.9;30;20;VAL;98.0;0.091067;0.649098
cuda;48000;100;CrossEntropyLoss();5093;397;Tanh();0.1;0.9;30;21;TRAIN;100.0;0.000110;3.235039
cuda;12000;100;CrossEntropyLoss();5093;397;Tanh();0.1;0.9;30;21;VAL;98.0;0.091081;0.666150
cuda;48000;100;CrossEntropyLoss();5093;397;Tanh();0.1;0.9;30;22;TRAIN;100.0;0.000102;3.608516
cuda;12000;100;CrossEntropyLoss();5093;397;Tanh();0.1;0.9;30;22;VAL;98.1;0.091097;0.666648
cuda;48000;100;CrossEntropyLoss();5093;397;Tanh();0.1;0.9;30;23;TRAIN;100.0;0.000096;3.188796
cuda;12000;100;CrossEntropyLoss();5093;397;Tanh();0.1;0.9;30;23;VAL;98.1;0.091021;0.695617
cuda;48000;100;CrossEntropyLoss();5093;397;Tanh();0.1;0.9;30;24;TRAIN;100.0;0.000091;3.652781
cuda;12000;100;CrossEntropyLoss();5093;397;Tanh();0.1;0.9;30;24;VAL;98.1;0.091036;0.637563
cuda;48000;100;CrossEntropyLoss();5093;397;Tanh();0.1;0.9;30;25;TRAIN;100.0;0.000086;3.243882
cuda;12000;100;CrossEntropyLoss();5093;397;Tanh();0.1;0.9;30;25;VAL;98.1;0.091056;0.741053
cuda;48000;100;CrossEntropyLoss();5093;397;Tanh();0.1;0.9;30;26;TRAIN;100.0;0.000082;3.582111
cuda;12000;100;CrossEntropyLoss();5093;397;Tanh();0.1;0.9;30;26;VAL;98.1;0.091089;1.335517
cuda;48000;100;CrossEntropyLoss();5093;397;Tanh();0.1;0.9;30;27;TRAIN;100.0;0.000079;4.526959
cuda;12000;100;CrossEntropyLoss();5093;397;Tanh();0.1;0.9;30;27;VAL;98.1;0.091110;0.746447
cuda;48000;100;CrossEntropyLoss();5093;397;Tanh();0.1;0.9;30;28;TRAIN;100.0;0.000076;4.516266
cuda;12000;100;CrossEntropyLoss();5093;397;Tanh();0.1;0.9;30;28;VAL;98.1;0.091061;0.670844
cuda;48000;100;CrossEntropyLoss();5093;397;Tanh();0.1;0.9;30;29;TRAIN;100.0;0.000073;4.021699
cuda;12000;100;CrossEntropyLoss();5093;397;Tanh();0.1;0.9;30;29;VAL;98.1;0.091098;0.652664
cuda;48000;100;CrossEntropyLoss();5093;397;Tanh();0.1;0.9;30;30;TRAIN;100.0;0.000070;3.447823
cuda;12000;100;CrossEntropyLoss();5093;397;Tanh();0.1;0.9;30;30;VAL;98.1;0.091144;0.692622
cuda;48000;100;CrossEntropyLoss();5093;784;Tanh();0.001;0.1;30;1;TRAIN;66.0;1.535760;4.063618
cuda;12000;100;CrossEntropyLoss();5093;784;Tanh();0.001;0.1;30;1;VAL;80.1;1.052260;0.710351
cuda;48000;100;CrossEntropyLoss();5093;784;Tanh();0.001;0.1;30;2;TRAIN;82.5;0.872546;4.314769
cuda;12000;100;CrossEntropyLoss();5093;784;Tanh();0.001;0.1;30;2;VAL;84.4;0.738053;1.241875
cuda;48000;100;CrossEntropyLoss();5093;784;Tanh();0.001;0.1;30;3;TRAIN;85.3;0.669017;3.432101
cuda;12000;100;CrossEntropyLoss();5093;784;Tanh();0.001;0.1;30;3;VAL;86.1;0.608068;0.673791
cuda;48000;100;CrossEntropyLoss();5093;784;Tanh();0.001;0.1;30;4;TRAIN;86.5;0.571976;4.677860
cuda;12000;100;CrossEntropyLoss();5093;784;Tanh();0.001;0.1;30;4;VAL;87.2;0.536738;1.484707
cuda;48000;100;CrossEntropyLoss();5093;784;Tanh();0.001;0.1;30;5;TRAIN;87.3;0.514397;4.835222
cuda;12000;100;CrossEntropyLoss();5093;784;Tanh();0.001;0.1;30;5;VAL;87.7;0.491236;1.085359
cuda;48000;100;CrossEntropyLoss();5093;784;Tanh();0.001;0.1;30;6;TRAIN;87.8;0.475849;5.437020
cuda;12000;100;CrossEntropyLoss();5093;784;Tanh();0.001;0.1;30;6;VAL;88.2;0.459498;1.352362
cuda;48000;100;CrossEntropyLoss();5093;784;Tanh();0.001;0.1;30;7;TRAIN;88.3;0.448015;6.376013
cuda;12000;100;CrossEntropyLoss();5093;784;Tanh();0.001;0.1;30;7;VAL;88.5;0.435773;0.916418
cuda;48000;100;CrossEntropyLoss();5093;784;Tanh();0.001;0.1;30;8;TRAIN;88.6;0.426839;4.516927
cuda;12000;100;CrossEntropyLoss();5093;784;Tanh();0.001;0.1;30;8;VAL;88.8;0.417654;1.119463
cuda;48000;100;CrossEntropyLoss();5093;784;Tanh();0.001;0.1;30;9;TRAIN;88.9;0.410045;4.335784
cuda;12000;100;CrossEntropyLoss();5093;784;Tanh();0.001;0.1;30;9;VAL;89.1;0.403138;0.844620
cuda;48000;100;CrossEntropyLoss();5093;784;Tanh();0.001;0.1;30;10;TRAIN;89.2;0.396450;5.102952
cuda;12000;100;CrossEntropyLoss();5093;784;Tanh();0.001;0.1;30;10;VAL;89.4;0.391120;0.734077
cuda;48000;100;CrossEntropyLoss();5093;784;Tanh();0.001;0.1;30;11;TRAIN;89.4;0.385072;4.099362
cuda;12000;100;CrossEntropyLoss();5093;784;Tanh();0.001;0.1;30;11;VAL;89.6;0.381039;1.098754
cuda;48000;100;CrossEntropyLoss();5093;784;Tanh();0.001;0.1;30;12;TRAIN;89.6;0.375386;4.953937
cuda;12000;100;CrossEntropyLoss();5093;784;Tanh();0.001;0.1;30;12;VAL;89.7;0.372377;0.976219
cuda;48000;100;CrossEntropyLoss();5093;784;Tanh();0.001;0.1;30;13;TRAIN;89.8;0.367014;4.986421
cuda;12000;100;CrossEntropyLoss();5093;784;Tanh();0.001;0.1;30;13;VAL;90.0;0.364638;0.980938
cuda;48000;100;CrossEntropyLoss();5093;784;Tanh();0.001;0.1;30;14;TRAIN;90.0;0.359669;4.629365
cuda;12000;100;CrossEntropyLoss();5093;784;Tanh();0.001;0.1;30;14;VAL;90.1;0.358083;1.053093
cuda;48000;100;CrossEntropyLoss();5093;784;Tanh();0.001;0.1;30;15;TRAIN;90.1;0.353130;4.307739
cuda;12000;100;CrossEntropyLoss();5093;784;Tanh();0.001;0.1;30;15;VAL;90.3;0.352170;0.927309
cuda;48000;100;CrossEntropyLoss();5093;784;Tanh();0.001;0.1;30;16;TRAIN;90.3;0.347315;4.114651
cuda;12000;100;CrossEntropyLoss();5093;784;Tanh();0.001;0.1;30;16;VAL;90.4;0.346968;1.723128
cuda;48000;100;CrossEntropyLoss();5093;784;Tanh();0.001;0.1;30;17;TRAIN;90.4;0.341982;4.358761
cuda;12000;100;CrossEntropyLoss();5093;784;Tanh();0.001;0.1;30;17;VAL;90.5;0.342285;0.997867
cuda;48000;100;CrossEntropyLoss();5093;784;Tanh();0.001;0.1;30;18;TRAIN;90.5;0.337189;3.053812
cuda;12000;100;CrossEntropyLoss();5093;784;Tanh();0.001;0.1;30;18;VAL;90.6;0.337845;0.688335
cuda;48000;100;CrossEntropyLoss();5093;784;Tanh();0.001;0.1;30;19;TRAIN;90.6;0.332757;3.599962
cuda;12000;100;CrossEntropyLoss();5093;784;Tanh();0.001;0.1;30;19;VAL;90.6;0.333669;0.820327
cuda;48000;100;CrossEntropyLoss();5093;784;Tanh();0.001;0.1;30;20;TRAIN;90.7;0.328670;3.274658
cuda;12000;100;CrossEntropyLoss();5093;784;Tanh();0.001;0.1;30;20;VAL;90.7;0.330014;0.846698
cuda;48000;100;CrossEntropyLoss();5093;784;Tanh();0.001;0.1;30;21;TRAIN;90.8;0.324880;5.723246
cuda;12000;100;CrossEntropyLoss();5093;784;Tanh();0.001;0.1;30;21;VAL;90.8;0.326623;0.897240
cuda;48000;100;CrossEntropyLoss();5093;784;Tanh();0.001;0.1;30;22;TRAIN;90.9;0.321320;3.753714
cuda;12000;100;CrossEntropyLoss();5093;784;Tanh();0.001;0.1;30;22;VAL;90.8;0.323553;1.121208
cuda;48000;100;CrossEntropyLoss();5093;784;Tanh();0.001;0.1;30;23;TRAIN;91.1;0.318029;4.900409
cuda;12000;100;CrossEntropyLoss();5093;784;Tanh();0.001;0.1;30;23;VAL;90.8;0.320451;1.155062
cuda;48000;100;CrossEntropyLoss();5093;784;Tanh();0.001;0.1;30;24;TRAIN;91.1;0.314910;3.945421
cuda;12000;100;CrossEntropyLoss();5093;784;Tanh();0.001;0.1;30;24;VAL;90.9;0.317549;0.795495
cuda;48000;100;CrossEntropyLoss();5093;784;Tanh();0.001;0.1;30;25;TRAIN;91.2;0.311964;3.134940
cuda;12000;100;CrossEntropyLoss();5093;784;Tanh();0.001;0.1;30;25;VAL;91.0;0.314877;0.798214
cuda;48000;100;CrossEntropyLoss();5093;784;Tanh();0.001;0.1;30;26;TRAIN;91.3;0.309142;4.983814
cuda;12000;100;CrossEntropyLoss();5093;784;Tanh();0.001;0.1;30;26;VAL;91.1;0.312330;0.961061
cuda;48000;100;CrossEntropyLoss();5093;784;Tanh();0.001;0.1;30;27;TRAIN;91.4;0.306496;4.686031
cuda;12000;100;CrossEntropyLoss();5093;784;Tanh();0.001;0.1;30;27;VAL;91.1;0.309911;1.724754
cuda;48000;100;CrossEntropyLoss();5093;784;Tanh();0.001;0.1;30;28;TRAIN;91.4;0.303950;3.455001
cuda;12000;100;CrossEntropyLoss();5093;784;Tanh();0.001;0.1;30;28;VAL;91.1;0.307561;1.713087
cuda;48000;100;CrossEntropyLoss();5093;784;Tanh();0.001;0.1;30;29;TRAIN;91.4;0.301545;4.807913
cuda;12000;100;CrossEntropyLoss();5093;784;Tanh();0.001;0.1;30;29;VAL;91.2;0.305437;0.957294
cuda;48000;100;CrossEntropyLoss();5093;784;Tanh();0.001;0.1;30;30;TRAIN;91.6;0.299229;5.332332
cuda;12000;100;CrossEntropyLoss();5093;784;Tanh();0.001;0.1;30;30;VAL;91.2;0.303338;1.679766
cuda;48000;100;CrossEntropyLoss();5093;784;Tanh();0.001;0.5;30;1;TRAIN;72.5;1.251413;6.216793
cuda;12000;100;CrossEntropyLoss();5093;784;Tanh();0.001;0.5;30;1;VAL;83.9;0.777664;1.219800
cuda;48000;100;CrossEntropyLoss();5093;784;Tanh();0.001;0.5;30;2;TRAIN;85.5;0.649213;5.222617
cuda;12000;100;CrossEntropyLoss();5093;784;Tanh();0.001;0.5;30;2;VAL;86.7;0.561259;0.878456
cuda;48000;100;CrossEntropyLoss();5093;784;Tanh();0.001;0.5;30;3;TRAIN;87.4;0.514889;5.224327
cuda;12000;100;CrossEntropyLoss();5093;784;Tanh();0.001;0.5;30;3;VAL;88.0;0.478348;0.786887
cuda;48000;100;CrossEntropyLoss();5093;784;Tanh();0.001;0.5;30;4;TRAIN;88.2;0.453293;3.097850
cuda;12000;100;CrossEntropyLoss();5093;784;Tanh();0.001;0.5;30;4;VAL;88.7;0.433328;0.816248
cuda;48000;100;CrossEntropyLoss();5093;784;Tanh();0.001;0.5;30;5;TRAIN;88.8;0.416989;3.485989
cuda;12000;100;CrossEntropyLoss();5093;784;Tanh();0.001;0.5;30;5;VAL;89.1;0.405085;1.130032
cuda;48000;100;CrossEntropyLoss();5093;784;Tanh();0.001;0.5;30;6;TRAIN;89.2;0.392588;4.515153
cuda;12000;100;CrossEntropyLoss();5093;784;Tanh();0.001;0.5;30;6;VAL;89.5;0.385182;0.757065
cuda;48000;100;CrossEntropyLoss();5093;784;Tanh();0.001;0.5;30;7;TRAIN;89.6;0.374739;4.633301
cuda;12000;100;CrossEntropyLoss();5093;784;Tanh();0.001;0.5;30;7;VAL;89.7;0.370176;0.908247
cuda;48000;100;CrossEntropyLoss();5093;784;Tanh();0.001;0.5;30;8;TRAIN;89.9;0.361035;5.507139
cuda;12000;100;CrossEntropyLoss();5093;784;Tanh();0.001;0.5;30;8;VAL;90.0;0.358402;1.202401
cuda;48000;100;CrossEntropyLoss();5093;784;Tanh();0.001;0.5;30;9;TRAIN;90.1;0.349908;4.441119
cuda;12000;100;CrossEntropyLoss();5093;784;Tanh();0.001;0.5;30;9;VAL;90.1;0.348753;2.335184
cuda;48000;100;CrossEntropyLoss();5093;784;Tanh();0.001;0.5;30;10;TRAIN;90.3;0.340675;4.909775
cuda;12000;100;CrossEntropyLoss();5093;784;Tanh();0.001;0.5;30;10;VAL;90.3;0.340465;2.063913
cuda;48000;100;CrossEntropyLoss();5093;784;Tanh();0.001;0.5;30;11;TRAIN;90.5;0.332755;4.928775
cuda;12000;100;CrossEntropyLoss();5093;784;Tanh();0.001;0.5;30;11;VAL;90.5;0.333873;1.580608
cuda;48000;100;CrossEntropyLoss();5093;784;Tanh();0.001;0.5;30;12;TRAIN;90.7;0.325889;4.565417
cuda;12000;100;CrossEntropyLoss();5093;784;Tanh();0.001;0.5;30;12;VAL;90.6;0.327725;0.899053
cuda;48000;100;CrossEntropyLoss();5093;784;Tanh();0.001;0.5;30;13;TRAIN;90.9;0.319774;4.223633
cuda;12000;100;CrossEntropyLoss();5093;784;Tanh();0.001;0.5;30;13;VAL;90.8;0.322082;0.961079
cuda;48000;100;CrossEntropyLoss();5093;784;Tanh();0.001;0.5;30;14;TRAIN;91.0;0.314305;5.939296
cuda;12000;100;CrossEntropyLoss();5093;784;Tanh();0.001;0.5;30;14;VAL;90.8;0.317451;1.285246
cuda;48000;100;CrossEntropyLoss();5093;784;Tanh();0.001;0.5;30;15;TRAIN;91.1;0.309405;6.972543
cuda;12000;100;CrossEntropyLoss();5093;784;Tanh();0.001;0.5;30;15;VAL;90.9;0.312775;1.312177
cuda;48000;100;CrossEntropyLoss();5093;784;Tanh();0.001;0.5;30;16;TRAIN;91.3;0.304842;7.363467
cuda;12000;100;CrossEntropyLoss();5093;784;Tanh();0.001;0.5;30;16;VAL;91.0;0.308828;1.094523
cuda;48000;100;CrossEntropyLoss();5093;784;Tanh();0.001;0.5;30;17;TRAIN;91.4;0.300642;5.716200
cuda;12000;100;CrossEntropyLoss();5093;784;Tanh();0.001;0.5;30;17;VAL;91.2;0.304906;0.934866
cuda;48000;100;CrossEntropyLoss();5093;784;Tanh();0.001;0.5;30;18;TRAIN;91.5;0.296730;7.692091
cuda;12000;100;CrossEntropyLoss();5093;784;Tanh();0.001;0.5;30;18;VAL;91.2;0.301569;2.095993
cuda;48000;100;CrossEntropyLoss();5093;784;Tanh();0.001;0.5;30;19;TRAIN;91.6;0.293032;6.471553
cuda;12000;100;CrossEntropyLoss();5093;784;Tanh();0.001;0.5;30;19;VAL;91.3;0.298376;1.362984
cuda;48000;100;CrossEntropyLoss();5093;784;Tanh();0.001;0.5;30;20;TRAIN;91.7;0.289480;6.592472
cuda;12000;100;CrossEntropyLoss();5093;784;Tanh();0.001;0.5;30;20;VAL;91.4;0.294912;1.938336
cuda;48000;100;CrossEntropyLoss();5093;784;Tanh();0.001;0.5;30;21;TRAIN;91.8;0.286270;6.833951
cuda;12000;100;CrossEntropyLoss();5093;784;Tanh();0.001;0.5;30;21;VAL;91.4;0.292100;0.978323
cuda;48000;100;CrossEntropyLoss();5093;784;Tanh();0.001;0.5;30;22;TRAIN;91.9;0.283100;5.479675
cuda;12000;100;CrossEntropyLoss();5093;784;Tanh();0.001;0.5;30;22;VAL;91.6;0.289363;1.059348
cuda;48000;100;CrossEntropyLoss();5093;784;Tanh();0.001;0.5;30;23;TRAIN;92.0;0.280079;5.113686
cuda;12000;100;CrossEntropyLoss();5093;784;Tanh();0.001;0.5;30;23;VAL;91.7;0.286486;1.046044
cuda;48000;100;CrossEntropyLoss();5093;784;Tanh();0.001;0.5;30;24;TRAIN;92.1;0.277168;5.109511
cuda;12000;100;CrossEntropyLoss();5093;784;Tanh();0.001;0.5;30;24;VAL;91.8;0.283880;0.927935
cuda;48000;100;CrossEntropyLoss();5093;784;Tanh();0.001;0.5;30;25;TRAIN;92.2;0.274366;4.991948
cuda;12000;100;CrossEntropyLoss();5093;784;Tanh();0.001;0.5;30;25;VAL;91.9;0.281202;0.802202
cuda;48000;100;CrossEntropyLoss();5093;784;Tanh();0.001;0.5;30;26;TRAIN;92.2;0.271558;4.744872
cuda;12000;100;CrossEntropyLoss();5093;784;Tanh();0.001;0.5;30;26;VAL;92.0;0.278631;1.034859
cuda;48000;100;CrossEntropyLoss();5093;784;Tanh();0.001;0.5;30;27;TRAIN;92.4;0.268995;4.374956
cuda;12000;100;CrossEntropyLoss();5093;784;Tanh();0.001;0.5;30;27;VAL;92.0;0.276547;0.959316
cuda;48000;100;CrossEntropyLoss();5093;784;Tanh();0.001;0.5;30;28;TRAIN;92.4;0.266428;6.479717
cuda;12000;100;CrossEntropyLoss();5093;784;Tanh();0.001;0.5;30;28;VAL;92.0;0.274415;0.864721
cuda;48000;100;CrossEntropyLoss();5093;784;Tanh();0.001;0.5;30;29;TRAIN;92.5;0.263954;4.335585
cuda;12000;100;CrossEntropyLoss();5093;784;Tanh();0.001;0.5;30;29;VAL;92.2;0.271958;0.885050
cuda;48000;100;CrossEntropyLoss();5093;784;Tanh();0.001;0.5;30;30;TRAIN;92.6;0.261409;3.477757
cuda;12000;100;CrossEntropyLoss();5093;784;Tanh();0.001;0.5;30;30;VAL;92.2;0.269457;1.097153
cuda;48000;100;CrossEntropyLoss();5093;784;Tanh();0.001;0.9;30;1;TRAIN;83.1;0.677734;6.320350
cuda;12000;100;CrossEntropyLoss();5093;784;Tanh();0.001;0.9;30;1;VAL;88.8;0.407896;0.879041
cuda;48000;100;CrossEntropyLoss();5093;784;Tanh();0.001;0.9;30;2;TRAIN;89.6;0.367289;4.400453
cuda;12000;100;CrossEntropyLoss();5093;784;Tanh();0.001;0.9;30;2;VAL;90.3;0.341948;1.387665
cuda;48000;100;CrossEntropyLoss();5093;784;Tanh();0.001;0.9;30;3;TRAIN;90.8;0.323327;3.787246
cuda;12000;100;CrossEntropyLoss();5093;784;Tanh();0.001;0.9;30;3;VAL;90.9;0.314574;1.216106
cuda;48000;100;CrossEntropyLoss();5093;784;Tanh();0.001;0.9;30;4;TRAIN;91.4;0.299657;4.106878
cuda;12000;100;CrossEntropyLoss();5093;784;Tanh();0.001;0.9;30;4;VAL;91.6;0.295352;0.875848
cuda;48000;100;CrossEntropyLoss();5093;784;Tanh();0.001;0.9;30;5;TRAIN;92.0;0.282821;3.556443
cuda;12000;100;CrossEntropyLoss();5093;784;Tanh();0.001;0.9;30;5;VAL;91.9;0.281687;0.780135
cuda;48000;100;CrossEntropyLoss();5093;784;Tanh();0.001;0.9;30;6;TRAIN;92.4;0.269158;4.491720
cuda;12000;100;CrossEntropyLoss();5093;784;Tanh();0.001;0.9;30;6;VAL;92.2;0.270180;0.760616
cuda;48000;100;CrossEntropyLoss();5093;784;Tanh();0.001;0.9;30;7;TRAIN;92.7;0.257317;3.729454
cuda;12000;100;CrossEntropyLoss();5093;784;Tanh();0.001;0.9;30;7;VAL;92.5;0.259329;1.033165
cuda;48000;100;CrossEntropyLoss();5093;784;Tanh();0.001;0.9;30;8;TRAIN;93.1;0.246212;3.818600
cuda;12000;100;CrossEntropyLoss();5093;784;Tanh();0.001;0.9;30;8;VAL;92.8;0.249929;0.863215
cuda;48000;100;CrossEntropyLoss();5093;784;Tanh();0.001;0.9;30;9;TRAIN;93.3;0.236024;3.770005
cuda;12000;100;CrossEntropyLoss();5093;784;Tanh();0.001;0.9;30;9;VAL;93.1;0.240621;1.440029
cuda;48000;100;CrossEntropyLoss();5093;784;Tanh();0.001;0.9;30;10;TRAIN;93.6;0.226172;3.207475
cuda;12000;100;CrossEntropyLoss();5093;784;Tanh();0.001;0.9;30;10;VAL;93.3;0.232898;0.750610
cuda;48000;100;CrossEntropyLoss();5093;784;Tanh();0.001;0.9;30;11;TRAIN;93.9;0.216953;4.305905
cuda;12000;100;CrossEntropyLoss();5093;784;Tanh();0.001;0.9;30;11;VAL;93.6;0.223602;0.728774
cuda;48000;100;CrossEntropyLoss();5093;784;Tanh();0.001;0.9;30;12;TRAIN;94.2;0.207975;3.662368
cuda;12000;100;CrossEntropyLoss();5093;784;Tanh();0.001;0.9;30;12;VAL;93.9;0.215201;0.956096
cuda;48000;100;CrossEntropyLoss();5093;784;Tanh();0.001;0.9;30;13;TRAIN;94.4;0.199638;5.790345
cuda;12000;100;CrossEntropyLoss();5093;784;Tanh();0.001;0.9;30;13;VAL;94.1;0.208762;1.172476
cuda;48000;100;CrossEntropyLoss();5093;784;Tanh();0.001;0.9;30;14;TRAIN;94.7;0.191514;5.321739
cuda;12000;100;CrossEntropyLoss();5093;784;Tanh();0.001;0.9;30;14;VAL;94.2;0.202255;1.655163
cuda;48000;100;CrossEntropyLoss();5093;784;Tanh();0.001;0.9;30;15;TRAIN;94.9;0.184028;5.698951
cuda;12000;100;CrossEntropyLoss();5093;784;Tanh();0.001;0.9;30;15;VAL;94.4;0.195187;1.690480
cuda;48000;100;CrossEntropyLoss();5093;784;Tanh();0.001;0.9;30;16;TRAIN;95.1;0.176719;3.643649
cuda;12000;100;CrossEntropyLoss();5093;784;Tanh();0.001;0.9;30;16;VAL;94.7;0.188209;0.817018
cuda;48000;100;CrossEntropyLoss();5093;784;Tanh();0.001;0.9;30;17;TRAIN;95.3;0.170066;3.544795
cuda;12000;100;CrossEntropyLoss();5093;784;Tanh();0.001;0.9;30;17;VAL;94.8;0.182851;2.174799
cuda;48000;100;CrossEntropyLoss();5093;784;Tanh();0.001;0.9;30;18;TRAIN;95.5;0.163750;5.040345
cuda;12000;100;CrossEntropyLoss();5093;784;Tanh();0.001;0.9;30;18;VAL;95.0;0.176884;0.847014
cuda;48000;100;CrossEntropyLoss();5093;784;Tanh();0.001;0.9;30;19;TRAIN;95.7;0.157541;4.578177
cuda;12000;100;CrossEntropyLoss();5093;784;Tanh();0.001;0.9;30;19;VAL;95.0;0.172704;1.193274
cuda;48000;100;CrossEntropyLoss();5093;784;Tanh();0.001;0.9;30;20;TRAIN;95.9;0.152015;4.328199
cuda;12000;100;CrossEntropyLoss();5093;784;Tanh();0.001;0.9;30;20;VAL;95.2;0.166679;1.330783
cuda;48000;100;CrossEntropyLoss();5093;784;Tanh();0.001;0.9;30;21;TRAIN;96.0;0.146626;4.316373
cuda;12000;100;CrossEntropyLoss();5093;784;Tanh();0.001;0.9;30;21;VAL;95.2;0.162136;0.803781
cuda;48000;100;CrossEntropyLoss();5093;784;Tanh();0.001;0.9;30;22;TRAIN;96.1;0.141580;3.323056
cuda;12000;100;CrossEntropyLoss();5093;784;Tanh();0.001;0.9;30;22;VAL;95.4;0.158702;1.602506
cuda;48000;100;CrossEntropyLoss();5093;784;Tanh();0.001;0.9;30;23;TRAIN;96.3;0.136835;3.582087
cuda;12000;100;CrossEntropyLoss();5093;784;Tanh();0.001;0.9;30;23;VAL;95.4;0.153731;0.877942
cuda;48000;100;CrossEntropyLoss();5093;784;Tanh();0.001;0.9;30;24;TRAIN;96.4;0.132268;3.589325
cuda;12000;100;CrossEntropyLoss();5093;784;Tanh();0.001;0.9;30;24;VAL;95.6;0.150666;0.876553
cuda;48000;100;CrossEntropyLoss();5093;784;Tanh();0.001;0.9;30;25;TRAIN;96.5;0.128015;3.537783
cuda;12000;100;CrossEntropyLoss();5093;784;Tanh();0.001;0.9;30;25;VAL;95.7;0.146705;0.741539
cuda;48000;100;CrossEntropyLoss();5093;784;Tanh();0.001;0.9;30;26;TRAIN;96.7;0.123912;4.245187
cuda;12000;100;CrossEntropyLoss();5093;784;Tanh();0.001;0.9;30;26;VAL;95.9;0.142793;0.736152
cuda;48000;100;CrossEntropyLoss();5093;784;Tanh();0.001;0.9;30;27;TRAIN;96.8;0.120060;3.406875
cuda;12000;100;CrossEntropyLoss();5093;784;Tanh();0.001;0.9;30;27;VAL;96.0;0.139836;0.944173
cuda;48000;100;CrossEntropyLoss();5093;784;Tanh();0.001;0.9;30;28;TRAIN;96.9;0.116228;3.546638
cuda;12000;100;CrossEntropyLoss();5093;784;Tanh();0.001;0.9;30;28;VAL;96.1;0.137807;0.897000
cuda;48000;100;CrossEntropyLoss();5093;784;Tanh();0.001;0.9;30;29;TRAIN;97.0;0.112871;3.330747
cuda;12000;100;CrossEntropyLoss();5093;784;Tanh();0.001;0.9;30;29;VAL;96.2;0.134367;0.883340
cuda;48000;100;CrossEntropyLoss();5093;784;Tanh();0.001;0.9;30;30;TRAIN;97.1;0.109535;3.724328
cuda;12000;100;CrossEntropyLoss();5093;784;Tanh();0.001;0.9;30;30;VAL;96.3;0.132046;0.757614
cuda;48000;100;CrossEntropyLoss();5093;784;Tanh();0.01;0.1;30;1;TRAIN;84.6;0.640915;3.849036
cuda;12000;100;CrossEntropyLoss();5093;784;Tanh();0.01;0.1;30;1;VAL;89.3;0.393325;0.861771
cuda;48000;100;CrossEntropyLoss();5093;784;Tanh();0.01;0.1;30;2;TRAIN;89.9;0.357088;3.446971
cuda;12000;100;CrossEntropyLoss();5093;784;Tanh();0.01;0.1;30;2;VAL;90.4;0.331872;1.018787
cuda;48000;100;CrossEntropyLoss();5093;784;Tanh();0.01;0.1;30;3;TRAIN;90.9;0.315141;3.545034
cuda;12000;100;CrossEntropyLoss();5093;784;Tanh();0.01;0.1;30;3;VAL;91.1;0.305148;0.990043
cuda;48000;100;CrossEntropyLoss();5093;784;Tanh();0.01;0.1;30;4;TRAIN;91.7;0.291790;3.282970
cuda;12000;100;CrossEntropyLoss();5093;784;Tanh();0.01;0.1;30;4;VAL;91.6;0.285741;0.744204
cuda;48000;100;CrossEntropyLoss();5093;784;Tanh();0.01;0.1;30;5;TRAIN;92.1;0.274797;4.057804
cuda;12000;100;CrossEntropyLoss();5093;784;Tanh();0.01;0.1;30;5;VAL;92.0;0.272691;0.748643
cuda;48000;100;CrossEntropyLoss();5093;784;Tanh();0.01;0.1;30;6;TRAIN;92.6;0.260582;3.505270
cuda;12000;100;CrossEntropyLoss();5093;784;Tanh();0.01;0.1;30;6;VAL;92.4;0.260076;0.921675
cuda;48000;100;CrossEntropyLoss();5093;784;Tanh();0.01;0.1;30;7;TRAIN;93.0;0.248112;3.711370
cuda;12000;100;CrossEntropyLoss();5093;784;Tanh();0.01;0.1;30;7;VAL;92.8;0.247979;0.754057
cuda;48000;100;CrossEntropyLoss();5093;784;Tanh();0.01;0.1;30;8;TRAIN;93.3;0.236109;3.710484
cuda;12000;100;CrossEntropyLoss();5093;784;Tanh();0.01;0.1;30;8;VAL;93.2;0.238140;1.023742
cuda;48000;100;CrossEntropyLoss();5093;784;Tanh();0.01;0.1;30;9;TRAIN;93.7;0.225283;3.050104
cuda;12000;100;CrossEntropyLoss();5093;784;Tanh();0.01;0.1;30;9;VAL;93.5;0.228112;0.731912
cuda;48000;100;CrossEntropyLoss();5093;784;Tanh();0.01;0.1;30;10;TRAIN;94.0;0.214740;3.988650
cuda;12000;100;CrossEntropyLoss();5093;784;Tanh();0.01;0.1;30;10;VAL;93.8;0.219499;0.763234
cuda;48000;100;CrossEntropyLoss();5093;784;Tanh();0.01;0.1;30;11;TRAIN;94.3;0.204893;3.420410
cuda;12000;100;CrossEntropyLoss();5093;784;Tanh();0.01;0.1;30;11;VAL;94.0;0.210575;0.709045
cuda;48000;100;CrossEntropyLoss();5093;784;Tanh();0.01;0.1;30;12;TRAIN;94.5;0.195369;4.210595
cuda;12000;100;CrossEntropyLoss();5093;784;Tanh();0.01;0.1;30;12;VAL;94.3;0.202830;0.714172
cuda;48000;100;CrossEntropyLoss();5093;784;Tanh();0.01;0.1;30;13;TRAIN;94.8;0.186780;5.265164
cuda;12000;100;CrossEntropyLoss();5093;784;Tanh();0.01;0.1;30;13;VAL;94.5;0.194941;1.085168
cuda;48000;100;CrossEntropyLoss();5093;784;Tanh();0.01;0.1;30;14;TRAIN;95.0;0.178585;4.499678
cuda;12000;100;CrossEntropyLoss();5093;784;Tanh();0.01;0.1;30;14;VAL;94.7;0.187784;0.913848
cuda;48000;100;CrossEntropyLoss();5093;784;Tanh();0.01;0.1;30;15;TRAIN;95.2;0.171032;5.620145
cuda;12000;100;CrossEntropyLoss();5093;784;Tanh();0.01;0.1;30;15;VAL;94.9;0.180860;2.362335
cuda;48000;100;CrossEntropyLoss();5093;784;Tanh();0.01;0.1;30;16;TRAIN;95.5;0.163670;4.963716
cuda;12000;100;CrossEntropyLoss();5093;784;Tanh();0.01;0.1;30;16;VAL;95.0;0.174601;1.140637
cuda;48000;100;CrossEntropyLoss();5093;784;Tanh();0.01;0.1;30;17;TRAIN;95.7;0.157063;4.296650
cuda;12000;100;CrossEntropyLoss();5093;784;Tanh();0.01;0.1;30;17;VAL;95.3;0.168807;1.223259
cuda;48000;100;CrossEntropyLoss();5093;784;Tanh();0.01;0.1;30;18;TRAIN;95.8;0.150566;4.491040
cuda;12000;100;CrossEntropyLoss();5093;784;Tanh();0.01;0.1;30;18;VAL;95.4;0.163399;0.732336
cuda;48000;100;CrossEntropyLoss();5093;784;Tanh();0.01;0.1;30;19;TRAIN;96.0;0.144846;4.994863
cuda;12000;100;CrossEntropyLoss();5093;784;Tanh();0.01;0.1;30;19;VAL;95.6;0.158444;0.942264
cuda;48000;100;CrossEntropyLoss();5093;784;Tanh();0.01;0.1;30;20;TRAIN;96.1;0.139347;4.818647
cuda;12000;100;CrossEntropyLoss();5093;784;Tanh();0.01;0.1;30;20;VAL;95.5;0.153747;1.117154
cuda;48000;100;CrossEntropyLoss();5093;784;Tanh();0.01;0.1;30;21;TRAIN;96.3;0.134059;4.559591
cuda;12000;100;CrossEntropyLoss();5093;784;Tanh();0.01;0.1;30;21;VAL;95.7;0.149125;0.802900
cuda;48000;100;CrossEntropyLoss();5093;784;Tanh();0.01;0.1;30;22;TRAIN;96.4;0.129170;3.914900
cuda;12000;100;CrossEntropyLoss();5093;784;Tanh();0.01;0.1;30;22;VAL;95.8;0.145694;1.582147
cuda;48000;100;CrossEntropyLoss();5093;784;Tanh();0.01;0.1;30;23;TRAIN;96.6;0.124578;3.632798
cuda;12000;100;CrossEntropyLoss();5093;784;Tanh();0.01;0.1;30;23;VAL;96.0;0.141494;1.003364
cuda;48000;100;CrossEntropyLoss();5093;784;Tanh();0.01;0.1;30;24;TRAIN;96.7;0.120170;4.032086
cuda;12000;100;CrossEntropyLoss();5093;784;Tanh();0.01;0.1;30;24;VAL;96.1;0.138032;0.865578
cuda;48000;100;CrossEntropyLoss();5093;784;Tanh();0.01;0.1;30;25;TRAIN;96.9;0.116029;4.951193
cuda;12000;100;CrossEntropyLoss();5093;784;Tanh();0.01;0.1;30;25;VAL;96.2;0.134191;0.758422
cuda;48000;100;CrossEntropyLoss();5093;784;Tanh();0.01;0.1;30;26;TRAIN;97.0;0.112304;4.097619
cuda;12000;100;CrossEntropyLoss();5093;784;Tanh();0.01;0.1;30;26;VAL;96.3;0.131616;0.875280
cuda;48000;100;CrossEntropyLoss();5093;784;Tanh();0.01;0.1;30;27;TRAIN;97.1;0.108542;4.615777
cuda;12000;100;CrossEntropyLoss();5093;784;Tanh();0.01;0.1;30;27;VAL;96.3;0.128467;0.715570
cuda;48000;100;CrossEntropyLoss();5093;784;Tanh();0.01;0.1;30;28;TRAIN;97.2;0.105007;4.840072
cuda;12000;100;CrossEntropyLoss();5093;784;Tanh();0.01;0.1;30;28;VAL;96.3;0.126809;0.908575
cuda;48000;100;CrossEntropyLoss();5093;784;Tanh();0.01;0.1;30;29;TRAIN;97.3;0.101621;4.145447
cuda;12000;100;CrossEntropyLoss();5093;784;Tanh();0.01;0.1;30;29;VAL;96.5;0.123318;0.990273
cuda;48000;100;CrossEntropyLoss();5093;784;Tanh();0.01;0.1;30;30;TRAIN;97.4;0.098486;4.839236
cuda;12000;100;CrossEntropyLoss();5093;784;Tanh();0.01;0.1;30;30;VAL;96.5;0.120674;0.911403
cuda;48000;100;CrossEntropyLoss();5093;784;Tanh();0.01;0.5;30;1;TRAIN;86.2;0.524395;4.432169
cuda;12000;100;CrossEntropyLoss();5093;784;Tanh();0.01;0.5;30;1;VAL;90.2;0.343279;1.450828
cuda;48000;100;CrossEntropyLoss();5093;784;Tanh();0.01;0.5;30;2;TRAIN;91.0;0.314718;4.403415
cuda;12000;100;CrossEntropyLoss();5093;784;Tanh();0.01;0.5;30;2;VAL;91.5;0.295157;2.162822
cuda;48000;100;CrossEntropyLoss();5093;784;Tanh();0.01;0.5;30;3;TRAIN;92.0;0.278504;4.046353
cuda;12000;100;CrossEntropyLoss();5093;784;Tanh();0.01;0.5;30;3;VAL;92.0;0.272958;0.770995
cuda;48000;100;CrossEntropyLoss();5093;784;Tanh();0.01;0.5;30;4;TRAIN;92.8;0.254093;3.782818
cuda;12000;100;CrossEntropyLoss();5093;784;Tanh();0.01;0.5;30;4;VAL;92.8;0.251197;0.917166
cuda;48000;100;CrossEntropyLoss();5093;784;Tanh();0.01;0.5;30;5;TRAIN;93.4;0.232774;3.120019
cuda;12000;100;CrossEntropyLoss();5093;784;Tanh();0.01;0.5;30;5;VAL;93.4;0.231270;0.818397
cuda;48000;100;CrossEntropyLoss();5093;784;Tanh();0.01;0.5;30;6;TRAIN;93.9;0.213630;3.362550
cuda;12000;100;CrossEntropyLoss();5093;784;Tanh();0.01;0.5;30;6;VAL;94.0;0.214689;0.848266
cuda;48000;100;CrossEntropyLoss();5093;784;Tanh();0.01;0.5;30;7;TRAIN;94.5;0.196144;3.170081
cuda;12000;100;CrossEntropyLoss();5093;784;Tanh();0.01;0.5;30;7;VAL;94.5;0.199639;0.920209
cuda;48000;100;CrossEntropyLoss();5093;784;Tanh();0.01;0.5;30;8;TRAIN;95.0;0.180778;4.572075
cuda;12000;100;CrossEntropyLoss();5093;784;Tanh();0.01;0.5;30;8;VAL;94.8;0.186299;0.753175
cuda;48000;100;CrossEntropyLoss();5093;784;Tanh();0.01;0.5;30;9;TRAIN;95.4;0.166981;3.225611
cuda;12000;100;CrossEntropyLoss();5093;784;Tanh();0.01;0.5;30;9;VAL;94.9;0.174589;0.874075
cuda;48000;100;CrossEntropyLoss();5093;784;Tanh();0.01;0.5;30;10;TRAIN;95.7;0.154794;3.672997
cuda;12000;100;CrossEntropyLoss();5093;784;Tanh();0.01;0.5;30;10;VAL;95.3;0.165368;0.828533
cuda;48000;100;CrossEntropyLoss();5093;784;Tanh();0.01;0.5;30;11;TRAIN;96.0;0.143998;3.398036
cuda;12000;100;CrossEntropyLoss();5093;784;Tanh();0.01;0.5;30;11;VAL;95.6;0.156118;0.835714
cuda;48000;100;CrossEntropyLoss();5093;784;Tanh();0.01;0.5;30;12;TRAIN;96.3;0.134510;3.396822
cuda;12000;100;CrossEntropyLoss();5093;784;Tanh();0.01;0.5;30;12;VAL;95.8;0.148137;0.784710
cuda;48000;100;CrossEntropyLoss();5093;784;Tanh();0.01;0.5;30;13;TRAIN;96.6;0.125990;4.788145
cuda;12000;100;CrossEntropyLoss();5093;784;Tanh();0.01;0.5;30;13;VAL;96.1;0.141376;1.120530
cuda;48000;100;CrossEntropyLoss();5093;784;Tanh();0.01;0.5;30;14;TRAIN;96.8;0.118189;4.261150
cuda;12000;100;CrossEntropyLoss();5093;784;Tanh();0.01;0.5;30;14;VAL;96.1;0.135342;0.838460
cuda;48000;100;CrossEntropyLoss();5093;784;Tanh();0.01;0.5;30;15;TRAIN;97.0;0.111392;4.029602
cuda;12000;100;CrossEntropyLoss();5093;784;Tanh();0.01;0.5;30;15;VAL;96.3;0.129436;1.596495
cuda;48000;100;CrossEntropyLoss();5093;784;Tanh();0.01;0.5;30;16;TRAIN;97.2;0.104984;3.495665
cuda;12000;100;CrossEntropyLoss();5093;784;Tanh();0.01;0.5;30;16;VAL;96.4;0.124486;1.523380
cuda;48000;100;CrossEntropyLoss();5093;784;Tanh();0.01;0.5;30;17;TRAIN;97.4;0.099253;3.597767
cuda;12000;100;CrossEntropyLoss();5093;784;Tanh();0.01;0.5;30;17;VAL;96.5;0.121151;0.948341
cuda;48000;100;CrossEntropyLoss();5093;784;Tanh();0.01;0.5;30;18;TRAIN;97.5;0.093964;4.514141
cuda;12000;100;CrossEntropyLoss();5093;784;Tanh();0.01;0.5;30;18;VAL;96.7;0.116454;0.848957
cuda;48000;100;CrossEntropyLoss();5093;784;Tanh();0.01;0.5;30;19;TRAIN;97.7;0.089102;4.578534
cuda;12000;100;CrossEntropyLoss();5093;784;Tanh();0.01;0.5;30;19;VAL;96.7;0.112533;0.885327
cuda;48000;100;CrossEntropyLoss();5093;784;Tanh();0.01;0.5;30;20;TRAIN;97.8;0.084671;4.236259
cuda;12000;100;CrossEntropyLoss();5093;784;Tanh();0.01;0.5;30;20;VAL;96.9;0.109621;0.854352
cuda;48000;100;CrossEntropyLoss();5093;784;Tanh();0.01;0.5;30;21;TRAIN;97.9;0.080494;5.037095
cuda;12000;100;CrossEntropyLoss();5093;784;Tanh();0.01;0.5;30;21;VAL;96.9;0.106656;0.825578
cuda;48000;100;CrossEntropyLoss();5093;784;Tanh();0.01;0.5;30;22;TRAIN;98.0;0.076695;4.728348
cuda;12000;100;CrossEntropyLoss();5093;784;Tanh();0.01;0.5;30;22;VAL;96.9;0.103262;1.267844
cuda;48000;100;CrossEntropyLoss();5093;784;Tanh();0.01;0.5;30;23;TRAIN;98.1;0.073117;3.440580
cuda;12000;100;CrossEntropyLoss();5093;784;Tanh();0.01;0.5;30;23;VAL;97.0;0.100710;1.476062
cuda;48000;100;CrossEntropyLoss();5093;784;Tanh();0.01;0.5;30;24;TRAIN;98.2;0.069788;4.038814
cuda;12000;100;CrossEntropyLoss();5093;784;Tanh();0.01;0.5;30;24;VAL;97.1;0.098492;1.242729
cuda;48000;100;CrossEntropyLoss();5093;784;Tanh();0.01;0.5;30;25;TRAIN;98.3;0.066532;5.742235
cuda;12000;100;CrossEntropyLoss();5093;784;Tanh();0.01;0.5;30;25;VAL;97.1;0.096934;0.840822
cuda;48000;100;CrossEntropyLoss();5093;784;Tanh();0.01;0.5;30;26;TRAIN;98.4;0.063621;5.664618
cuda;12000;100;CrossEntropyLoss();5093;784;Tanh();0.01;0.5;30;26;VAL;97.2;0.095265;0.989824
cuda;48000;100;CrossEntropyLoss();5093;784;Tanh();0.01;0.5;30;27;TRAIN;98.5;0.060930;5.071911
cuda;12000;100;CrossEntropyLoss();5093;784;Tanh();0.01;0.5;30;27;VAL;97.3;0.093303;0.708788
cuda;48000;100;CrossEntropyLoss();5093;784;Tanh();0.01;0.5;30;28;TRAIN;98.6;0.058332;4.222816
cuda;12000;100;CrossEntropyLoss();5093;784;Tanh();0.01;0.5;30;28;VAL;97.3;0.092140;0.743627
cuda;48000;100;CrossEntropyLoss();5093;784;Tanh();0.01;0.5;30;29;TRAIN;98.6;0.055979;3.237485
cuda;12000;100;CrossEntropyLoss();5093;784;Tanh();0.01;0.5;30;29;VAL;97.4;0.089558;0.983815
cuda;48000;100;CrossEntropyLoss();5093;784;Tanh();0.01;0.5;30;30;TRAIN;98.7;0.053627;3.546167
cuda;12000;100;CrossEntropyLoss();5093;784;Tanh();0.01;0.5;30;30;VAL;97.4;0.088241;1.311624
cuda;48000;100;CrossEntropyLoss();5093;784;Tanh();0.01;0.9;30;1;TRAIN;89.6;0.360337;3.289132
cuda;12000;100;CrossEntropyLoss();5093;784;Tanh();0.01;0.9;30;1;VAL;92.6;0.251161;0.850775
cuda;48000;100;CrossEntropyLoss();5093;784;Tanh();0.01;0.9;30;2;TRAIN;93.9;0.209866;4.308718
cuda;12000;100;CrossEntropyLoss();5093;784;Tanh();0.01;0.9;30;2;VAL;94.9;0.173476;0.749864
cuda;48000;100;CrossEntropyLoss();5093;784;Tanh();0.01;0.9;30;3;TRAIN;95.7;0.148083;5.708238
cuda;12000;100;CrossEntropyLoss();5093;784;Tanh();0.01;0.9;30;3;VAL;95.8;0.140574;0.944376
cuda;48000;100;CrossEntropyLoss();5093;784;Tanh();0.01;0.9;30;4;TRAIN;96.8;0.112492;5.174243
cuda;12000;100;CrossEntropyLoss();5093;784;Tanh();0.01;0.9;30;4;VAL;96.4;0.119519;1.135688
cuda;48000;100;CrossEntropyLoss();5093;784;Tanh();0.01;0.9;30;5;TRAIN;97.5;0.088981;4.496605
cuda;12000;100;CrossEntropyLoss();5093;784;Tanh();0.01;0.9;30;5;VAL;97.0;0.102396;0.956216
cuda;48000;100;CrossEntropyLoss();5093;784;Tanh();0.01;0.9;30;6;TRAIN;98.0;0.071242;5.188696
cuda;12000;100;CrossEntropyLoss();5093;784;Tanh();0.01;0.9;30;6;VAL;97.2;0.095276;0.884972
cuda;48000;100;CrossEntropyLoss();5093;784;Tanh();0.01;0.9;30;7;TRAIN;98.4;0.058852;3.973254
cuda;12000;100;CrossEntropyLoss();5093;784;Tanh();0.01;0.9;30;7;VAL;97.4;0.083959;1.318609
cuda;48000;100;CrossEntropyLoss();5093;784;Tanh();0.01;0.9;30;8;TRAIN;98.8;0.049134;3.543076
cuda;12000;100;CrossEntropyLoss();5093;784;Tanh();0.01;0.9;30;8;VAL;97.4;0.080639;2.315831
cuda;48000;100;CrossEntropyLoss();5093;784;Tanh();0.01;0.9;30;9;TRAIN;99.0;0.041253;5.111542
cuda;12000;100;CrossEntropyLoss();5093;784;Tanh();0.01;0.9;30;9;VAL;97.5;0.077927;0.898498
cuda;48000;100;CrossEntropyLoss();5093;784;Tanh();0.01;0.9;30;10;TRAIN;99.2;0.034432;3.975376
cuda;12000;100;CrossEntropyLoss();5093;784;Tanh();0.01;0.9;30;10;VAL;97.7;0.073810;1.003911
cuda;48000;100;CrossEntropyLoss();5093;784;Tanh();0.01;0.9;30;11;TRAIN;99.4;0.029603;4.678912
cuda;12000;100;CrossEntropyLoss();5093;784;Tanh();0.01;0.9;30;11;VAL;97.8;0.070788;0.894027
cuda;48000;100;CrossEntropyLoss();5093;784;Tanh();0.01;0.9;30;12;TRAIN;99.5;0.025097;4.139098
cuda;12000;100;CrossEntropyLoss();5093;784;Tanh();0.01;0.9;30;12;VAL;97.9;0.068217;0.981834
cuda;48000;100;CrossEntropyLoss();5093;784;Tanh();0.01;0.9;30;13;TRAIN;99.6;0.021581;4.015299
cuda;12000;100;CrossEntropyLoss();5093;784;Tanh();0.01;0.9;30;13;VAL;97.9;0.064256;1.211395
cuda;48000;100;CrossEntropyLoss();5093;784;Tanh();0.01;0.9;30;14;TRAIN;99.7;0.018601;3.119996
cuda;12000;100;CrossEntropyLoss();5093;784;Tanh();0.01;0.9;30;14;VAL;97.9;0.064632;0.856407
cuda;48000;100;CrossEntropyLoss();5093;784;Tanh();0.01;0.9;30;15;TRAIN;99.8;0.016130;4.458332
cuda;12000;100;CrossEntropyLoss();5093;784;Tanh();0.01;0.9;30;15;VAL;98.0;0.064201;0.908511
cuda;48000;100;CrossEntropyLoss();5093;784;Tanh();0.01;0.9;30;16;TRAIN;99.8;0.014049;3.500877
cuda;12000;100;CrossEntropyLoss();5093;784;Tanh();0.01;0.9;30;16;VAL;97.9;0.063419;1.049733
cuda;48000;100;CrossEntropyLoss();5093;784;Tanh();0.01;0.9;30;17;TRAIN;99.9;0.012541;4.959717
cuda;12000;100;CrossEntropyLoss();5093;784;Tanh();0.01;0.9;30;17;VAL;98.0;0.061350;1.062193
cuda;48000;100;CrossEntropyLoss();5093;784;Tanh();0.01;0.9;30;18;TRAIN;99.9;0.011044;3.704229
cuda;12000;100;CrossEntropyLoss();5093;784;Tanh();0.01;0.9;30;18;VAL;98.0;0.063174;1.024631
cuda;48000;100;CrossEntropyLoss();5093;784;Tanh();0.01;0.9;30;19;TRAIN;99.9;0.009810;4.157965
cuda;12000;100;CrossEntropyLoss();5093;784;Tanh();0.01;0.9;30;19;VAL;98.0;0.061531;1.030140
cuda;48000;100;CrossEntropyLoss();5093;784;Tanh();0.01;0.9;30;20;TRAIN;99.9;0.008938;5.269881
cuda;12000;100;CrossEntropyLoss();5093;784;Tanh();0.01;0.9;30;20;VAL;98.0;0.060684;1.058961
cuda;48000;100;CrossEntropyLoss();5093;784;Tanh();0.01;0.9;30;21;TRAIN;100.0;0.007968;3.777717
cuda;12000;100;CrossEntropyLoss();5093;784;Tanh();0.01;0.9;30;21;VAL;98.1;0.060914;1.024414
cuda;48000;100;CrossEntropyLoss();5093;784;Tanh();0.01;0.9;30;22;TRAIN;100.0;0.007253;4.951795
cuda;12000;100;CrossEntropyLoss();5093;784;Tanh();0.01;0.9;30;22;VAL;98.0;0.062779;0.911442
cuda;48000;100;CrossEntropyLoss();5093;784;Tanh();0.01;0.9;30;23;TRAIN;100.0;0.006680;4.155018
cuda;12000;100;CrossEntropyLoss();5093;784;Tanh();0.01;0.9;30;23;VAL;98.0;0.061328;1.035633
cuda;48000;100;CrossEntropyLoss();5093;784;Tanh();0.01;0.9;30;24;TRAIN;100.0;0.006147;4.017215
cuda;12000;100;CrossEntropyLoss();5093;784;Tanh();0.01;0.9;30;24;VAL;98.1;0.060108;0.799265
cuda;48000;100;CrossEntropyLoss();5093;784;Tanh();0.01;0.9;30;25;TRAIN;100.0;0.005589;3.539367
cuda;12000;100;CrossEntropyLoss();5093;784;Tanh();0.01;0.9;30;25;VAL;98.1;0.060184;0.905274
cuda;48000;100;CrossEntropyLoss();5093;784;Tanh();0.01;0.9;30;26;TRAIN;100.0;0.005164;3.652330
cuda;12000;100;CrossEntropyLoss();5093;784;Tanh();0.01;0.9;30;26;VAL;98.2;0.060203;0.926910
cuda;48000;100;CrossEntropyLoss();5093;784;Tanh();0.01;0.9;30;27;TRAIN;100.0;0.004795;3.771218
cuda;12000;100;CrossEntropyLoss();5093;784;Tanh();0.01;0.9;30;27;VAL;98.1;0.060574;0.786009
cuda;48000;100;CrossEntropyLoss();5093;784;Tanh();0.01;0.9;30;28;TRAIN;100.0;0.004471;4.080472
cuda;12000;100;CrossEntropyLoss();5093;784;Tanh();0.01;0.9;30;28;VAL;98.2;0.060095;1.163552
cuda;48000;100;CrossEntropyLoss();5093;784;Tanh();0.01;0.9;30;29;TRAIN;100.0;0.004229;3.208354
cuda;12000;100;CrossEntropyLoss();5093;784;Tanh();0.01;0.9;30;29;VAL;98.2;0.059832;0.863053
cuda;48000;100;CrossEntropyLoss();5093;784;Tanh();0.01;0.9;30;30;TRAIN;100.0;0.003949;4.319797
cuda;12000;100;CrossEntropyLoss();5093;784;Tanh();0.01;0.9;30;30;VAL;98.2;0.060263;0.766076
cuda;48000;100;CrossEntropyLoss();5093;784;Tanh();0.1;0.1;30;1;TRAIN;90.2;0.337498;3.716954
cuda;12000;100;CrossEntropyLoss();5093;784;Tanh();0.1;0.1;30;1;VAL;93.3;0.235354;1.116346
cuda;48000;100;CrossEntropyLoss();5093;784;Tanh();0.1;0.1;30;2;TRAIN;94.3;0.197298;4.533351
cuda;12000;100;CrossEntropyLoss();5093;784;Tanh();0.1;0.1;30;2;VAL;95.3;0.163977;0.900636
cuda;48000;100;CrossEntropyLoss();5093;784;Tanh();0.1;0.1;30;3;TRAIN;96.1;0.137856;4.217906
cuda;12000;100;CrossEntropyLoss();5093;784;Tanh();0.1;0.1;30;3;VAL;95.9;0.142540;1.043954
cuda;48000;100;CrossEntropyLoss();5093;784;Tanh();0.1;0.1;30;4;TRAIN;97.0;0.104620;3.392715
cuda;12000;100;CrossEntropyLoss();5093;784;Tanh();0.1;0.1;30;4;VAL;96.7;0.109630;1.043537
cuda;48000;100;CrossEntropyLoss();5093;784;Tanh();0.1;0.1;30;5;TRAIN;97.7;0.081155;4.136287
cuda;12000;100;CrossEntropyLoss();5093;784;Tanh();0.1;0.1;30;5;VAL;97.2;0.096727;1.036935
cuda;48000;100;CrossEntropyLoss();5093;784;Tanh();0.1;0.1;30;6;TRAIN;98.2;0.065125;4.027254
cuda;12000;100;CrossEntropyLoss();5093;784;Tanh();0.1;0.1;30;6;VAL;97.2;0.092063;0.882850
cuda;48000;100;CrossEntropyLoss();5093;784;Tanh();0.1;0.1;30;7;TRAIN;98.6;0.053605;3.519881
cuda;12000;100;CrossEntropyLoss();5093;784;Tanh();0.1;0.1;30;7;VAL;97.5;0.082233;0.836586
cuda;48000;100;CrossEntropyLoss();5093;784;Tanh();0.1;0.1;30;8;TRAIN;98.9;0.044018;3.999772
cuda;12000;100;CrossEntropyLoss();5093;784;Tanh();0.1;0.1;30;8;VAL;97.6;0.079371;0.775551
cuda;48000;100;CrossEntropyLoss();5093;784;Tanh();0.1;0.1;30;9;TRAIN;99.1;0.036606;3.875592
cuda;12000;100;CrossEntropyLoss();5093;784;Tanh();0.1;0.1;30;9;VAL;97.6;0.073196;1.231363
cuda;48000;100;CrossEntropyLoss();5093;784;Tanh();0.1;0.1;30;10;TRAIN;99.3;0.030652;3.469690
cuda;12000;100;CrossEntropyLoss();5093;784;Tanh();0.1;0.1;30;10;VAL;97.8;0.070369;0.797469
cuda;48000;100;CrossEntropyLoss();5093;784;Tanh();0.1;0.1;30;11;TRAIN;99.5;0.025752;4.342511
cuda;12000;100;CrossEntropyLoss();5093;784;Tanh();0.1;0.1;30;11;VAL;97.7;0.070343;0.896233
cuda;48000;100;CrossEntropyLoss();5093;784;Tanh();0.1;0.1;30;12;TRAIN;99.6;0.021543;3.797686
cuda;12000;100;CrossEntropyLoss();5093;784;Tanh();0.1;0.1;30;12;VAL;97.8;0.067281;1.187455
cuda;48000;100;CrossEntropyLoss();5093;784;Tanh();0.1;0.1;30;13;TRAIN;99.7;0.018766;3.821236
cuda;12000;100;CrossEntropyLoss();5093;784;Tanh();0.1;0.1;30;13;VAL;97.9;0.065331;1.005591
cuda;48000;100;CrossEntropyLoss();5093;784;Tanh();0.1;0.1;30;14;TRAIN;99.8;0.015810;4.244654
cuda;12000;100;CrossEntropyLoss();5093;784;Tanh();0.1;0.1;30;14;VAL;98.0;0.066051;0.768633
cuda;48000;100;CrossEntropyLoss();5093;784;Tanh();0.1;0.1;30;15;TRAIN;99.8;0.013728;3.423110
cuda;12000;100;CrossEntropyLoss();5093;784;Tanh();0.1;0.1;30;15;VAL;97.9;0.065248;1.187824
cuda;48000;100;CrossEntropyLoss();5093;784;Tanh();0.1;0.1;30;16;TRAIN;99.9;0.011946;3.284411
cuda;12000;100;CrossEntropyLoss();5093;784;Tanh();0.1;0.1;30;16;VAL;98.0;0.063445;0.860873
cuda;48000;100;CrossEntropyLoss();5093;784;Tanh();0.1;0.1;30;17;TRAIN;99.9;0.010565;4.603703
cuda;12000;100;CrossEntropyLoss();5093;784;Tanh();0.1;0.1;30;17;VAL;98.0;0.062639;0.801676
cuda;48000;100;CrossEntropyLoss();5093;784;Tanh();0.1;0.1;30;18;TRAIN;99.9;0.009170;3.530036
cuda;12000;100;CrossEntropyLoss();5093;784;Tanh();0.1;0.1;30;18;VAL;98.0;0.063114;1.138156
cuda;48000;100;CrossEntropyLoss();5093;784;Tanh();0.1;0.1;30;19;TRAIN;99.9;0.008256;4.158809
cuda;12000;100;CrossEntropyLoss();5093;784;Tanh();0.1;0.1;30;19;VAL;97.9;0.064101;0.811851
cuda;48000;100;CrossEntropyLoss();5093;784;Tanh();0.1;0.1;30;20;TRAIN;100.0;0.007396;4.404709
cuda;12000;100;CrossEntropyLoss();5093;784;Tanh();0.1;0.1;30;20;VAL;98.0;0.062331;1.000115
cuda;48000;100;CrossEntropyLoss();5093;784;Tanh();0.1;0.1;30;21;TRAIN;100.0;0.006616;3.129310
cuda;12000;100;CrossEntropyLoss();5093;784;Tanh();0.1;0.1;30;21;VAL;98.0;0.062978;0.864709
cuda;48000;100;CrossEntropyLoss();5093;784;Tanh();0.1;0.1;30;22;TRAIN;100.0;0.005990;4.826989
cuda;12000;100;CrossEntropyLoss();5093;784;Tanh();0.1;0.1;30;22;VAL;98.0;0.063007;1.240907
cuda;48000;100;CrossEntropyLoss();5093;784;Tanh();0.1;0.1;30;23;TRAIN;100.0;0.005495;3.756733
cuda;12000;100;CrossEntropyLoss();5093;784;Tanh();0.1;0.1;30;23;VAL;98.1;0.062341;0.876837
cuda;48000;100;CrossEntropyLoss();5093;784;Tanh();0.1;0.1;30;24;TRAIN;100.0;0.005047;3.230904
cuda;12000;100;CrossEntropyLoss();5093;784;Tanh();0.1;0.1;30;24;VAL;98.1;0.061955;0.771475
cuda;48000;100;CrossEntropyLoss();5093;784;Tanh();0.1;0.1;30;25;TRAIN;100.0;0.004635;3.981192
cuda;12000;100;CrossEntropyLoss();5093;784;Tanh();0.1;0.1;30;25;VAL;98.1;0.061929;0.725650
cuda;48000;100;CrossEntropyLoss();5093;784;Tanh();0.1;0.1;30;26;TRAIN;100.0;0.004373;4.075180
cuda;12000;100;CrossEntropyLoss();5093;784;Tanh();0.1;0.1;30;26;VAL;98.1;0.062707;2.308222
cuda;48000;100;CrossEntropyLoss();5093;784;Tanh();0.1;0.1;30;27;TRAIN;100.0;0.004072;4.110010
cuda;12000;100;CrossEntropyLoss();5093;784;Tanh();0.1;0.1;30;27;VAL;98.0;0.062444;1.126907
cuda;48000;100;CrossEntropyLoss();5093;784;Tanh();0.1;0.1;30;28;TRAIN;100.0;0.003785;5.413372
cuda;12000;100;CrossEntropyLoss();5093;784;Tanh();0.1;0.1;30;28;VAL;98.1;0.062471;0.847639
cuda;48000;100;CrossEntropyLoss();5093;784;Tanh();0.1;0.1;30;29;TRAIN;100.0;0.003569;6.632147
cuda;12000;100;CrossEntropyLoss();5093;784;Tanh();0.1;0.1;30;29;VAL;98.1;0.061748;1.035394
cuda;48000;100;CrossEntropyLoss();5093;784;Tanh();0.1;0.1;30;30;TRAIN;100.0;0.003355;3.450408
cuda;12000;100;CrossEntropyLoss();5093;784;Tanh();0.1;0.1;30;30;VAL;98.2;0.061850;0.639814
cuda;48000;100;CrossEntropyLoss();5093;784;Tanh();0.1;0.5;30;1;TRAIN;91.0;0.304028;2.843851
cuda;12000;100;CrossEntropyLoss();5093;784;Tanh();0.1;0.5;30;1;VAL;94.2;0.199648;0.960667
cuda;48000;100;CrossEntropyLoss();5093;784;Tanh();0.1;0.5;30;2;TRAIN;95.5;0.152385;4.455953
cuda;12000;100;CrossEntropyLoss();5093;784;Tanh();0.1;0.5;30;2;VAL;95.2;0.151619;1.596100
cuda;48000;100;CrossEntropyLoss();5093;784;Tanh();0.1;0.5;30;3;TRAIN;97.1;0.098268;5.175575
cuda;12000;100;CrossEntropyLoss();5093;784;Tanh();0.1;0.5;30;3;VAL;96.9;0.100814;2.030661
cuda;48000;100;CrossEntropyLoss();5093;784;Tanh();0.1;0.5;30;4;TRAIN;98.0;0.068672;3.706323
cuda;12000;100;CrossEntropyLoss();5093;784;Tanh();0.1;0.5;30;4;VAL;97.2;0.089388;0.997698
cuda;48000;100;CrossEntropyLoss();5093;784;Tanh();0.1;0.5;30;5;TRAIN;98.5;0.051345;5.727158
cuda;12000;100;CrossEntropyLoss();5093;784;Tanh();0.1;0.5;30;5;VAL;97.6;0.080908;0.616128
cuda;48000;100;CrossEntropyLoss();5093;784;Tanh();0.1;0.5;30;6;TRAIN;99.0;0.037601;4.850452
cuda;12000;100;CrossEntropyLoss();5093;784;Tanh();0.1;0.5;30;6;VAL;97.8;0.072858;1.047724
cuda;48000;100;CrossEntropyLoss();5093;784;Tanh();0.1;0.5;30;7;TRAIN;99.3;0.028043;5.157918
cuda;12000;100;CrossEntropyLoss();5093;784;Tanh();0.1;0.5;30;7;VAL;97.8;0.066814;1.462964
cuda;48000;100;CrossEntropyLoss();5093;784;Tanh();0.1;0.5;30;8;TRAIN;99.5;0.020856;6.040403
cuda;12000;100;CrossEntropyLoss();5093;784;Tanh();0.1;0.5;30;8;VAL;98.0;0.067580;1.105722
cuda;48000;100;CrossEntropyLoss();5093;784;Tanh();0.1;0.5;30;9;TRAIN;99.7;0.015813;4.416408
cuda;12000;100;CrossEntropyLoss();5093;784;Tanh();0.1;0.5;30;9;VAL;98.1;0.064410;0.946589
cuda;48000;100;CrossEntropyLoss();5093;784;Tanh();0.1;0.5;30;10;TRAIN;99.8;0.012121;5.076712
cuda;12000;100;CrossEntropyLoss();5093;784;Tanh();0.1;0.5;30;10;VAL;98.1;0.062167;1.009123
cuda;48000;100;CrossEntropyLoss();5093;784;Tanh();0.1;0.5;30;11;TRAIN;99.9;0.009268;4.038225
cuda;12000;100;CrossEntropyLoss();5093;784;Tanh();0.1;0.5;30;11;VAL;98.1;0.061552;2.510849
cuda;48000;100;CrossEntropyLoss();5093;784;Tanh();0.1;0.5;30;12;TRAIN;99.9;0.007540;4.018954
cuda;12000;100;CrossEntropyLoss();5093;784;Tanh();0.1;0.5;30;12;VAL;98.0;0.066213;1.059043
cuda;48000;100;CrossEntropyLoss();5093;784;Tanh();0.1;0.5;30;13;TRAIN;100.0;0.006230;4.650585
cuda;12000;100;CrossEntropyLoss();5093;784;Tanh();0.1;0.5;30;13;VAL;98.2;0.059330;0.898807
cuda;48000;100;CrossEntropyLoss();5093;784;Tanh();0.1;0.5;30;14;TRAIN;100.0;0.005256;4.480582
cuda;12000;100;CrossEntropyLoss();5093;784;Tanh();0.1;0.5;30;14;VAL;98.2;0.059835;1.258836
cuda;48000;100;CrossEntropyLoss();5093;784;Tanh();0.1;0.5;30;15;TRAIN;100.0;0.004467;4.775586
cuda;12000;100;CrossEntropyLoss();5093;784;Tanh();0.1;0.5;30;15;VAL;98.2;0.059292;0.975831
cuda;48000;100;CrossEntropyLoss();5093;784;Tanh();0.1;0.5;30;16;TRAIN;100.0;0.003889;4.534497
cuda;12000;100;CrossEntropyLoss();5093;784;Tanh();0.1;0.5;30;16;VAL;98.2;0.060116;0.924362
cuda;48000;100;CrossEntropyLoss();5093;784;Tanh();0.1;0.5;30;17;TRAIN;100.0;0.003439;4.175399
cuda;12000;100;CrossEntropyLoss();5093;784;Tanh();0.1;0.5;30;17;VAL;98.3;0.059782;1.147045
cuda;48000;100;CrossEntropyLoss();5093;784;Tanh();0.1;0.5;30;18;TRAIN;100.0;0.003086;3.891792
cuda;12000;100;CrossEntropyLoss();5093;784;Tanh();0.1;0.5;30;18;VAL;98.3;0.060494;0.997465
cuda;48000;100;CrossEntropyLoss();5093;784;Tanh();0.1;0.5;30;19;TRAIN;100.0;0.002766;4.082688
cuda;12000;100;CrossEntropyLoss();5093;784;Tanh();0.1;0.5;30;19;VAL;98.3;0.059713;1.430646
cuda;48000;100;CrossEntropyLoss();5093;784;Tanh();0.1;0.5;30;20;TRAIN;100.0;0.002560;3.555539
cuda;12000;100;CrossEntropyLoss();5093;784;Tanh();0.1;0.5;30;20;VAL;98.2;0.061312;1.217280
cuda;48000;100;CrossEntropyLoss();5093;784;Tanh();0.1;0.5;30;21;TRAIN;100.0;0.002330;4.295997
cuda;12000;100;CrossEntropyLoss();5093;784;Tanh();0.1;0.5;30;21;VAL;98.2;0.060436;0.753761
cuda;48000;100;CrossEntropyLoss();5093;784;Tanh();0.1;0.5;30;22;TRAIN;100.0;0.002156;3.704803
cuda;12000;100;CrossEntropyLoss();5093;784;Tanh();0.1;0.5;30;22;VAL;98.3;0.060514;0.923469
cuda;48000;100;CrossEntropyLoss();5093;784;Tanh();0.1;0.5;30;23;TRAIN;100.0;0.002013;2.964935
cuda;12000;100;CrossEntropyLoss();5093;784;Tanh();0.1;0.5;30;23;VAL;98.3;0.060884;0.642545
cuda;48000;100;CrossEntropyLoss();5093;784;Tanh();0.1;0.5;30;24;TRAIN;100.0;0.001888;4.152773
cuda;12000;100;CrossEntropyLoss();5093;784;Tanh();0.1;0.5;30;24;VAL;98.4;0.060412;0.997218
cuda;48000;100;CrossEntropyLoss();5093;784;Tanh();0.1;0.5;30;25;TRAIN;100.0;0.001772;3.396835
cuda;12000;100;CrossEntropyLoss();5093;784;Tanh();0.1;0.5;30;25;VAL;98.3;0.060891;0.700034
cuda;48000;100;CrossEntropyLoss();5093;784;Tanh();0.1;0.5;30;26;TRAIN;100.0;0.001671;4.226477
cuda;12000;100;CrossEntropyLoss();5093;784;Tanh();0.1;0.5;30;26;VAL;98.3;0.060697;0.740630
cuda;48000;100;CrossEntropyLoss();5093;784;Tanh();0.1;0.5;30;27;TRAIN;100.0;0.001572;4.337804
cuda;12000;100;CrossEntropyLoss();5093;784;Tanh();0.1;0.5;30;27;VAL;98.3;0.060780;0.919623
cuda;48000;100;CrossEntropyLoss();5093;784;Tanh();0.1;0.5;30;28;TRAIN;100.0;0.001491;4.270768
cuda;12000;100;CrossEntropyLoss();5093;784;Tanh();0.1;0.5;30;28;VAL;98.3;0.061074;0.760311
cuda;48000;100;CrossEntropyLoss();5093;784;Tanh();0.1;0.5;30;29;TRAIN;100.0;0.001415;5.498072
cuda;12000;100;CrossEntropyLoss();5093;784;Tanh();0.1;0.5;30;29;VAL;98.3;0.061456;1.625377
cuda;48000;100;CrossEntropyLoss();5093;784;Tanh();0.1;0.5;30;30;TRAIN;100.0;0.001341;4.679046
cuda;12000;100;CrossEntropyLoss();5093;784;Tanh();0.1;0.5;30;30;VAL;98.3;0.061509;1.714904
cuda;48000;100;CrossEntropyLoss();5093;784;Tanh();0.1;0.9;30;1;TRAIN;89.7;0.457405;3.222706
cuda;12000;100;CrossEntropyLoss();5093;784;Tanh();0.1;0.9;30;1;VAL;92.3;0.394351;1.217664
cuda;48000;100;CrossEntropyLoss();5093;784;Tanh();0.1;0.9;30;2;TRAIN;94.5;0.257288;4.656789
cuda;12000;100;CrossEntropyLoss();5093;784;Tanh();0.1;0.9;30;2;VAL;95.8;0.199398;0.751738
cuda;48000;100;CrossEntropyLoss();5093;784;Tanh();0.1;0.9;30;3;TRAIN;95.7;0.211058;4.325649
cuda;12000;100;CrossEntropyLoss();5093;784;Tanh();0.1;0.9;30;3;VAL;95.2;0.248078;1.016470
cuda;48000;100;CrossEntropyLoss();5093;784;Tanh();0.1;0.9;30;4;TRAIN;96.4;0.165698;4.174655
cuda;12000;100;CrossEntropyLoss();5093;784;Tanh();0.1;0.9;30;4;VAL;95.5;0.240721;0.797912
cuda;48000;100;CrossEntropyLoss();5093;784;Tanh();0.1;0.9;30;5;TRAIN;97.2;0.130243;4.318110
cuda;12000;100;CrossEntropyLoss();5093;784;Tanh();0.1;0.9;30;5;VAL;95.3;0.242315;1.062665
cuda;48000;100;CrossEntropyLoss();5093;784;Tanh();0.1;0.9;30;6;TRAIN;97.0;0.131675;3.881546
cuda;12000;100;CrossEntropyLoss();5093;784;Tanh();0.1;0.9;30;6;VAL;95.5;0.224695;0.896393
cuda;48000;100;CrossEntropyLoss();5093;784;Tanh();0.1;0.9;30;7;TRAIN;97.5;0.108724;4.497747
cuda;12000;100;CrossEntropyLoss();5093;784;Tanh();0.1;0.9;30;7;VAL;96.1;0.218584;0.782596
cuda;48000;100;CrossEntropyLoss();5093;784;Tanh();0.1;0.9;30;8;TRAIN;97.4;0.117010;5.820583
cuda;12000;100;CrossEntropyLoss();5093;784;Tanh();0.1;0.9;30;8;VAL;96.4;0.205148;0.995763
cuda;48000;100;CrossEntropyLoss();5093;784;Tanh();0.1;0.9;30;9;TRAIN;97.8;0.098535;6.073065
cuda;12000;100;CrossEntropyLoss();5093;784;Tanh();0.1;0.9;30;9;VAL;97.1;0.170681;1.108062
cuda;48000;100;CrossEntropyLoss();5093;784;Tanh();0.1;0.9;30;10;TRAIN;97.7;0.103045;3.563982
cuda;12000;100;CrossEntropyLoss();5093;784;Tanh();0.1;0.9;30;10;VAL;96.4;0.198525;1.269867
cuda;48000;100;CrossEntropyLoss();5093;784;Tanh();0.1;0.9;30;11;TRAIN;97.9;0.094316;3.984085
cuda;12000;100;CrossEntropyLoss();5093;784;Tanh();0.1;0.9;30;11;VAL;97.1;0.179185;0.954489
cuda;48000;100;CrossEntropyLoss();5093;784;Tanh();0.1;0.9;30;12;TRAIN;98.1;0.086002;4.006138
cuda;12000;100;CrossEntropyLoss();5093;784;Tanh();0.1;0.9;30;12;VAL;96.7;0.194906;0.869034
cuda;48000;100;CrossEntropyLoss();5093;784;Tanh();0.1;0.9;30;13;TRAIN;98.3;0.072971;4.795191
cuda;12000;100;CrossEntropyLoss();5093;784;Tanh();0.1;0.9;30;13;VAL;96.4;0.220679;0.913347
cuda;48000;100;CrossEntropyLoss();5093;784;Tanh();0.1;0.9;30;14;TRAIN;98.2;0.082585;3.431841
cuda;12000;100;CrossEntropyLoss();5093;784;Tanh();0.1;0.9;30;14;VAL;97.0;0.196063;1.055398
cuda;48000;100;CrossEntropyLoss();5093;784;Tanh();0.1;0.9;30;15;TRAIN;98.5;0.065463;3.708689
cuda;12000;100;CrossEntropyLoss();5093;784;Tanh();0.1;0.9;30;15;VAL;96.9;0.207607;1.557776
cuda;48000;100;CrossEntropyLoss();5093;784;Tanh();0.1;0.9;30;16;TRAIN;98.5;0.066397;4.289012
cuda;12000;100;CrossEntropyLoss();5093;784;Tanh();0.1;0.9;30;16;VAL;96.1;0.271197;1.405919
cuda;48000;100;CrossEntropyLoss();5093;784;Tanh();0.1;0.9;30;17;TRAIN;98.7;0.054162;3.423061
cuda;12000;100;CrossEntropyLoss();5093;784;Tanh();0.1;0.9;30;17;VAL;97.3;0.185419;0.925257
cuda;48000;100;CrossEntropyLoss();5093;784;Tanh();0.1;0.9;30;18;TRAIN;98.8;0.049177;4.583380
cuda;12000;100;CrossEntropyLoss();5093;784;Tanh();0.1;0.9;30;18;VAL;97.0;0.200416;0.912850
cuda;48000;100;CrossEntropyLoss();5093;784;Tanh();0.1;0.9;30;19;TRAIN;98.8;0.048181;3.334249
cuda;12000;100;CrossEntropyLoss();5093;784;Tanh();0.1;0.9;30;19;VAL;97.4;0.171447;1.597990
cuda;48000;100;CrossEntropyLoss();5093;784;Tanh();0.1;0.9;30;20;TRAIN;99.0;0.038460;3.643193
cuda;12000;100;CrossEntropyLoss();5093;784;Tanh();0.1;0.9;30;20;VAL;97.0;0.200343;1.267313
cuda;48000;100;CrossEntropyLoss();5093;784;Tanh();0.1;0.9;30;21;TRAIN;98.8;0.052935;3.942470
cuda;12000;100;CrossEntropyLoss();5093;784;Tanh();0.1;0.9;30;21;VAL;96.9;0.208681;0.742473
cuda;48000;100;CrossEntropyLoss();5093;784;Tanh();0.1;0.9;30;22;TRAIN;98.9;0.047848;4.019340
cuda;12000;100;CrossEntropyLoss();5093;784;Tanh();0.1;0.9;30;22;VAL;96.8;0.213549;0.852221
cuda;48000;100;CrossEntropyLoss();5093;784;Tanh();0.1;0.9;30;23;TRAIN;98.9;0.043394;4.387274
cuda;12000;100;CrossEntropyLoss();5093;784;Tanh();0.1;0.9;30;23;VAL;97.2;0.184491;0.826450
cuda;48000;100;CrossEntropyLoss();5093;784;Tanh();0.1;0.9;30;24;TRAIN;99.1;0.036124;4.835159
cuda;12000;100;CrossEntropyLoss();5093;784;Tanh();0.1;0.9;30;24;VAL;97.2;0.194797;0.890067
cuda;48000;100;CrossEntropyLoss();5093;784;Tanh();0.1;0.9;30;25;TRAIN;99.1;0.036179;4.384083
cuda;12000;100;CrossEntropyLoss();5093;784;Tanh();0.1;0.9;30;25;VAL;97.2;0.214019;1.001396
cuda;48000;100;CrossEntropyLoss();5093;784;Tanh();0.1;0.9;30;26;TRAIN;99.2;0.032975;4.641479
cuda;12000;100;CrossEntropyLoss();5093;784;Tanh();0.1;0.9;30;26;VAL;97.4;0.185140;0.785651
cuda;48000;100;CrossEntropyLoss();5093;784;Tanh();0.1;0.9;30;27;TRAIN;99.2;0.032439;4.844557
cuda;12000;100;CrossEntropyLoss();5093;784;Tanh();0.1;0.9;30;27;VAL;97.5;0.179369;0.892987
cuda;48000;100;CrossEntropyLoss();5093;784;Tanh();0.1;0.9;30;28;TRAIN;99.3;0.027991;4.126733
cuda;12000;100;CrossEntropyLoss();5093;784;Tanh();0.1;0.9;30;28;VAL;97.0;0.205874;0.883970
cuda;48000;100;CrossEntropyLoss();5093;784;Tanh();0.1;0.9;30;29;TRAIN;99.1;0.032725;4.838553
cuda;12000;100;CrossEntropyLoss();5093;784;Tanh();0.1;0.9;30;29;VAL;96.6;0.277302;0.777875
cuda;48000;100;CrossEntropyLoss();5093;784;Tanh();0.1;0.9;30;30;TRAIN;99.3;0.024086;4.484924
cuda;12000;100;CrossEntropyLoss();5093;784;Tanh();0.1;0.9;30;30;VAL;97.5;0.183822;1.003751
cuda;48000;100;CrossEntropyLoss();5093;1568;Tanh();0.001;0.1;30;1;TRAIN;71.3;1.349326;4.593904
cuda;12000;100;CrossEntropyLoss();5093;1568;Tanh();0.001;0.1;30;1;VAL;82.8;0.886661;0.847725
cuda;48000;100;CrossEntropyLoss();5093;1568;Tanh();0.001;0.1;30;2;TRAIN;84.3;0.743252;4.132708
cuda;12000;100;CrossEntropyLoss();5093;1568;Tanh();0.001;0.1;30;2;VAL;85.7;0.640594;1.495403
cuda;48000;100;CrossEntropyLoss();5093;1568;Tanh();0.001;0.1;30;3;TRAIN;86.3;0.586459;4.270694
cuda;12000;100;CrossEntropyLoss();5093;1568;Tanh();0.001;0.1;30;3;VAL;87.0;0.541144;2.248909
cuda;48000;100;CrossEntropyLoss();5093;1568;Tanh();0.001;0.1;30;4;TRAIN;87.3;0.512130;4.038503
cuda;12000;100;CrossEntropyLoss();5093;1568;Tanh();0.001;0.1;30;4;VAL;87.8;0.486316;0.769180
cuda;48000;100;CrossEntropyLoss();5093;1568;Tanh();0.001;0.1;30;5;TRAIN;88.0;0.467683;6.179649
cuda;12000;100;CrossEntropyLoss();5093;1568;Tanh();0.001;0.1;30;5;VAL;88.4;0.451222;1.152563
cuda;48000;100;CrossEntropyLoss();5093;1568;Tanh();0.001;0.1;30;6;TRAIN;88.5;0.437694;4.939733
cuda;12000;100;CrossEntropyLoss();5093;1568;Tanh();0.001;0.1;30;6;VAL;88.7;0.426573;0.900769
cuda;48000;100;CrossEntropyLoss();5093;1568;Tanh();0.001;0.1;30;7;TRAIN;88.8;0.415818;3.762435
cuda;12000;100;CrossEntropyLoss();5093;1568;Tanh();0.001;0.1;30;7;VAL;89.0;0.408069;0.920674
cuda;48000;100;CrossEntropyLoss();5093;1568;Tanh();0.001;0.1;30;8;TRAIN;89.1;0.399036;4.596397
cuda;12000;100;CrossEntropyLoss();5093;1568;Tanh();0.001;0.1;30;8;VAL;89.2;0.393655;0.711046
cuda;48000;100;CrossEntropyLoss();5093;1568;Tanh();0.001;0.1;30;9;TRAIN;89.3;0.385656;3.450191
cuda;12000;100;CrossEntropyLoss();5093;1568;Tanh();0.001;0.1;30;9;VAL;89.5;0.381901;0.797937
cuda;48000;100;CrossEntropyLoss();5093;1568;Tanh();0.001;0.1;30;10;TRAIN;89.6;0.374600;3.299496
cuda;12000;100;CrossEntropyLoss();5093;1568;Tanh();0.001;0.1;30;10;VAL;89.7;0.372432;0.716374
cuda;48000;100;CrossEntropyLoss();5093;1568;Tanh();0.001;0.1;30;11;TRAIN;89.8;0.365346;2.461189
cuda;12000;100;CrossEntropyLoss();5093;1568;Tanh();0.001;0.1;30;11;VAL;89.9;0.364145;0.616728
cuda;48000;100;CrossEntropyLoss();5093;1568;Tanh();0.001;0.1;30;12;TRAIN;89.9;0.357413;3.203750
cuda;12000;100;CrossEntropyLoss();5093;1568;Tanh();0.001;0.1;30;12;VAL;90.0;0.357106;0.807101
cuda;48000;100;CrossEntropyLoss();5093;1568;Tanh();0.001;0.1;30;13;TRAIN;90.1;0.350461;3.689939
cuda;12000;100;CrossEntropyLoss();5093;1568;Tanh();0.001;0.1;30;13;VAL;90.1;0.350835;0.858940
cuda;48000;100;CrossEntropyLoss();5093;1568;Tanh();0.001;0.1;30;14;TRAIN;90.2;0.344380;2.503435
cuda;12000;100;CrossEntropyLoss();5093;1568;Tanh();0.001;0.1;30;14;VAL;90.3;0.345576;0.717252
cuda;48000;100;CrossEntropyLoss();5093;1568;Tanh();0.001;0.1;30;15;TRAIN;90.4;0.338910;2.691413
cuda;12000;100;CrossEntropyLoss();5093;1568;Tanh();0.001;0.1;30;15;VAL;90.3;0.340791;0.761937
cuda;48000;100;CrossEntropyLoss();5093;1568;Tanh();0.001;0.1;30;16;TRAIN;90.5;0.333994;3.278878
cuda;12000;100;CrossEntropyLoss();5093;1568;Tanh();0.001;0.1;30;16;VAL;90.5;0.336395;0.639970
cuda;48000;100;CrossEntropyLoss();5093;1568;Tanh();0.001;0.1;30;17;TRAIN;90.6;0.329561;2.398053
cuda;12000;100;CrossEntropyLoss();5093;1568;Tanh();0.001;0.1;30;17;VAL;90.5;0.332663;0.654591
cuda;48000;100;CrossEntropyLoss();5093;1568;Tanh();0.001;0.1;30;18;TRAIN;90.7;0.325462;3.127020
cuda;12000;100;CrossEntropyLoss();5093;1568;Tanh();0.001;0.1;30;18;VAL;90.7;0.328658;0.698925
cuda;48000;100;CrossEntropyLoss();5093;1568;Tanh();0.001;0.1;30;19;TRAIN;90.8;0.321762;2.667334
cuda;12000;100;CrossEntropyLoss();5093;1568;Tanh();0.001;0.1;30;19;VAL;90.6;0.325278;0.660477
cuda;48000;100;CrossEntropyLoss();5093;1568;Tanh();0.001;0.1;30;20;TRAIN;90.9;0.318270;2.841666
cuda;12000;100;CrossEntropyLoss();5093;1568;Tanh();0.001;0.1;30;20;VAL;90.8;0.322179;0.609504
cuda;48000;100;CrossEntropyLoss();5093;1568;Tanh();0.001;0.1;30;21;TRAIN;91.0;0.315083;2.486391
cuda;12000;100;CrossEntropyLoss();5093;1568;Tanh();0.001;0.1;30;21;VAL;90.8;0.319399;0.613927
cuda;48000;100;CrossEntropyLoss();5093;1568;Tanh();0.001;0.1;30;22;TRAIN;91.1;0.312055;4.126105
cuda;12000;100;CrossEntropyLoss();5093;1568;Tanh();0.001;0.1;30;22;VAL;91.0;0.316798;0.813018
cuda;48000;100;CrossEntropyLoss();5093;1568;Tanh();0.001;0.1;30;23;TRAIN;91.1;0.309211;3.808844
cuda;12000;100;CrossEntropyLoss();5093;1568;Tanh();0.001;0.1;30;23;VAL;91.0;0.314353;0.882193
cuda;48000;100;CrossEntropyLoss();5093;1568;Tanh();0.001;0.1;30;24;TRAIN;91.2;0.306534;4.928207
cuda;12000;100;CrossEntropyLoss();5093;1568;Tanh();0.001;0.1;30;24;VAL;91.1;0.311852;1.178922
cuda;48000;100;CrossEntropyLoss();5093;1568;Tanh();0.001;0.1;30;25;TRAIN;91.3;0.304007;5.629468
cuda;12000;100;CrossEntropyLoss();5093;1568;Tanh();0.001;0.1;30;25;VAL;91.1;0.309671;0.931691
cuda;48000;100;CrossEntropyLoss();5093;1568;Tanh();0.001;0.1;30;26;TRAIN;91.4;0.301607;3.103151
cuda;12000;100;CrossEntropyLoss();5093;1568;Tanh();0.001;0.1;30;26;VAL;91.1;0.307322;0.731202
cuda;48000;100;CrossEntropyLoss();5093;1568;Tanh();0.001;0.1;30;27;TRAIN;91.4;0.299343;3.407700
cuda;12000;100;CrossEntropyLoss();5093;1568;Tanh();0.001;0.1;30;27;VAL;91.2;0.305430;0.676473
cuda;48000;100;CrossEntropyLoss();5093;1568;Tanh();0.001;0.1;30;28;TRAIN;91.5;0.297165;3.066502
cuda;12000;100;CrossEntropyLoss();5093;1568;Tanh();0.001;0.1;30;28;VAL;91.3;0.303378;0.693162
cuda;48000;100;CrossEntropyLoss();5093;1568;Tanh();0.001;0.1;30;29;TRAIN;91.5;0.295095;3.482783
cuda;12000;100;CrossEntropyLoss();5093;1568;Tanh();0.001;0.1;30;29;VAL;91.3;0.301532;0.708977
cuda;48000;100;CrossEntropyLoss();5093;1568;Tanh();0.001;0.1;30;30;TRAIN;91.6;0.293061;2.978940
cuda;12000;100;CrossEntropyLoss();5093;1568;Tanh();0.001;0.1;30;30;VAL;91.4;0.299720;0.676965
cuda;48000;100;CrossEntropyLoss();5093;1568;Tanh();0.001;0.5;30;1;TRAIN;75.7;1.109788;3.477129
cuda;12000;100;CrossEntropyLoss();5093;1568;Tanh();0.001;0.5;30;1;VAL;85.2;0.670442;0.745146
cuda;48000;100;CrossEntropyLoss();5093;1568;Tanh();0.001;0.5;30;2;TRAIN;86.2;0.574037;3.064569
cuda;12000;100;CrossEntropyLoss();5093;1568;Tanh();0.001;0.5;30;2;VAL;87.6;0.505915;0.748477
cuda;48000;100;CrossEntropyLoss();5093;1568;Tanh();0.001;0.5;30;3;TRAIN;87.8;0.470729;3.727542
cuda;12000;100;CrossEntropyLoss();5093;1568;Tanh();0.001;0.5;30;3;VAL;88.4;0.442366;0.761858
cuda;48000;100;CrossEntropyLoss();5093;1568;Tanh();0.001;0.5;30;4;TRAIN;88.7;0.422334;3.183448
cuda;12000;100;CrossEntropyLoss();5093;1568;Tanh();0.001;0.5;30;4;VAL;89.0;0.406848;0.800471
cuda;48000;100;CrossEntropyLoss();5093;1568;Tanh();0.001;0.5;30;5;TRAIN;89.2;0.393194;3.572695
cuda;12000;100;CrossEntropyLoss();5093;1568;Tanh();0.001;0.5;30;5;VAL;89.5;0.383595;0.724260
cuda;48000;100;CrossEntropyLoss();5093;1568;Tanh();0.001;0.5;30;6;TRAIN;89.6;0.372995;3.118385
cuda;12000;100;CrossEntropyLoss();5093;1568;Tanh();0.001;0.5;30;6;VAL;89.8;0.367289;0.883112
cuda;48000;100;CrossEntropyLoss();5093;1568;Tanh();0.001;0.5;30;7;TRAIN;89.9;0.357951;3.193490
cuda;12000;100;CrossEntropyLoss();5093;1568;Tanh();0.001;0.5;30;7;VAL;90.0;0.354625;0.756487
cuda;48000;100;CrossEntropyLoss();5093;1568;Tanh();0.001;0.5;30;8;TRAIN;90.2;0.346181;3.139602
cuda;12000;100;CrossEntropyLoss();5093;1568;Tanh();0.001;0.5;30;8;VAL;90.2;0.344381;0.937758
cuda;48000;100;CrossEntropyLoss();5093;1568;Tanh();0.001;0.5;30;9;TRAIN;90.4;0.336569;3.333029
cuda;12000;100;CrossEntropyLoss();5093;1568;Tanh();0.001;0.5;30;9;VAL;90.5;0.336279;0.626843
cuda;48000;100;CrossEntropyLoss();5093;1568;Tanh();0.001;0.5;30;10;TRAIN;90.6;0.328506;3.058043
cuda;12000;100;CrossEntropyLoss();5093;1568;Tanh();0.001;0.5;30;10;VAL;90.6;0.328931;0.890457
cuda;48000;100;CrossEntropyLoss();5093;1568;Tanh();0.001;0.5;30;11;TRAIN;90.9;0.321546;3.244133
cuda;12000;100;CrossEntropyLoss();5093;1568;Tanh();0.001;0.5;30;11;VAL;90.7;0.323073;0.750034
cuda;48000;100;CrossEntropyLoss();5093;1568;Tanh();0.001;0.5;30;12;TRAIN;91.0;0.315482;3.564441
cuda;12000;100;CrossEntropyLoss();5093;1568;Tanh();0.001;0.5;30;12;VAL;90.9;0.317586;0.795627
cuda;48000;100;CrossEntropyLoss();5093;1568;Tanh();0.001;0.5;30;13;TRAIN;91.2;0.310083;2.960023
cuda;12000;100;CrossEntropyLoss();5093;1568;Tanh();0.001;0.5;30;13;VAL;91.0;0.313048;0.777974
cuda;48000;100;CrossEntropyLoss();5093;1568;Tanh();0.001;0.5;30;14;TRAIN;91.3;0.305207;3.448741
cuda;12000;100;CrossEntropyLoss();5093;1568;Tanh();0.001;0.5;30;14;VAL;91.1;0.308639;0.715949
cuda;48000;100;CrossEntropyLoss();5093;1568;Tanh();0.001;0.5;30;15;TRAIN;91.4;0.300784;2.918223
cuda;12000;100;CrossEntropyLoss();5093;1568;Tanh();0.001;0.5;30;15;VAL;91.2;0.304580;0.776702
cuda;48000;100;CrossEntropyLoss();5093;1568;Tanh();0.001;0.5;30;16;TRAIN;91.6;0.296727;3.564652
cuda;12000;100;CrossEntropyLoss();5093;1568;Tanh();0.001;0.5;30;16;VAL;91.4;0.301120;0.696226
cuda;48000;100;CrossEntropyLoss();5093;1568;Tanh();0.001;0.5;30;17;TRAIN;91.7;0.292912;2.755301
cuda;12000;100;CrossEntropyLoss();5093;1568;Tanh();0.001;0.5;30;17;VAL;91.4;0.297653;0.637979
cuda;48000;100;CrossEntropyLoss();5093;1568;Tanh();0.001;0.5;30;18;TRAIN;91.8;0.289462;3.764562
cuda;12000;100;CrossEntropyLoss();5093;1568;Tanh();0.001;0.5;30;18;VAL;91.5;0.294420;0.909516
cuda;48000;100;CrossEntropyLoss();5093;1568;Tanh();0.001;0.5;30;19;TRAIN;91.9;0.286161;2.670846
cuda;12000;100;CrossEntropyLoss();5093;1568;Tanh();0.001;0.5;30;19;VAL;91.6;0.291596;0.584714
cuda;48000;100;CrossEntropyLoss();5093;1568;Tanh();0.001;0.5;30;20;TRAIN;92.0;0.283097;2.590466
cuda;12000;100;CrossEntropyLoss();5093;1568;Tanh();0.001;0.5;30;20;VAL;91.6;0.288917;1.036274
cuda;48000;100;CrossEntropyLoss();5093;1568;Tanh();0.001;0.5;30;21;TRAIN;92.1;0.280084;3.163519
cuda;12000;100;CrossEntropyLoss();5093;1568;Tanh();0.001;0.5;30;21;VAL;91.7;0.286175;0.721463
cuda;48000;100;CrossEntropyLoss();5093;1568;Tanh();0.001;0.5;30;22;TRAIN;92.1;0.277332;2.757590
cuda;12000;100;CrossEntropyLoss();5093;1568;Tanh();0.001;0.5;30;22;VAL;91.8;0.283590;0.676840
cuda;48000;100;CrossEntropyLoss();5093;1568;Tanh();0.001;0.5;30;23;TRAIN;92.2;0.274560;2.451016
cuda;12000;100;CrossEntropyLoss();5093;1568;Tanh();0.001;0.5;30;23;VAL;91.9;0.281265;0.582151
cuda;48000;100;CrossEntropyLoss();5093;1568;Tanh();0.001;0.5;30;24;TRAIN;92.3;0.271996;2.470957
cuda;12000;100;CrossEntropyLoss();5093;1568;Tanh();0.001;0.5;30;24;VAL;92.0;0.278955;0.715285
cuda;48000;100;CrossEntropyLoss();5093;1568;Tanh();0.001;0.5;30;25;TRAIN;92.4;0.269478;2.488177
cuda;12000;100;CrossEntropyLoss();5093;1568;Tanh();0.001;0.5;30;25;VAL;92.1;0.276926;0.605907
cuda;48000;100;CrossEntropyLoss();5093;1568;Tanh();0.001;0.5;30;26;TRAIN;92.4;0.267080;2.405772
cuda;12000;100;CrossEntropyLoss();5093;1568;Tanh();0.001;0.5;30;26;VAL;92.2;0.274389;0.677163
cuda;48000;100;CrossEntropyLoss();5093;1568;Tanh();0.001;0.5;30;27;TRAIN;92.5;0.264687;2.633439
cuda;12000;100;CrossEntropyLoss();5093;1568;Tanh();0.001;0.5;30;27;VAL;92.3;0.272574;0.638475
cuda;48000;100;CrossEntropyLoss();5093;1568;Tanh();0.001;0.5;30;28;TRAIN;92.6;0.262400;2.375817
cuda;12000;100;CrossEntropyLoss();5093;1568;Tanh();0.001;0.5;30;28;VAL;92.3;0.270489;0.629776
cuda;48000;100;CrossEntropyLoss();5093;1568;Tanh();0.001;0.5;30;29;TRAIN;92.7;0.260175;2.791711
cuda;12000;100;CrossEntropyLoss();5093;1568;Tanh();0.001;0.5;30;29;VAL;92.4;0.268628;0.598403
cuda;48000;100;CrossEntropyLoss();5093;1568;Tanh();0.001;0.5;30;30;TRAIN;92.7;0.257947;2.331895
cuda;12000;100;CrossEntropyLoss();5093;1568;Tanh();0.001;0.5;30;30;VAL;92.5;0.266456;0.611904
cuda;48000;100;CrossEntropyLoss();5093;1568;Tanh();0.001;0.9;30;1;TRAIN;84.4;0.613081;2.605272
cuda;12000;100;CrossEntropyLoss();5093;1568;Tanh();0.001;0.9;30;1;VAL;89.5;0.384781;0.663879
cuda;48000;100;CrossEntropyLoss();5093;1568;Tanh();0.001;0.9;30;2;TRAIN;90.0;0.352104;2.368510
cuda;12000;100;CrossEntropyLoss();5093;1568;Tanh();0.001;0.9;30;2;VAL;90.6;0.331990;0.597773
cuda;48000;100;CrossEntropyLoss();5093;1568;Tanh();0.001;0.9;30;3;TRAIN;91.0;0.315136;2.422548
cuda;12000;100;CrossEntropyLoss();5093;1568;Tanh();0.001;0.9;30;3;VAL;91.3;0.307933;0.698985
cuda;48000;100;CrossEntropyLoss();5093;1568;Tanh();0.001;0.9;30;4;TRAIN;91.7;0.294673;2.467496
cuda;12000;100;CrossEntropyLoss();5093;1568;Tanh();0.001;0.9;30;4;VAL;91.6;0.293129;0.619659
cuda;48000;100;CrossEntropyLoss();5093;1568;Tanh();0.001;0.9;30;5;TRAIN;92.1;0.280039;2.369616
cuda;12000;100;CrossEntropyLoss();5093;1568;Tanh();0.001;0.9;30;5;VAL;92.0;0.282016;0.612246
cuda;48000;100;CrossEntropyLoss();5093;1568;Tanh();0.001;0.9;30;6;TRAIN;92.4;0.268213;2.714936
cuda;12000;100;CrossEntropyLoss();5093;1568;Tanh();0.001;0.9;30;6;VAL;92.2;0.271938;0.612953
cuda;48000;100;CrossEntropyLoss();5093;1568;Tanh();0.001;0.9;30;7;TRAIN;92.7;0.257727;2.400794
cuda;12000;100;CrossEntropyLoss();5093;1568;Tanh();0.001;0.9;30;7;VAL;92.6;0.262305;0.623669
cuda;48000;100;CrossEntropyLoss();5093;1568;Tanh();0.001;0.9;30;8;TRAIN;93.0;0.247920;2.803734
cuda;12000;100;CrossEntropyLoss();5093;1568;Tanh();0.001;0.9;30;8;VAL;92.9;0.252631;0.598028
cuda;48000;100;CrossEntropyLoss();5093;1568;Tanh();0.001;0.9;30;9;TRAIN;93.2;0.238799;2.432809
cuda;12000;100;CrossEntropyLoss();5093;1568;Tanh();0.001;0.9;30;9;VAL;92.9;0.246635;0.600626
cuda;48000;100;CrossEntropyLoss();5093;1568;Tanh();0.001;0.9;30;10;TRAIN;93.6;0.229741;3.508741
cuda;12000;100;CrossEntropyLoss();5093;1568;Tanh();0.001;0.9;30;10;VAL;93.3;0.236874;1.362111
cuda;48000;100;CrossEntropyLoss();5093;1568;Tanh();0.001;0.9;30;11;TRAIN;93.8;0.221238;3.290060
cuda;12000;100;CrossEntropyLoss();5093;1568;Tanh();0.001;0.9;30;11;VAL;93.6;0.229709;0.894927
cuda;48000;100;CrossEntropyLoss();5093;1568;Tanh();0.001;0.9;30;12;TRAIN;94.1;0.212803;3.957183
cuda;12000;100;CrossEntropyLoss();5093;1568;Tanh();0.001;0.9;30;12;VAL;93.8;0.221364;0.768696
cuda;48000;100;CrossEntropyLoss();5093;1568;Tanh();0.001;0.9;30;13;TRAIN;94.3;0.204512;3.013797
cuda;12000;100;CrossEntropyLoss();5093;1568;Tanh();0.001;0.9;30;13;VAL;93.9;0.214688;0.788437
cuda;48000;100;CrossEntropyLoss();5093;1568;Tanh();0.001;0.9;30;14;TRAIN;94.6;0.196684;3.297064
cuda;12000;100;CrossEntropyLoss();5093;1568;Tanh();0.001;0.9;30;14;VAL;94.0;0.208139;0.715135
cuda;48000;100;CrossEntropyLoss();5093;1568;Tanh();0.001;0.9;30;15;TRAIN;94.7;0.189308;3.078207
cuda;12000;100;CrossEntropyLoss();5093;1568;Tanh();0.001;0.9;30;15;VAL;94.2;0.200657;0.798580
cuda;48000;100;CrossEntropyLoss();5093;1568;Tanh();0.001;0.9;30;16;TRAIN;95.0;0.181948;3.540306
cuda;12000;100;CrossEntropyLoss();5093;1568;Tanh();0.001;0.9;30;16;VAL;94.4;0.195719;0.734545
cuda;48000;100;CrossEntropyLoss();5093;1568;Tanh();0.001;0.9;30;17;TRAIN;95.2;0.174991;2.882590
cuda;12000;100;CrossEntropyLoss();5093;1568;Tanh();0.001;0.9;30;17;VAL;94.7;0.188139;0.852788
cuda;48000;100;CrossEntropyLoss();5093;1568;Tanh();0.001;0.9;30;18;TRAIN;95.4;0.168412;3.311594
cuda;12000;100;CrossEntropyLoss();5093;1568;Tanh();0.001;0.9;30;18;VAL;94.7;0.182916;0.798455
cuda;48000;100;CrossEntropyLoss();5093;1568;Tanh();0.001;0.9;30;19;TRAIN;95.5;0.161949;3.046031
cuda;12000;100;CrossEntropyLoss();5093;1568;Tanh();0.001;0.9;30;19;VAL;94.9;0.178001;0.804386
cuda;48000;100;CrossEntropyLoss();5093;1568;Tanh();0.001;0.9;30;20;TRAIN;95.7;0.156010;3.475090
cuda;12000;100;CrossEntropyLoss();5093;1568;Tanh();0.001;0.9;30;20;VAL;95.1;0.171724;0.714204
cuda;48000;100;CrossEntropyLoss();5093;1568;Tanh();0.001;0.9;30;21;TRAIN;95.9;0.150454;2.983059
cuda;12000;100;CrossEntropyLoss();5093;1568;Tanh();0.001;0.9;30;21;VAL;95.1;0.167790;0.763191
cuda;48000;100;CrossEntropyLoss();5093;1568;Tanh();0.001;0.9;30;22;TRAIN;96.1;0.144863;3.113428
cuda;12000;100;CrossEntropyLoss();5093;1568;Tanh();0.001;0.9;30;22;VAL;95.3;0.162332;0.713788
cuda;48000;100;CrossEntropyLoss();5093;1568;Tanh();0.001;0.9;30;23;TRAIN;96.2;0.140034;3.013626
cuda;12000;100;CrossEntropyLoss();5093;1568;Tanh();0.001;0.9;30;23;VAL;95.5;0.158372;0.828707
cuda;48000;100;CrossEntropyLoss();5093;1568;Tanh();0.001;0.9;30;24;TRAIN;96.4;0.135218;2.957533
cuda;12000;100;CrossEntropyLoss();5093;1568;Tanh();0.001;0.9;30;24;VAL;95.5;0.155589;0.700984
cuda;48000;100;CrossEntropyLoss();5093;1568;Tanh();0.001;0.9;30;25;TRAIN;96.5;0.130440;3.148886
cuda;12000;100;CrossEntropyLoss();5093;1568;Tanh();0.001;0.9;30;25;VAL;95.6;0.150894;0.860376
cuda;48000;100;CrossEntropyLoss();5093;1568;Tanh();0.001;0.9;30;26;TRAIN;96.6;0.126313;2.931189
cuda;12000;100;CrossEntropyLoss();5093;1568;Tanh();0.001;0.9;30;26;VAL;95.7;0.147297;0.724996
cuda;48000;100;CrossEntropyLoss();5093;1568;Tanh();0.001;0.9;30;27;TRAIN;96.7;0.122204;3.700058
cuda;12000;100;CrossEntropyLoss();5093;1568;Tanh();0.001;0.9;30;27;VAL;95.9;0.144184;0.887967
cuda;48000;100;CrossEntropyLoss();5093;1568;Tanh();0.001;0.9;30;28;TRAIN;96.8;0.118408;2.910161
cuda;12000;100;CrossEntropyLoss();5093;1568;Tanh();0.001;0.9;30;28;VAL;96.0;0.139888;0.676181
cuda;48000;100;CrossEntropyLoss();5093;1568;Tanh();0.001;0.9;30;29;TRAIN;96.9;0.114622;3.649336
cuda;12000;100;CrossEntropyLoss();5093;1568;Tanh();0.001;0.9;30;29;VAL;96.0;0.137565;0.648335
cuda;48000;100;CrossEntropyLoss();5093;1568;Tanh();0.001;0.9;30;30;TRAIN;97.0;0.111207;2.861016
cuda;12000;100;CrossEntropyLoss();5093;1568;Tanh();0.001;0.9;30;30;VAL;96.1;0.134964;0.662827
cuda;48000;100;CrossEntropyLoss();5093;1568;Tanh();0.01;0.1;30;1;TRAIN;85.8;0.570541;3.261838
cuda;12000;100;CrossEntropyLoss();5093;1568;Tanh();0.01;0.1;30;1;VAL;89.6;0.375170;0.712513
cuda;48000;100;CrossEntropyLoss();5093;1568;Tanh();0.01;0.1;30;2;TRAIN;90.3;0.343120;2.794423
cuda;12000;100;CrossEntropyLoss();5093;1568;Tanh();0.01;0.1;30;2;VAL;90.8;0.325777;0.784256
cuda;48000;100;CrossEntropyLoss();5093;1568;Tanh();0.01;0.1;30;3;TRAIN;91.2;0.307916;3.485995
cuda;12000;100;CrossEntropyLoss();5093;1568;Tanh();0.01;0.1;30;3;VAL;91.3;0.301444;0.846262
cuda;48000;100;CrossEntropyLoss();5093;1568;Tanh();0.01;0.1;30;4;TRAIN;91.8;0.287533;2.998864
cuda;12000;100;CrossEntropyLoss();5093;1568;Tanh();0.01;0.1;30;4;VAL;91.7;0.286313;0.626637
cuda;48000;100;CrossEntropyLoss();5093;1568;Tanh();0.01;0.1;30;5;TRAIN;92.3;0.272477;3.344044
cuda;12000;100;CrossEntropyLoss();5093;1568;Tanh();0.01;0.1;30;5;VAL;92.3;0.273739;0.688955
cuda;48000;100;CrossEntropyLoss();5093;1568;Tanh();0.01;0.1;30;6;TRAIN;92.7;0.259967;3.165904
cuda;12000;100;CrossEntropyLoss();5093;1568;Tanh();0.01;0.1;30;6;VAL;92.5;0.262932;0.660254
cuda;48000;100;CrossEntropyLoss();5093;1568;Tanh();0.01;0.1;30;7;TRAIN;93.0;0.248409;3.425400
cuda;12000;100;CrossEntropyLoss();5093;1568;Tanh();0.01;0.1;30;7;VAL;92.8;0.253406;0.673254
cuda;48000;100;CrossEntropyLoss();5093;1568;Tanh();0.01;0.1;30;8;TRAIN;93.3;0.237867;2.871657
cuda;12000;100;CrossEntropyLoss();5093;1568;Tanh();0.01;0.1;30;8;VAL;93.1;0.243281;0.866242
cuda;48000;100;CrossEntropyLoss();5093;1568;Tanh();0.01;0.1;30;9;TRAIN;93.6;0.227560;3.489579
cuda;12000;100;CrossEntropyLoss();5093;1568;Tanh();0.01;0.1;30;9;VAL;93.4;0.233783;0.649535
cuda;48000;100;CrossEntropyLoss();5093;1568;Tanh();0.01;0.1;30;10;TRAIN;93.9;0.217934;3.069874
cuda;12000;100;CrossEntropyLoss();5093;1568;Tanh();0.01;0.1;30;10;VAL;93.7;0.225664;0.798413
cuda;48000;100;CrossEntropyLoss();5093;1568;Tanh();0.01;0.1;30;11;TRAIN;94.2;0.208402;3.326484
cuda;12000;100;CrossEntropyLoss();5093;1568;Tanh();0.01;0.1;30;11;VAL;93.9;0.215987;0.777092
cuda;48000;100;CrossEntropyLoss();5093;1568;Tanh();0.01;0.1;30;12;TRAIN;94.5;0.199241;4.493371
cuda;12000;100;CrossEntropyLoss();5093;1568;Tanh();0.01;0.1;30;12;VAL;94.1;0.208924;0.936787
cuda;48000;100;CrossEntropyLoss();5093;1568;Tanh();0.01;0.1;30;13;TRAIN;94.7;0.190645;3.753253
cuda;12000;100;CrossEntropyLoss();5093;1568;Tanh();0.01;0.1;30;13;VAL;94.2;0.201314;0.649835
cuda;48000;100;CrossEntropyLoss();5093;1568;Tanh();0.01;0.1;30;14;TRAIN;94.9;0.182566;2.750009
cuda;12000;100;CrossEntropyLoss();5093;1568;Tanh();0.01;0.1;30;14;VAL;94.5;0.194245;0.676816
cuda;48000;100;CrossEntropyLoss();5093;1568;Tanh();0.01;0.1;30;15;TRAIN;95.1;0.174857;2.410728
cuda;12000;100;CrossEntropyLoss();5093;1568;Tanh();0.01;0.1;30;15;VAL;94.7;0.186437;0.610715
cuda;48000;100;CrossEntropyLoss();5093;1568;Tanh();0.01;0.1;30;16;TRAIN;95.4;0.167514;2.514792
cuda;12000;100;CrossEntropyLoss();5093;1568;Tanh();0.01;0.1;30;16;VAL;94.8;0.180693;0.717845
cuda;48000;100;CrossEntropyLoss();5093;1568;Tanh();0.01;0.1;30;17;TRAIN;95.5;0.160713;2.500663
cuda;12000;100;CrossEntropyLoss();5093;1568;Tanh();0.01;0.1;30;17;VAL;95.0;0.174406;0.611645
cuda;48000;100;CrossEntropyLoss();5093;1568;Tanh();0.01;0.1;30;18;TRAIN;95.7;0.154234;2.438850
cuda;12000;100;CrossEntropyLoss();5093;1568;Tanh();0.01;0.1;30;18;VAL;95.1;0.169211;0.659996
cuda;48000;100;CrossEntropyLoss();5093;1568;Tanh();0.01;0.1;30;19;TRAIN;95.9;0.148113;3.116266
cuda;12000;100;CrossEntropyLoss();5093;1568;Tanh();0.01;0.1;30;19;VAL;95.1;0.163517;0.923607
cuda;48000;100;CrossEntropyLoss();5093;1568;Tanh();0.01;0.1;30;20;TRAIN;96.1;0.142416;4.541749
cuda;12000;100;CrossEntropyLoss();5093;1568;Tanh();0.01;0.1;30;20;VAL;95.3;0.160217;1.019964
cuda;48000;100;CrossEntropyLoss();5093;1568;Tanh();0.01;0.1;30;21;TRAIN;96.2;0.137104;4.640923
cuda;12000;100;CrossEntropyLoss();5093;1568;Tanh();0.01;0.1;30;21;VAL;95.5;0.154107;1.047299
cuda;48000;100;CrossEntropyLoss();5093;1568;Tanh();0.01;0.1;30;22;TRAIN;96.4;0.131896;3.264899
cuda;12000;100;CrossEntropyLoss();5093;1568;Tanh();0.01;0.1;30;22;VAL;95.7;0.150046;0.715023
cuda;48000;100;CrossEntropyLoss();5093;1568;Tanh();0.01;0.1;30;23;TRAIN;96.5;0.127177;2.996671
cuda;12000;100;CrossEntropyLoss();5093;1568;Tanh();0.01;0.1;30;23;VAL;95.8;0.146350;0.711403
cuda;48000;100;CrossEntropyLoss();5093;1568;Tanh();0.01;0.1;30;24;TRAIN;96.7;0.122601;3.496500
cuda;12000;100;CrossEntropyLoss();5093;1568;Tanh();0.01;0.1;30;24;VAL;96.0;0.142268;0.703488
cuda;48000;100;CrossEntropyLoss();5093;1568;Tanh();0.01;0.1;30;25;TRAIN;96.9;0.118270;3.258505
cuda;12000;100;CrossEntropyLoss();5093;1568;Tanh();0.01;0.1;30;25;VAL;96.0;0.138212;0.867513
cuda;48000;100;CrossEntropyLoss();5093;1568;Tanh();0.01;0.1;30;26;TRAIN;96.9;0.114155;3.391872
cuda;12000;100;CrossEntropyLoss();5093;1568;Tanh();0.01;0.1;30;26;VAL;96.0;0.137070;0.660808
cuda;48000;100;CrossEntropyLoss();5093;1568;Tanh();0.01;0.1;30;27;TRAIN;97.0;0.110426;2.811231
cuda;12000;100;CrossEntropyLoss();5093;1568;Tanh();0.01;0.1;30;27;VAL;96.2;0.132374;0.704151
cuda;48000;100;CrossEntropyLoss();5093;1568;Tanh();0.01;0.1;30;28;TRAIN;97.1;0.106660;3.217184
cuda;12000;100;CrossEntropyLoss();5093;1568;Tanh();0.01;0.1;30;28;VAL;96.3;0.129177;0.660381
cuda;48000;100;CrossEntropyLoss();5093;1568;Tanh();0.01;0.1;30;29;TRAIN;97.3;0.103251;2.792748
cuda;12000;100;CrossEntropyLoss();5093;1568;Tanh();0.01;0.1;30;29;VAL;96.4;0.126466;0.717666
cuda;48000;100;CrossEntropyLoss();5093;1568;Tanh();0.01;0.1;30;30;TRAIN;97.3;0.099869;3.309504
cuda;12000;100;CrossEntropyLoss();5093;1568;Tanh();0.01;0.1;30;30;VAL;96.4;0.124014;0.757534
cuda;48000;100;CrossEntropyLoss();5093;1568;Tanh();0.01;0.5;30;1;TRAIN;87.5;0.477821;2.889794
cuda;12000;100;CrossEntropyLoss();5093;1568;Tanh();0.01;0.5;30;1;VAL;90.6;0.332731;0.728059
cuda;48000;100;CrossEntropyLoss();5093;1568;Tanh();0.01;0.5;30;2;TRAIN;91.3;0.307264;3.583795
cuda;12000;100;CrossEntropyLoss();5093;1568;Tanh();0.01;0.5;30;2;VAL;91.6;0.293404;0.879791
cuda;48000;100;CrossEntropyLoss();5093;1568;Tanh();0.01;0.5;30;3;TRAIN;92.2;0.276481;3.383377
cuda;12000;100;CrossEntropyLoss();5093;1568;Tanh();0.01;0.5;30;3;VAL;92.3;0.271263;0.780140
cuda;48000;100;CrossEntropyLoss();5093;1568;Tanh();0.01;0.5;30;4;TRAIN;92.7;0.255704;3.823890
cuda;12000;100;CrossEntropyLoss();5093;1568;Tanh();0.01;0.5;30;4;VAL;92.8;0.254026;0.911901
cuda;48000;100;CrossEntropyLoss();5093;1568;Tanh();0.01;0.5;30;5;TRAIN;93.3;0.236810;2.826915
cuda;12000;100;CrossEntropyLoss();5093;1568;Tanh();0.01;0.5;30;5;VAL;93.1;0.239158;0.791368
cuda;48000;100;CrossEntropyLoss();5093;1568;Tanh();0.01;0.5;30;6;TRAIN;93.9;0.219422;3.363134
cuda;12000;100;CrossEntropyLoss();5093;1568;Tanh();0.01;0.5;30;6;VAL;93.7;0.224920;0.737290
cuda;48000;100;CrossEntropyLoss();5093;1568;Tanh();0.01;0.5;30;7;TRAIN;94.4;0.203064;3.036757
cuda;12000;100;CrossEntropyLoss();5093;1568;Tanh();0.01;0.5;30;7;VAL;94.0;0.209115;0.716805
cuda;48000;100;CrossEntropyLoss();5093;1568;Tanh();0.01;0.5;30;8;TRAIN;94.8;0.187777;3.515570
cuda;12000;100;CrossEntropyLoss();5093;1568;Tanh();0.01;0.5;30;8;VAL;94.5;0.196104;0.827818
cuda;48000;100;CrossEntropyLoss();5093;1568;Tanh();0.01;0.5;30;9;TRAIN;95.2;0.174364;3.051702
cuda;12000;100;CrossEntropyLoss();5093;1568;Tanh();0.01;0.5;30;9;VAL;94.7;0.184620;0.629412
cuda;48000;100;CrossEntropyLoss();5093;1568;Tanh();0.01;0.5;30;10;TRAIN;95.6;0.161798;2.950339
cuda;12000;100;CrossEntropyLoss();5093;1568;Tanh();0.01;0.5;30;10;VAL;95.1;0.173815;0.716666
cuda;48000;100;CrossEntropyLoss();5093;1568;Tanh();0.01;0.5;30;11;TRAIN;95.9;0.150374;2.568323
cuda;12000;100;CrossEntropyLoss();5093;1568;Tanh();0.01;0.5;30;11;VAL;95.2;0.165640;0.622463
cuda;48000;100;CrossEntropyLoss();5093;1568;Tanh();0.01;0.5;30;12;TRAIN;96.1;0.140449;2.726145
cuda;12000;100;CrossEntropyLoss();5093;1568;Tanh();0.01;0.5;30;12;VAL;95.5;0.158196;0.741685
cuda;48000;100;CrossEntropyLoss();5093;1568;Tanh();0.01;0.5;30;13;TRAIN;96.4;0.131707;2.791925
cuda;12000;100;CrossEntropyLoss();5093;1568;Tanh();0.01;0.5;30;13;VAL;95.8;0.148571;0.663787
cuda;48000;100;CrossEntropyLoss();5093;1568;Tanh();0.01;0.5;30;14;TRAIN;96.6;0.123218;2.614528
cuda;12000;100;CrossEntropyLoss();5093;1568;Tanh();0.01;0.5;30;14;VAL;96.0;0.143351;0.752506
cuda;48000;100;CrossEntropyLoss();5093;1568;Tanh();0.01;0.5;30;15;TRAIN;96.9;0.115908;2.882392
cuda;12000;100;CrossEntropyLoss();5093;1568;Tanh();0.01;0.5;30;15;VAL;96.1;0.136285;0.655523
cuda;48000;100;CrossEntropyLoss();5093;1568;Tanh();0.01;0.5;30;16;TRAIN;97.1;0.109110;2.592095
cuda;12000;100;CrossEntropyLoss();5093;1568;Tanh();0.01;0.5;30;16;VAL;96.3;0.131695;0.622762
cuda;48000;100;CrossEntropyLoss();5093;1568;Tanh();0.01;0.5;30;17;TRAIN;97.3;0.103133;3.183153
cuda;12000;100;CrossEntropyLoss();5093;1568;Tanh();0.01;0.5;30;17;VAL;96.3;0.126193;0.625740
cuda;48000;100;CrossEntropyLoss();5093;1568;Tanh();0.01;0.5;30;18;TRAIN;97.4;0.097498;2.658917
cuda;12000;100;CrossEntropyLoss();5093;1568;Tanh();0.01;0.5;30;18;VAL;96.4;0.123141;0.653400
cuda;48000;100;CrossEntropyLoss();5093;1568;Tanh();0.01;0.5;30;19;TRAIN;97.5;0.092451;2.901137
cuda;12000;100;CrossEntropyLoss();5093;1568;Tanh();0.01;0.5;30;19;VAL;96.6;0.118266;0.747450
cuda;48000;100;CrossEntropyLoss();5093;1568;Tanh();0.01;0.5;30;20;TRAIN;97.8;0.087570;2.569293
cuda;12000;100;CrossEntropyLoss();5093;1568;Tanh();0.01;0.5;30;20;VAL;96.7;0.114991;0.628074
cuda;48000;100;CrossEntropyLoss();5093;1568;Tanh();0.01;0.5;30;21;TRAIN;97.8;0.083121;2.796333
cuda;12000;100;CrossEntropyLoss();5093;1568;Tanh();0.01;0.5;30;21;VAL;96.9;0.109637;0.707688
cuda;48000;100;CrossEntropyLoss();5093;1568;Tanh();0.01;0.5;30;22;TRAIN;98.0;0.079005;2.737256
cuda;12000;100;CrossEntropyLoss();5093;1568;Tanh();0.01;0.5;30;22;VAL;96.9;0.107809;0.634943
cuda;48000;100;CrossEntropyLoss();5093;1568;Tanh();0.01;0.5;30;23;TRAIN;98.1;0.075359;2.623725
cuda;12000;100;CrossEntropyLoss();5093;1568;Tanh();0.01;0.5;30;23;VAL;97.0;0.106074;0.712424
cuda;48000;100;CrossEntropyLoss();5093;1568;Tanh();0.01;0.5;30;24;TRAIN;98.2;0.071693;2.828759
cuda;12000;100;CrossEntropyLoss();5093;1568;Tanh();0.01;0.5;30;24;VAL;97.0;0.103393;0.624459
cuda;48000;100;CrossEntropyLoss();5093;1568;Tanh();0.01;0.5;30;25;TRAIN;98.2;0.068580;2.620370
cuda;12000;100;CrossEntropyLoss();5093;1568;Tanh();0.01;0.5;30;25;VAL;97.0;0.100122;0.697006
cuda;48000;100;CrossEntropyLoss();5093;1568;Tanh();0.01;0.5;30;26;TRAIN;98.4;0.065354;3.045944
cuda;12000;100;CrossEntropyLoss();5093;1568;Tanh();0.01;0.5;30;26;VAL;97.0;0.098952;0.666816
cuda;48000;100;CrossEntropyLoss();5093;1568;Tanh();0.01;0.5;30;27;TRAIN;98.5;0.062367;2.634801
cuda;12000;100;CrossEntropyLoss();5093;1568;Tanh();0.01;0.5;30;27;VAL;97.1;0.096602;0.688405
cuda;48000;100;CrossEntropyLoss();5093;1568;Tanh();0.01;0.5;30;28;TRAIN;98.5;0.059695;2.987489
cuda;12000;100;CrossEntropyLoss();5093;1568;Tanh();0.01;0.5;30;28;VAL;97.2;0.095194;0.655949
cuda;48000;100;CrossEntropyLoss();5093;1568;Tanh();0.01;0.5;30;29;TRAIN;98.6;0.057052;2.626771
cuda;12000;100;CrossEntropyLoss();5093;1568;Tanh();0.01;0.5;30;29;VAL;97.2;0.092678;0.682753
cuda;48000;100;CrossEntropyLoss();5093;1568;Tanh();0.01;0.5;30;30;TRAIN;98.6;0.054831;2.854348
cuda;12000;100;CrossEntropyLoss();5093;1568;Tanh();0.01;0.5;30;30;VAL;97.4;0.089682;0.682095
cuda;48000;100;CrossEntropyLoss();5093;1568;Tanh();0.01;0.9;30;1;TRAIN;89.7;0.352356;2.659150
cuda;12000;100;CrossEntropyLoss();5093;1568;Tanh();0.01;0.9;30;1;VAL;92.4;0.264323;0.651487
cuda;48000;100;CrossEntropyLoss();5093;1568;Tanh();0.01;0.9;30;2;TRAIN;93.7;0.218081;2.678816
cuda;12000;100;CrossEntropyLoss();5093;1568;Tanh();0.01;0.9;30;2;VAL;94.5;0.192836;0.770345
cuda;48000;100;CrossEntropyLoss();5093;1568;Tanh();0.01;0.9;30;3;TRAIN;95.5;0.156871;2.744415
cuda;12000;100;CrossEntropyLoss();5093;1568;Tanh();0.01;0.9;30;3;VAL;95.7;0.152231;0.645872
cuda;48000;100;CrossEntropyLoss();5093;1568;Tanh();0.01;0.9;30;4;TRAIN;96.7;0.117479;2.708777
cuda;12000;100;CrossEntropyLoss();5093;1568;Tanh();0.01;0.9;30;4;VAL;96.4;0.126274;0.695176
cuda;48000;100;CrossEntropyLoss();5093;1568;Tanh();0.01;0.9;30;5;TRAIN;97.3;0.092988;2.872913
cuda;12000;100;CrossEntropyLoss();5093;1568;Tanh();0.01;0.9;30;5;VAL;96.8;0.109786;0.634231
cuda;48000;100;CrossEntropyLoss();5093;1568;Tanh();0.01;0.9;30;6;TRAIN;97.9;0.074136;2.624719
cuda;12000;100;CrossEntropyLoss();5093;1568;Tanh();0.01;0.9;30;6;VAL;96.9;0.099814;0.642702
cuda;48000;100;CrossEntropyLoss();5093;1568;Tanh();0.01;0.9;30;7;TRAIN;98.3;0.061690;3.012248
cuda;12000;100;CrossEntropyLoss();5093;1568;Tanh();0.01;0.9;30;7;VAL;97.3;0.088307;0.637492
cuda;48000;100;CrossEntropyLoss();5093;1568;Tanh();0.01;0.9;30;8;TRAIN;98.7;0.051307;2.643095
cuda;12000;100;CrossEntropyLoss();5093;1568;Tanh();0.01;0.9;30;8;VAL;97.2;0.084998;0.663450
cuda;48000;100;CrossEntropyLoss();5093;1568;Tanh();0.01;0.9;30;9;TRAIN;98.9;0.042611;2.857784
cuda;12000;100;CrossEntropyLoss();5093;1568;Tanh();0.01;0.9;30;9;VAL;97.4;0.081823;0.713340
cuda;48000;100;CrossEntropyLoss();5093;1568;Tanh();0.01;0.9;30;10;TRAIN;99.1;0.036140;2.584272
cuda;12000;100;CrossEntropyLoss();5093;1568;Tanh();0.01;0.9;30;10;VAL;97.4;0.080757;0.664908
cuda;48000;100;CrossEntropyLoss();5093;1568;Tanh();0.01;0.9;30;11;TRAIN;99.3;0.030008;2.736216
cuda;12000;100;CrossEntropyLoss();5093;1568;Tanh();0.01;0.9;30;11;VAL;97.7;0.073026;0.742710
cuda;48000;100;CrossEntropyLoss();5093;1568;Tanh();0.01;0.9;30;12;TRAIN;99.5;0.025495;2.686023
cuda;12000;100;CrossEntropyLoss();5093;1568;Tanh();0.01;0.9;30;12;VAL;97.7;0.072382;0.638847
cuda;48000;100;CrossEntropyLoss();5093;1568;Tanh();0.01;0.9;30;13;TRAIN;99.6;0.022276;2.678927
cuda;12000;100;CrossEntropyLoss();5093;1568;Tanh();0.01;0.9;30;13;VAL;97.7;0.069740;0.718104
cuda;48000;100;CrossEntropyLoss();5093;1568;Tanh();0.01;0.9;30;14;TRAIN;99.7;0.018954;2.934873
cuda;12000;100;CrossEntropyLoss();5093;1568;Tanh();0.01;0.9;30;14;VAL;97.7;0.067067;0.663222
cuda;48000;100;CrossEntropyLoss();5093;1568;Tanh();0.01;0.9;30;15;TRAIN;99.8;0.016127;2.579979
cuda;12000;100;CrossEntropyLoss();5093;1568;Tanh();0.01;0.9;30;15;VAL;97.8;0.065153;0.639840
cuda;48000;100;CrossEntropyLoss();5093;1568;Tanh();0.01;0.9;30;16;TRAIN;99.8;0.014362;3.005064
cuda;12000;100;CrossEntropyLoss();5093;1568;Tanh();0.01;0.9;30;16;VAL;97.8;0.065612;0.632545
cuda;48000;100;CrossEntropyLoss();5093;1568;Tanh();0.01;0.9;30;17;TRAIN;99.9;0.012521;2.582615
cuda;12000;100;CrossEntropyLoss();5093;1568;Tanh();0.01;0.9;30;17;VAL;97.9;0.064909;0.628341
cuda;48000;100;CrossEntropyLoss();5093;1568;Tanh();0.01;0.9;30;18;TRAIN;99.9;0.011038;2.887077
cuda;12000;100;CrossEntropyLoss();5093;1568;Tanh();0.01;0.9;30;18;VAL;97.9;0.063751;0.703637
cuda;48000;100;CrossEntropyLoss();5093;1568;Tanh();0.01;0.9;30;19;TRAIN;99.9;0.009850;2.596538
cuda;12000;100;CrossEntropyLoss();5093;1568;Tanh();0.01;0.9;30;19;VAL;98.0;0.061576;0.650035
cuda;48000;100;CrossEntropyLoss();5093;1568;Tanh();0.01;0.9;30;20;TRAIN;99.9;0.008688;2.799460
cuda;12000;100;CrossEntropyLoss();5093;1568;Tanh();0.01;0.9;30;20;VAL;97.9;0.063612;0.700640
cuda;48000;100;CrossEntropyLoss();5093;1568;Tanh();0.01;0.9;30;21;TRAIN;100.0;0.007743;2.710676
cuda;12000;100;CrossEntropyLoss();5093;1568;Tanh();0.01;0.9;30;21;VAL;98.0;0.063924;0.622785
cuda;48000;100;CrossEntropyLoss();5093;1568;Tanh();0.01;0.9;30;22;TRAIN;100.0;0.007008;2.675459
cuda;12000;100;CrossEntropyLoss();5093;1568;Tanh();0.01;0.9;30;22;VAL;98.0;0.061918;0.717270
cuda;48000;100;CrossEntropyLoss();5093;1568;Tanh();0.01;0.9;30;23;TRAIN;100.0;0.006361;2.852340
cuda;12000;100;CrossEntropyLoss();5093;1568;Tanh();0.01;0.9;30;23;VAL;98.0;0.062137;0.666043
cuda;48000;100;CrossEntropyLoss();5093;1568;Tanh();0.01;0.9;30;24;TRAIN;100.0;0.005809;2.586820
cuda;12000;100;CrossEntropyLoss();5093;1568;Tanh();0.01;0.9;30;24;VAL;98.0;0.062091;0.628445
cuda;48000;100;CrossEntropyLoss();5093;1568;Tanh();0.01;0.9;30;25;TRAIN;100.0;0.005331;3.058717
cuda;12000;100;CrossEntropyLoss();5093;1568;Tanh();0.01;0.9;30;25;VAL;98.1;0.061458;0.649794
cuda;48000;100;CrossEntropyLoss();5093;1568;Tanh();0.01;0.9;30;26;TRAIN;100.0;0.004952;2.584031
cuda;12000;100;CrossEntropyLoss();5093;1568;Tanh();0.01;0.9;30;26;VAL;98.1;0.060975;0.639611
cuda;48000;100;CrossEntropyLoss();5093;1568;Tanh();0.01;0.9;30;27;TRAIN;100.0;0.004627;2.901821
cuda;12000;100;CrossEntropyLoss();5093;1568;Tanh();0.01;0.9;30;27;VAL;98.0;0.061796;0.702484
cuda;48000;100;CrossEntropyLoss();5093;1568;Tanh();0.01;0.9;30;28;TRAIN;100.0;0.004277;2.626286
cuda;12000;100;CrossEntropyLoss();5093;1568;Tanh();0.01;0.9;30;28;VAL;98.1;0.061396;0.633466
cuda;48000;100;CrossEntropyLoss();5093;1568;Tanh();0.01;0.9;30;29;TRAIN;100.0;0.003983;2.806518
cuda;12000;100;CrossEntropyLoss();5093;1568;Tanh();0.01;0.9;30;29;VAL;98.1;0.061631;0.723044
cuda;48000;100;CrossEntropyLoss();5093;1568;Tanh();0.01;0.9;30;30;TRAIN;100.0;0.003775;2.702243
cuda;12000;100;CrossEntropyLoss();5093;1568;Tanh();0.01;0.9;30;30;VAL;98.1;0.060915;0.698323
cuda;48000;100;CrossEntropyLoss();5093;1568;Tanh();0.1;0.1;30;1;TRAIN;90.0;0.340551;2.641443
cuda;12000;100;CrossEntropyLoss();5093;1568;Tanh();0.1;0.1;30;1;VAL;91.6;0.273073;0.752256
cuda;48000;100;CrossEntropyLoss();5093;1568;Tanh();0.1;0.1;30;2;TRAIN;93.9;0.212317;2.799215
cuda;12000;100;CrossEntropyLoss();5093;1568;Tanh();0.1;0.1;30;2;VAL;94.2;0.190969;0.710925
cuda;48000;100;CrossEntropyLoss();5093;1568;Tanh();0.1;0.1;30;3;TRAIN;95.6;0.151696;2.601496
cuda;12000;100;CrossEntropyLoss();5093;1568;Tanh();0.1;0.1;30;3;VAL;96.0;0.139744;0.660075
cuda;48000;100;CrossEntropyLoss();5093;1568;Tanh();0.1;0.1;30;4;TRAIN;96.8;0.112204;3.018271
cuda;12000;100;CrossEntropyLoss();5093;1568;Tanh();0.1;0.1;30;4;VAL;96.3;0.121620;0.638124
cuda;48000;100;CrossEntropyLoss();5093;1568;Tanh();0.1;0.1;30;5;TRAIN;97.4;0.087351;2.587339
cuda;12000;100;CrossEntropyLoss();5093;1568;Tanh();0.1;0.1;30;5;VAL;96.9;0.101620;0.645901
cuda;48000;100;CrossEntropyLoss();5093;1568;Tanh();0.1;0.1;30;6;TRAIN;98.1;0.069206;2.991280
cuda;12000;100;CrossEntropyLoss();5093;1568;Tanh();0.1;0.1;30;6;VAL;97.2;0.091558;0.659770
cuda;48000;100;CrossEntropyLoss();5093;1568;Tanh();0.1;0.1;30;7;TRAIN;98.4;0.056899;2.634311
cuda;12000;100;CrossEntropyLoss();5093;1568;Tanh();0.1;0.1;30;7;VAL;97.4;0.088544;0.642513
cuda;48000;100;CrossEntropyLoss();5093;1568;Tanh();0.1;0.1;30;8;TRAIN;98.8;0.046029;2.863937
cuda;12000;100;CrossEntropyLoss();5093;1568;Tanh();0.1;0.1;30;8;VAL;97.5;0.081787;0.695087
cuda;48000;100;CrossEntropyLoss();5093;1568;Tanh();0.1;0.1;30;9;TRAIN;99.0;0.038233;2.755742
cuda;12000;100;CrossEntropyLoss();5093;1568;Tanh();0.1;0.1;30;9;VAL;97.6;0.076538;0.639232
cuda;48000;100;CrossEntropyLoss();5093;1568;Tanh();0.1;0.1;30;10;TRAIN;99.3;0.031682;2.990431
cuda;12000;100;CrossEntropyLoss();5093;1568;Tanh();0.1;0.1;30;10;VAL;97.6;0.071265;0.742440
cuda;48000;100;CrossEntropyLoss();5093;1568;Tanh();0.1;0.1;30;11;TRAIN;99.4;0.026332;2.740525
cuda;12000;100;CrossEntropyLoss();5093;1568;Tanh();0.1;0.1;30;11;VAL;97.8;0.068572;0.636880
cuda;48000;100;CrossEntropyLoss();5093;1568;Tanh();0.1;0.1;30;12;TRAIN;99.6;0.022247;2.597210
cuda;12000;100;CrossEntropyLoss();5093;1568;Tanh();0.1;0.1;30;12;VAL;97.8;0.070504;0.731675
cuda;48000;100;CrossEntropyLoss();5093;1568;Tanh();0.1;0.1;30;13;TRAIN;99.7;0.018867;2.871254
cuda;12000;100;CrossEntropyLoss();5093;1568;Tanh();0.1;0.1;30;13;VAL;97.9;0.065169;0.630561
cuda;48000;100;CrossEntropyLoss();5093;1568;Tanh();0.1;0.1;30;14;TRAIN;99.8;0.015996;2.608898
cuda;12000;100;CrossEntropyLoss();5093;1568;Tanh();0.1;0.1;30;14;VAL;97.9;0.066192;0.642319
cuda;48000;100;CrossEntropyLoss();5093;1568;Tanh();0.1;0.1;30;15;TRAIN;99.8;0.013806;2.973216
cuda;12000;100;CrossEntropyLoss();5093;1568;Tanh();0.1;0.1;30;15;VAL;98.0;0.064543;0.637556
cuda;48000;100;CrossEntropyLoss();5093;1568;Tanh();0.1;0.1;30;16;TRAIN;99.9;0.011832;2.600918
cuda;12000;100;CrossEntropyLoss();5093;1568;Tanh();0.1;0.1;30;16;VAL;97.8;0.064570;0.642822
cuda;48000;100;CrossEntropyLoss();5093;1568;Tanh();0.1;0.1;30;17;TRAIN;99.9;0.010192;2.945809
cuda;12000;100;CrossEntropyLoss();5093;1568;Tanh();0.1;0.1;30;17;VAL;98.0;0.063239;0.708643
cuda;48000;100;CrossEntropyLoss();5093;1568;Tanh();0.1;0.1;30;18;TRAIN;99.9;0.009183;2.649777
cuda;12000;100;CrossEntropyLoss();5093;1568;Tanh();0.1;0.1;30;18;VAL;97.9;0.063529;0.647475
cuda;48000;100;CrossEntropyLoss();5093;1568;Tanh();0.1;0.1;30;19;TRAIN;99.9;0.008153;2.901680
cuda;12000;100;CrossEntropyLoss();5093;1568;Tanh();0.1;0.1;30;19;VAL;97.9;0.064237;0.697654
cuda;48000;100;CrossEntropyLoss();5093;1568;Tanh();0.1;0.1;30;20;TRAIN;100.0;0.007281;2.792898
cuda;12000;100;CrossEntropyLoss();5093;1568;Tanh();0.1;0.1;30;20;VAL;98.1;0.062237;0.647399
cuda;48000;100;CrossEntropyLoss();5093;1568;Tanh();0.1;0.1;30;21;TRAIN;100.0;0.006434;2.656738
cuda;12000;100;CrossEntropyLoss();5093;1568;Tanh();0.1;0.1;30;21;VAL;97.9;0.066035;0.741140
cuda;48000;100;CrossEntropyLoss();5093;1568;Tanh();0.1;0.1;30;22;TRAIN;100.0;0.005909;2.821014
cuda;12000;100;CrossEntropyLoss();5093;1568;Tanh();0.1;0.1;30;22;VAL;98.1;0.062681;0.619666
cuda;48000;100;CrossEntropyLoss();5093;1568;Tanh();0.1;0.1;30;23;TRAIN;100.0;0.005324;2.591886
cuda;12000;100;CrossEntropyLoss();5093;1568;Tanh();0.1;0.1;30;23;VAL;98.0;0.062062;0.662806
cuda;48000;100;CrossEntropyLoss();5093;1568;Tanh();0.1;0.1;30;24;TRAIN;100.0;0.004895;2.923918
cuda;12000;100;CrossEntropyLoss();5093;1568;Tanh();0.1;0.1;30;24;VAL;98.0;0.062055;0.642956
cuda;48000;100;CrossEntropyLoss();5093;1568;Tanh();0.1;0.1;30;25;TRAIN;100.0;0.004548;2.582661
cuda;12000;100;CrossEntropyLoss();5093;1568;Tanh();0.1;0.1;30;25;VAL;98.1;0.062203;0.631044
cuda;48000;100;CrossEntropyLoss();5093;1568;Tanh();0.1;0.1;30;26;TRAIN;100.0;0.004153;2.915443
cuda;12000;100;CrossEntropyLoss();5093;1568;Tanh();0.1;0.1;30;26;VAL;98.1;0.062322;0.694415
cuda;48000;100;CrossEntropyLoss();5093;1568;Tanh();0.1;0.1;30;27;TRAIN;100.0;0.003890;2.640209
cuda;12000;100;CrossEntropyLoss();5093;1568;Tanh();0.1;0.1;30;27;VAL;98.1;0.061092;0.653775
cuda;48000;100;CrossEntropyLoss();5093;1568;Tanh();0.1;0.1;30;28;TRAIN;100.0;0.003596;2.830555
cuda;12000;100;CrossEntropyLoss();5093;1568;Tanh();0.1;0.1;30;28;VAL;98.1;0.061834;0.733088
cuda;48000;100;CrossEntropyLoss();5093;1568;Tanh();0.1;0.1;30;29;TRAIN;100.0;0.003388;2.719611
cuda;12000;100;CrossEntropyLoss();5093;1568;Tanh();0.1;0.1;30;29;VAL;98.1;0.061691;0.626273
cuda;48000;100;CrossEntropyLoss();5093;1568;Tanh();0.1;0.1;30;30;TRAIN;100.0;0.003174;2.714045
cuda;12000;100;CrossEntropyLoss();5093;1568;Tanh();0.1;0.1;30;30;VAL;98.0;0.062016;0.729460
cuda;48000;100;CrossEntropyLoss();5093;1568;Tanh();0.1;0.5;30;1;TRAIN;90.5;0.318284;2.789376
cuda;12000;100;CrossEntropyLoss();5093;1568;Tanh();0.1;0.5;30;1;VAL;93.9;0.213226;0.636530
cuda;48000;100;CrossEntropyLoss();5093;1568;Tanh();0.1;0.5;30;2;TRAIN;95.0;0.170749;2.572074
cuda;12000;100;CrossEntropyLoss();5093;1568;Tanh();0.1;0.5;30;2;VAL;95.7;0.143986;0.688753
cuda;48000;100;CrossEntropyLoss();5093;1568;Tanh();0.1;0.5;30;3;TRAIN;96.8;0.107959;3.357897
cuda;12000;100;CrossEntropyLoss();5093;1568;Tanh();0.1;0.5;30;3;VAL;96.1;0.124960;0.684778
cuda;48000;100;CrossEntropyLoss();5093;1568;Tanh();0.1;0.5;30;4;TRAIN;97.7;0.076197;2.749666
cuda;12000;100;CrossEntropyLoss();5093;1568;Tanh();0.1;0.5;30;4;VAL;97.2;0.089426;0.647633
cuda;48000;100;CrossEntropyLoss();5093;1568;Tanh();0.1;0.5;30;5;TRAIN;98.3;0.056405;3.075325
cuda;12000;100;CrossEntropyLoss();5093;1568;Tanh();0.1;0.5;30;5;VAL;97.5;0.079948;0.652591
cuda;48000;100;CrossEntropyLoss();5093;1568;Tanh();0.1;0.5;30;6;TRAIN;98.9;0.040480;2.572795
cuda;12000;100;CrossEntropyLoss();5093;1568;Tanh();0.1;0.5;30;6;VAL;97.5;0.080636;0.654844
cuda;48000;100;CrossEntropyLoss();5093;1568;Tanh();0.1;0.5;30;7;TRAIN;99.2;0.029921;2.945343
cuda;12000;100;CrossEntropyLoss();5093;1568;Tanh();0.1;0.5;30;7;VAL;97.7;0.073597;0.711823
cuda;48000;100;CrossEntropyLoss();5093;1568;Tanh();0.1;0.5;30;8;TRAIN;99.5;0.022731;2.592722
cuda;12000;100;CrossEntropyLoss();5093;1568;Tanh();0.1;0.5;30;8;VAL;97.9;0.067725;0.665043
cuda;48000;100;CrossEntropyLoss();5093;1568;Tanh();0.1;0.5;30;9;TRAIN;99.7;0.016460;2.792302
cuda;12000;100;CrossEntropyLoss();5093;1568;Tanh();0.1;0.5;30;9;VAL;97.8;0.071815;0.732452
cuda;48000;100;CrossEntropyLoss();5093;1568;Tanh();0.1;0.5;30;10;TRAIN;99.7;0.012959;2.697868
cuda;12000;100;CrossEntropyLoss();5093;1568;Tanh();0.1;0.5;30;10;VAL;97.9;0.065290;0.655450
cuda;48000;100;CrossEntropyLoss();5093;1568;Tanh();0.1;0.5;30;11;TRAIN;99.9;0.009612;2.607227
cuda;12000;100;CrossEntropyLoss();5093;1568;Tanh();0.1;0.5;30;11;VAL;98.0;0.063787;0.743330
cuda;48000;100;CrossEntropyLoss();5093;1568;Tanh();0.1;0.5;30;12;TRAIN;99.9;0.007335;2.837031
cuda;12000;100;CrossEntropyLoss();5093;1568;Tanh();0.1;0.5;30;12;VAL;98.0;0.064788;0.649101
cuda;48000;100;CrossEntropyLoss();5093;1568;Tanh();0.1;0.5;30;13;TRAIN;99.9;0.006084;2.599975
cuda;12000;100;CrossEntropyLoss();5093;1568;Tanh();0.1;0.5;30;13;VAL;98.1;0.062944;0.646690
cuda;48000;100;CrossEntropyLoss();5093;1568;Tanh();0.1;0.5;30;14;TRAIN;100.0;0.004941;3.061536
cuda;12000;100;CrossEntropyLoss();5093;1568;Tanh();0.1;0.5;30;14;VAL;98.0;0.065301;0.625605
cuda;48000;100;CrossEntropyLoss();5093;1568;Tanh();0.1;0.5;30;15;TRAIN;100.0;0.004240;2.603679
cuda;12000;100;CrossEntropyLoss();5093;1568;Tanh();0.1;0.5;30;15;VAL;98.2;0.062627;0.641159
cuda;48000;100;CrossEntropyLoss();5093;1568;Tanh();0.1;0.5;30;16;TRAIN;100.0;0.003664;2.930176
cuda;12000;100;CrossEntropyLoss();5093;1568;Tanh();0.1;0.5;30;16;VAL;98.1;0.061752;0.752392
cuda;48000;100;CrossEntropyLoss();5093;1568;Tanh();0.1;0.5;30;17;TRAIN;100.0;0.003166;2.591124
cuda;12000;100;CrossEntropyLoss();5093;1568;Tanh();0.1;0.5;30;17;VAL;98.2;0.061512;0.663580
cuda;48000;100;CrossEntropyLoss();5093;1568;Tanh();0.1;0.5;30;18;TRAIN;100.0;0.002784;2.776442
cuda;12000;100;CrossEntropyLoss();5093;1568;Tanh();0.1;0.5;30;18;VAL;98.2;0.061245;0.724588
cuda;48000;100;CrossEntropyLoss();5093;1568;Tanh();0.1;0.5;30;19;TRAIN;100.0;0.002559;2.680302
cuda;12000;100;CrossEntropyLoss();5093;1568;Tanh();0.1;0.5;30;19;VAL;98.3;0.061276;0.641416
cuda;48000;100;CrossEntropyLoss();5093;1568;Tanh();0.1;0.5;30;20;TRAIN;100.0;0.002331;2.626602
cuda;12000;100;CrossEntropyLoss();5093;1568;Tanh();0.1;0.5;30;20;VAL;98.2;0.062819;0.726551
cuda;48000;100;CrossEntropyLoss();5093;1568;Tanh();0.1;0.5;30;21;TRAIN;100.0;0.002170;2.847819
cuda;12000;100;CrossEntropyLoss();5093;1568;Tanh();0.1;0.5;30;21;VAL;98.2;0.061012;0.660404
cuda;48000;100;CrossEntropyLoss();5093;1568;Tanh();0.1;0.5;30;22;TRAIN;100.0;0.001961;2.570959
cuda;12000;100;CrossEntropyLoss();5093;1568;Tanh();0.1;0.5;30;22;VAL;98.2;0.061166;0.637945
cuda;48000;100;CrossEntropyLoss();5093;1568;Tanh();0.1;0.5;30;23;TRAIN;100.0;0.001826;3.059589
cuda;12000;100;CrossEntropyLoss();5093;1568;Tanh();0.1;0.5;30;23;VAL;98.2;0.061524;0.631946
cuda;48000;100;CrossEntropyLoss();5093;1568;Tanh();0.1;0.5;30;24;TRAIN;100.0;0.001707;2.624857
cuda;12000;100;CrossEntropyLoss();5093;1568;Tanh();0.1;0.5;30;24;VAL;98.2;0.062021;0.652500
cuda;48000;100;CrossEntropyLoss();5093;1568;Tanh();0.1;0.5;30;25;TRAIN;100.0;0.001600;2.944939
cuda;12000;100;CrossEntropyLoss();5093;1568;Tanh();0.1;0.5;30;25;VAL;98.2;0.061572;0.707512
cuda;48000;100;CrossEntropyLoss();5093;1568;Tanh();0.1;0.5;30;26;TRAIN;100.0;0.001518;2.587150
cuda;12000;100;CrossEntropyLoss();5093;1568;Tanh();0.1;0.5;30;26;VAL;98.2;0.062465;0.644729
cuda;48000;100;CrossEntropyLoss();5093;1568;Tanh();0.1;0.5;30;27;TRAIN;100.0;0.001428;2.906648
cuda;12000;100;CrossEntropyLoss();5093;1568;Tanh();0.1;0.5;30;27;VAL;98.2;0.062893;0.725352
cuda;48000;100;CrossEntropyLoss();5093;1568;Tanh();0.1;0.5;30;28;TRAIN;100.0;0.001354;2.614797
cuda;12000;100;CrossEntropyLoss();5093;1568;Tanh();0.1;0.5;30;28;VAL;98.3;0.062496;0.645461
cuda;48000;100;CrossEntropyLoss();5093;1568;Tanh();0.1;0.5;30;29;TRAIN;100.0;0.001288;2.619274
cuda;12000;100;CrossEntropyLoss();5093;1568;Tanh();0.1;0.5;30;29;VAL;98.3;0.062347;0.741195
cuda;48000;100;CrossEntropyLoss();5093;1568;Tanh();0.1;0.5;30;30;TRAIN;100.0;0.001217;2.854889
cuda;12000;100;CrossEntropyLoss();5093;1568;Tanh();0.1;0.5;30;30;VAL;98.2;0.062410;0.635994
cuda;48000;100;CrossEntropyLoss();5093;1568;Tanh();0.1;0.9;30;1;TRAIN;87.9;0.843361;2.602537
cuda;12000;100;CrossEntropyLoss();5093;1568;Tanh();0.1;0.9;30;1;VAL;91.0;0.682535;0.671195
cuda;48000;100;CrossEntropyLoss();5093;1568;Tanh();0.1;0.9;30;2;TRAIN;93.2;0.555446;3.024759
cuda;12000;100;CrossEntropyLoss();5093;1568;Tanh();0.1;0.9;30;2;VAL;94.4;0.507951;0.666649
cuda;48000;100;CrossEntropyLoss();5093;1568;Tanh();0.1;0.9;30;3;TRAIN;94.6;0.461609;2.558021
cuda;12000;100;CrossEntropyLoss();5093;1568;Tanh();0.1;0.9;30;3;VAL;95.4;0.410837;0.667182
cuda;48000;100;CrossEntropyLoss();5093;1568;Tanh();0.1;0.9;30;4;TRAIN;95.3;0.389816;2.947499
cuda;12000;100;CrossEntropyLoss();5093;1568;Tanh();0.1;0.9;30;4;VAL;95.9;0.373632;0.723189
cuda;48000;100;CrossEntropyLoss();5093;1568;Tanh();0.1;0.9;30;5;TRAIN;96.0;0.316784;2.643478
cuda;12000;100;CrossEntropyLoss();5093;1568;Tanh();0.1;0.9;30;5;VAL;96.3;0.365066;0.634351
cuda;48000;100;CrossEntropyLoss();5093;1568;Tanh();0.1;0.9;30;6;TRAIN;96.4;0.297039;2.781560
cuda;12000;100;CrossEntropyLoss();5093;1568;Tanh();0.1;0.9;30;6;VAL;95.3;0.439319;0.726057
cuda;48000;100;CrossEntropyLoss();5093;1568;Tanh();0.1;0.9;30;7;TRAIN;96.4;0.304265;2.650933
cuda;12000;100;CrossEntropyLoss();5093;1568;Tanh();0.1;0.9;30;7;VAL;95.9;0.414639;0.650186
cuda;48000;100;CrossEntropyLoss();5093;1568;Tanh();0.1;0.9;30;8;TRAIN;96.3;0.310338;2.633723
cuda;12000;100;CrossEntropyLoss();5093;1568;Tanh();0.1;0.9;30;8;VAL;95.6;0.453844;0.713566
cuda;48000;100;CrossEntropyLoss();5093;1568;Tanh();0.1;0.9;30;9;TRAIN;96.8;0.273300;2.836506
cuda;12000;100;CrossEntropyLoss();5093;1568;Tanh();0.1;0.9;30;9;VAL;96.3;0.379964;0.682648
cuda;48000;100;CrossEntropyLoss();5093;1568;Tanh();0.1;0.9;30;10;TRAIN;97.1;0.237620;2.587705
cuda;12000;100;CrossEntropyLoss();5093;1568;Tanh();0.1;0.9;30;10;VAL;96.0;0.399542;0.710620
cuda;48000;100;CrossEntropyLoss();5093;1568;Tanh();0.1;0.9;30;11;TRAIN;97.1;0.238896;2.940608
cuda;12000;100;CrossEntropyLoss();5093;1568;Tanh();0.1;0.9;30;11;VAL;96.7;0.373364;0.636923
cuda;48000;100;CrossEntropyLoss();5093;1568;Tanh();0.1;0.9;30;12;TRAIN;97.5;0.195274;2.599304
cuda;12000;100;CrossEntropyLoss();5093;1568;Tanh();0.1;0.9;30;12;VAL;96.5;0.398709;0.668148
cuda;48000;100;CrossEntropyLoss();5093;1568;Tanh();0.1;0.9;30;13;TRAIN;97.4;0.223817;2.964215
cuda;12000;100;CrossEntropyLoss();5093;1568;Tanh();0.1;0.9;30;13;VAL;94.9;0.529568;0.659337
cuda;48000;100;CrossEntropyLoss();5093;1568;Tanh();0.1;0.9;30;14;TRAIN;97.5;0.209467;2.695079
cuda;12000;100;CrossEntropyLoss();5093;1568;Tanh();0.1;0.9;30;14;VAL;96.3;0.414178;0.630755
cuda;48000;100;CrossEntropyLoss();5093;1568;Tanh();0.1;0.9;30;15;TRAIN;97.5;0.198118;2.827297
cuda;12000;100;CrossEntropyLoss();5093;1568;Tanh();0.1;0.9;30;15;VAL;97.1;0.311390;0.707548
cuda;48000;100;CrossEntropyLoss();5093;1568;Tanh();0.1;0.9;30;16;TRAIN;97.4;0.221978;2.648024
cuda;12000;100;CrossEntropyLoss();5093;1568;Tanh();0.1;0.9;30;16;VAL;95.7;0.544018;0.661230
cuda;48000;100;CrossEntropyLoss();5093;1568;Tanh();0.1;0.9;30;17;TRAIN;97.6;0.206957;3.012789
cuda;12000;100;CrossEntropyLoss();5093;1568;Tanh();0.1;0.9;30;17;VAL;96.7;0.399115;0.789732
cuda;48000;100;CrossEntropyLoss();5093;1568;Tanh();0.1;0.9;30;18;TRAIN;97.6;0.218230;2.731372
cuda;12000;100;CrossEntropyLoss();5093;1568;Tanh();0.1;0.9;30;18;VAL;96.3;0.405871;0.632324
cuda;48000;100;CrossEntropyLoss();5093;1568;Tanh();0.1;0.9;30;19;TRAIN;98.0;0.174196;2.646631
cuda;12000;100;CrossEntropyLoss();5093;1568;Tanh();0.1;0.9;30;19;VAL;96.8;0.408015;0.736321
cuda;48000;100;CrossEntropyLoss();5093;1568;Tanh();0.1;0.9;30;20;TRAIN;98.0;0.161037;2.831055
cuda;12000;100;CrossEntropyLoss();5093;1568;Tanh();0.1;0.9;30;20;VAL;96.6;0.415014;0.641402
cuda;48000;100;CrossEntropyLoss();5093;1568;Tanh();0.1;0.9;30;21;TRAIN;98.0;0.168785;2.630383
cuda;12000;100;CrossEntropyLoss();5093;1568;Tanh();0.1;0.9;30;21;VAL;96.8;0.389635;0.664400
cuda;48000;100;CrossEntropyLoss();5093;1568;Tanh();0.1;0.9;30;22;TRAIN;98.2;0.152384;2.986274
cuda;12000;100;CrossEntropyLoss();5093;1568;Tanh();0.1;0.9;30;22;VAL;97.1;0.348995;0.652135
cuda;48000;100;CrossEntropyLoss();5093;1568;Tanh();0.1;0.9;30;23;TRAIN;98.1;0.157563;2.580197
cuda;12000;100;CrossEntropyLoss();5093;1568;Tanh();0.1;0.9;30;23;VAL;97.1;0.353037;0.650135
cuda;48000;100;CrossEntropyLoss();5093;1568;Tanh();0.1;0.9;30;24;TRAIN;98.0;0.165872;2.939634
cuda;12000;100;CrossEntropyLoss();5093;1568;Tanh();0.1;0.9;30;24;VAL;96.5;0.464557;0.689864
cuda;48000;100;CrossEntropyLoss();5093;1568;Tanh();0.1;0.9;30;25;TRAIN;98.3;0.143081;2.589371
cuda;12000;100;CrossEntropyLoss();5093;1568;Tanh();0.1;0.9;30;25;VAL;97.1;0.411327;0.677300
cuda;48000;100;CrossEntropyLoss();5093;1568;Tanh();0.1;0.9;30;26;TRAIN;98.1;0.154505;2.749794
cuda;12000;100;CrossEntropyLoss();5093;1568;Tanh();0.1;0.9;30;26;VAL;96.8;0.385230;0.709675
cuda;48000;100;CrossEntropyLoss();5093;1568;Tanh();0.1;0.9;30;27;TRAIN;98.0;0.173996;2.680212
cuda;12000;100;CrossEntropyLoss();5093;1568;Tanh();0.1;0.9;30;27;VAL;96.7;0.452191;0.611928
cuda;48000;100;CrossEntropyLoss();5093;1568;Tanh();0.1;0.9;30;28;TRAIN;98.3;0.138070;2.710573
cuda;12000;100;CrossEntropyLoss();5093;1568;Tanh();0.1;0.9;30;28;VAL;96.8;0.452493;0.802320
cuda;48000;100;CrossEntropyLoss();5093;1568;Tanh();0.1;0.9;30;29;TRAIN;98.5;0.122811;2.763300
cuda;12000;100;CrossEntropyLoss();5093;1568;Tanh();0.1;0.9;30;29;VAL;96.8;0.405052;0.618942
cuda;48000;100;CrossEntropyLoss();5093;1568;Tanh();0.1;0.9;30;30;TRAIN;98.6;0.113408;2.746502
cuda;12000;100;CrossEntropyLoss();5093;1568;Tanh();0.1;0.9;30;30;VAL;96.5;0.477137;0.790752
cuda;48000;100;CrossEntropyLoss();5093;7840;Tanh();0.001;0.1;30;1;TRAIN;81.1;0.856957;2.967714
cuda;12000;100;CrossEntropyLoss();5093;7840;Tanh();0.001;0.1;30;1;VAL;87.1;0.539930;0.631329
cuda;48000;100;CrossEntropyLoss();5093;7840;Tanh();0.001;0.1;30;2;TRAIN;87.7;0.481498;2.575764
cuda;12000;100;CrossEntropyLoss();5093;7840;Tanh();0.001;0.1;30;2;VAL;88.4;0.439540;0.664271
cuda;48000;100;CrossEntropyLoss();5093;7840;Tanh();0.001;0.1;30;3;TRAIN;88.7;0.416728;2.941710
cuda;12000;100;CrossEntropyLoss();5093;7840;Tanh();0.001;0.1;30;3;VAL;89.3;0.398672;0.632200
cuda;48000;100;CrossEntropyLoss();5093;7840;Tanh();0.001;0.1;30;4;TRAIN;89.4;0.384761;2.570197
cuda;12000;100;CrossEntropyLoss();5093;7840;Tanh();0.001;0.1;30;4;VAL;89.6;0.375287;0.626174
cuda;48000;100;CrossEntropyLoss();5093;7840;Tanh();0.001;0.1;30;5;TRAIN;89.8;0.364667;2.916356
cuda;12000;100;CrossEntropyLoss();5093;7840;Tanh();0.001;0.1;30;5;VAL;90.0;0.359107;0.713820
cuda;48000;100;CrossEntropyLoss();5093;7840;Tanh();0.001;0.1;30;6;TRAIN;90.1;0.350257;2.564385
cuda;12000;100;CrossEntropyLoss();5093;7840;Tanh();0.001;0.1;30;6;VAL;90.3;0.347632;0.678219
cuda;48000;100;CrossEntropyLoss();5093;7840;Tanh();0.001;0.1;30;7;TRAIN;90.4;0.339294;2.865927
cuda;12000;100;CrossEntropyLoss();5093;7840;Tanh();0.001;0.1;30;7;VAL;90.5;0.338405;0.666837
cuda;48000;100;CrossEntropyLoss();5093;7840;Tanh();0.001;0.1;30;8;TRAIN;90.6;0.330623;2.660412
cuda;12000;100;CrossEntropyLoss();5093;7840;Tanh();0.001;0.1;30;8;VAL;90.7;0.331049;0.686886
cuda;48000;100;CrossEntropyLoss();5093;7840;Tanh();0.001;0.1;30;9;TRAIN;90.8;0.323470;2.640464
cuda;12000;100;CrossEntropyLoss();5093;7840;Tanh();0.001;0.1;30;9;VAL;90.8;0.324658;0.741932
cuda;48000;100;CrossEntropyLoss();5093;7840;Tanh();0.001;0.1;30;10;TRAIN;91.0;0.317237;2.882286
cuda;12000;100;CrossEntropyLoss();5093;7840;Tanh();0.001;0.1;30;10;VAL;90.9;0.319348;0.625268
cuda;48000;100;CrossEntropyLoss();5093;7840;Tanh();0.001;0.1;30;11;TRAIN;91.1;0.312033;3.270405
cuda;12000;100;CrossEntropyLoss();5093;7840;Tanh();0.001;0.1;30;11;VAL;91.0;0.314913;0.871194
cuda;48000;100;CrossEntropyLoss();5093;7840;Tanh();0.001;0.1;30;12;TRAIN;91.2;0.307399;2.615228
cuda;12000;100;CrossEntropyLoss();5093;7840;Tanh();0.001;0.1;30;12;VAL;91.1;0.311030;0.585738
cuda;48000;100;CrossEntropyLoss();5093;7840;Tanh();0.001;0.1;30;13;TRAIN;91.4;0.303252;2.351308
cuda;12000;100;CrossEntropyLoss();5093;7840;Tanh();0.001;0.1;30;13;VAL;91.2;0.307755;0.583322
cuda;48000;100;CrossEntropyLoss();5093;7840;Tanh();0.001;0.1;30;14;TRAIN;91.5;0.299476;2.711759
cuda;12000;100;CrossEntropyLoss();5093;7840;Tanh();0.001;0.1;30;14;VAL;91.2;0.304005;0.576022
cuda;48000;100;CrossEntropyLoss();5093;7840;Tanh();0.001;0.1;30;15;TRAIN;91.6;0.296139;2.420108
cuda;12000;100;CrossEntropyLoss();5093;7840;Tanh();0.001;0.1;30;15;VAL;91.4;0.301092;0.607065
cuda;48000;100;CrossEntropyLoss();5093;7840;Tanh();0.001;0.1;30;16;TRAIN;91.7;0.292962;2.677363
cuda;12000;100;CrossEntropyLoss();5093;7840;Tanh();0.001;0.1;30;16;VAL;91.5;0.298969;0.625157
cuda;48000;100;CrossEntropyLoss();5093;7840;Tanh();0.001;0.1;30;17;TRAIN;91.7;0.290123;2.383051
cuda;12000;100;CrossEntropyLoss();5093;7840;Tanh();0.001;0.1;30;17;VAL;91.5;0.296509;0.586083
cuda;48000;100;CrossEntropyLoss();5093;7840;Tanh();0.001;0.1;30;18;TRAIN;91.8;0.287406;2.496398
cuda;12000;100;CrossEntropyLoss();5093;7840;Tanh();0.001;0.1;30;18;VAL;91.6;0.293759;0.686878
cuda;48000;100;CrossEntropyLoss();5093;7840;Tanh();0.001;0.1;30;19;TRAIN;91.9;0.284930;2.458815
cuda;12000;100;CrossEntropyLoss();5093;7840;Tanh();0.001;0.1;30;19;VAL;91.6;0.291963;0.580811
cuda;48000;100;CrossEntropyLoss();5093;7840;Tanh();0.001;0.1;30;20;TRAIN;92.0;0.282680;2.345425
cuda;12000;100;CrossEntropyLoss();5093;7840;Tanh();0.001;0.1;30;20;VAL;91.7;0.289897;0.627135
cuda;48000;100;CrossEntropyLoss();5093;7840;Tanh();0.001;0.1;30;21;TRAIN;92.1;0.280469;2.600886
cuda;12000;100;CrossEntropyLoss();5093;7840;Tanh();0.001;0.1;30;21;VAL;91.7;0.288298;0.572301
cuda;48000;100;CrossEntropyLoss();5093;7840;Tanh();0.001;0.1;30;22;TRAIN;92.1;0.278401;2.383871
cuda;12000;100;CrossEntropyLoss();5093;7840;Tanh();0.001;0.1;30;22;VAL;91.8;0.286177;0.608026
cuda;48000;100;CrossEntropyLoss();5093;7840;Tanh();0.001;0.1;30;23;TRAIN;92.2;0.276398;2.837447
cuda;12000;100;CrossEntropyLoss();5093;7840;Tanh();0.001;0.1;30;23;VAL;91.8;0.284821;0.572933
cuda;48000;100;CrossEntropyLoss();5093;7840;Tanh();0.001;0.1;30;24;TRAIN;92.3;0.274536;2.354728
cuda;12000;100;CrossEntropyLoss();5093;7840;Tanh();0.001;0.1;30;24;VAL;91.9;0.283079;0.591502
cuda;48000;100;CrossEntropyLoss();5093;7840;Tanh();0.001;0.1;30;25;TRAIN;92.3;0.272703;2.676151
cuda;12000;100;CrossEntropyLoss();5093;7840;Tanh();0.001;0.1;30;25;VAL;91.9;0.281763;0.663542
cuda;48000;100;CrossEntropyLoss();5093;7840;Tanh();0.001;0.1;30;26;TRAIN;92.4;0.270984;2.342306
cuda;12000;100;CrossEntropyLoss();5093;7840;Tanh();0.001;0.1;30;26;VAL;92.0;0.280256;0.598051
cuda;48000;100;CrossEntropyLoss();5093;7840;Tanh();0.001;0.1;30;27;TRAIN;92.4;0.269356;2.372601
cuda;12000;100;CrossEntropyLoss();5093;7840;Tanh();0.001;0.1;30;27;VAL;92.0;0.278741;0.701973
cuda;48000;100;CrossEntropyLoss();5093;7840;Tanh();0.001;0.1;30;28;TRAIN;92.4;0.267759;2.552847
cuda;12000;100;CrossEntropyLoss();5093;7840;Tanh();0.001;0.1;30;28;VAL;92.1;0.277522;0.606923
cuda;48000;100;CrossEntropyLoss();5093;7840;Tanh();0.001;0.1;30;29;TRAIN;92.5;0.266221;2.371157
cuda;12000;100;CrossEntropyLoss();5093;7840;Tanh();0.001;0.1;30;29;VAL;92.2;0.276325;0.573825
cuda;48000;100;CrossEntropyLoss();5093;7840;Tanh();0.001;0.1;30;30;TRAIN;92.6;0.264732;2.757784
cuda;12000;100;CrossEntropyLoss();5093;7840;Tanh();0.001;0.1;30;30;VAL;92.1;0.275038;0.573022
cuda;48000;100;CrossEntropyLoss();5093;7840;Tanh();0.001;0.5;30;1;TRAIN;83.7;0.693677;2.503689
cuda;12000;100;CrossEntropyLoss();5093;7840;Tanh();0.001;0.5;30;1;VAL;88.4;0.450443;0.589920
cuda;48000;100;CrossEntropyLoss();5093;7840;Tanh();0.001;0.5;30;2;TRAIN;88.9;0.410112;2.651879
cuda;12000;100;CrossEntropyLoss();5093;7840;Tanh();0.001;0.5;30;2;VAL;89.7;0.382936;0.590407
cuda;48000;100;CrossEntropyLoss();5093;7840;Tanh();0.001;0.5;30;3;TRAIN;89.8;0.364777;2.358734
cuda;12000;100;CrossEntropyLoss();5093;7840;Tanh();0.001;0.5;30;3;VAL;90.2;0.354324;0.592766
cuda;48000;100;CrossEntropyLoss();5093;7840;Tanh();0.001;0.5;30;4;TRAIN;90.3;0.341263;2.561306
cuda;12000;100;CrossEntropyLoss();5093;7840;Tanh();0.001;0.5;30;4;VAL;90.5;0.337149;0.641629
cuda;48000;100;CrossEntropyLoss();5093;7840;Tanh();0.001;0.5;30;5;TRAIN;90.7;0.326155;2.522543
cuda;12000;100;CrossEntropyLoss();5093;7840;Tanh();0.001;0.5;30;5;VAL;90.7;0.326018;0.582418
cuda;48000;100;CrossEntropyLoss();5093;7840;Tanh();0.001;0.5;30;6;TRAIN;91.0;0.315091;2.436877
cuda;12000;100;CrossEntropyLoss();5093;7840;Tanh();0.001;0.5;30;6;VAL;90.9;0.317117;0.669636
cuda;48000;100;CrossEntropyLoss();5093;7840;Tanh();0.001;0.5;30;7;TRAIN;91.2;0.306541;2.586135
cuda;12000;100;CrossEntropyLoss();5093;7840;Tanh();0.001;0.5;30;7;VAL;91.0;0.309985;0.575058
cuda;48000;100;CrossEntropyLoss();5093;7840;Tanh();0.001;0.5;30;8;TRAIN;91.4;0.299625;2.392524
cuda;12000;100;CrossEntropyLoss();5093;7840;Tanh();0.001;0.5;30;8;VAL;91.3;0.303765;0.586592
cuda;48000;100;CrossEntropyLoss();5093;7840;Tanh();0.001;0.5;30;9;TRAIN;91.6;0.293663;2.684587
cuda;12000;100;CrossEntropyLoss();5093;7840;Tanh();0.001;0.5;30;9;VAL;91.4;0.299129;0.593815
cuda;48000;100;CrossEntropyLoss();5093;7840;Tanh();0.001;0.5;30;10;TRAIN;91.8;0.288511;2.347563
cuda;12000;100;CrossEntropyLoss();5093;7840;Tanh();0.001;0.5;30;10;VAL;91.5;0.294691;0.600416
cuda;48000;100;CrossEntropyLoss();5093;7840;Tanh();0.001;0.5;30;11;TRAIN;91.9;0.284151;2.635346
cuda;12000;100;CrossEntropyLoss();5093;7840;Tanh();0.001;0.5;30;11;VAL;91.7;0.291011;0.621717
cuda;48000;100;CrossEntropyLoss();5093;7840;Tanh();0.001;0.5;30;12;TRAIN;92.1;0.280193;2.357420
cuda;12000;100;CrossEntropyLoss();5093;7840;Tanh();0.001;0.5;30;12;VAL;91.8;0.287896;0.582367
cuda;48000;100;CrossEntropyLoss();5093;7840;Tanh();0.001;0.5;30;13;TRAIN;92.2;0.276468;2.456074
cuda;12000;100;CrossEntropyLoss();5093;7840;Tanh();0.001;0.5;30;13;VAL;91.9;0.284765;0.696484
cuda;48000;100;CrossEntropyLoss();5093;7840;Tanh();0.001;0.5;30;14;TRAIN;92.3;0.273150;2.517759
cuda;12000;100;CrossEntropyLoss();5093;7840;Tanh();0.001;0.5;30;14;VAL;91.9;0.282705;0.580581
cuda;48000;100;CrossEntropyLoss();5093;7840;Tanh();0.001;0.5;30;15;TRAIN;92.4;0.270110;2.342894
cuda;12000;100;CrossEntropyLoss();5093;7840;Tanh();0.001;0.5;30;15;VAL;91.9;0.279926;0.637211
cuda;48000;100;CrossEntropyLoss();5093;7840;Tanh();0.001;0.5;30;16;TRAIN;92.5;0.267237;2.651780
cuda;12000;100;CrossEntropyLoss();5093;7840;Tanh();0.001;0.5;30;16;VAL;92.1;0.277013;0.584634
cuda;48000;100;CrossEntropyLoss();5093;7840;Tanh();0.001;0.5;30;17;TRAIN;92.6;0.264513;2.356365
cuda;12000;100;CrossEntropyLoss();5093;7840;Tanh();0.001;0.5;30;17;VAL;92.0;0.275769;0.570009
cuda;48000;100;CrossEntropyLoss();5093;7840;Tanh();0.001;0.5;30;18;TRAIN;92.6;0.262021;2.723584
cuda;12000;100;CrossEntropyLoss();5093;7840;Tanh();0.001;0.5;30;18;VAL;92.2;0.273264;0.604305
cuda;48000;100;CrossEntropyLoss();5093;7840;Tanh();0.001;0.5;30;19;TRAIN;92.7;0.259670;2.384880
cuda;12000;100;CrossEntropyLoss();5093;7840;Tanh();0.001;0.5;30;19;VAL;92.4;0.270819;0.571550
cuda;48000;100;CrossEntropyLoss();5093;7840;Tanh();0.001;0.5;30;20;TRAIN;92.8;0.257265;2.583166
cuda;12000;100;CrossEntropyLoss();5093;7840;Tanh();0.001;0.5;30;20;VAL;92.3;0.269136;0.650282
cuda;48000;100;CrossEntropyLoss();5093;7840;Tanh();0.001;0.5;30;21;TRAIN;92.8;0.255010;2.396905
cuda;12000;100;CrossEntropyLoss();5093;7840;Tanh();0.001;0.5;30;21;VAL;92.4;0.267449;0.588743
cuda;48000;100;CrossEntropyLoss();5093;7840;Tanh();0.001;0.5;30;22;TRAIN;92.9;0.252811;2.377994
cuda;12000;100;CrossEntropyLoss();5093;7840;Tanh();0.001;0.5;30;22;VAL;92.4;0.266019;0.654535
cuda;48000;100;CrossEntropyLoss();5093;7840;Tanh();0.001;0.5;30;23;TRAIN;93.0;0.250828;2.522290
cuda;12000;100;CrossEntropyLoss();5093;7840;Tanh();0.001;0.5;30;23;VAL;92.5;0.263800;0.581493
cuda;48000;100;CrossEntropyLoss();5093;7840;Tanh();0.001;0.5;30;24;TRAIN;93.0;0.248782;2.443586
cuda;12000;100;CrossEntropyLoss();5093;7840;Tanh();0.001;0.5;30;24;VAL;92.6;0.262016;0.591420
cuda;48000;100;CrossEntropyLoss();5093;7840;Tanh();0.001;0.5;30;25;TRAIN;93.1;0.246805;2.707807
cuda;12000;100;CrossEntropyLoss();5093;7840;Tanh();0.001;0.5;30;25;VAL;92.7;0.260381;0.563263
cuda;48000;100;CrossEntropyLoss();5093;7840;Tanh();0.001;0.5;30;26;TRAIN;93.1;0.244957;2.387016
cuda;12000;100;CrossEntropyLoss();5093;7840;Tanh();0.001;0.5;30;26;VAL;92.7;0.259061;0.565632
cuda;48000;100;CrossEntropyLoss();5093;7840;Tanh();0.001;0.5;30;27;TRAIN;93.2;0.243076;2.659611
cuda;12000;100;CrossEntropyLoss();5093;7840;Tanh();0.001;0.5;30;27;VAL;92.7;0.257869;0.629311
cuda;48000;100;CrossEntropyLoss();5093;7840;Tanh();0.001;0.5;30;28;TRAIN;93.2;0.241342;2.388576
cuda;12000;100;CrossEntropyLoss();5093;7840;Tanh();0.001;0.5;30;28;VAL;92.7;0.256108;0.583711
cuda;48000;100;CrossEntropyLoss();5093;7840;Tanh();0.001;0.5;30;29;TRAIN;93.3;0.239419;2.511003
cuda;12000;100;CrossEntropyLoss();5093;7840;Tanh();0.001;0.5;30;29;VAL;92.7;0.254870;0.697763
cuda;48000;100;CrossEntropyLoss();5093;7840;Tanh();0.001;0.5;30;30;TRAIN;93.4;0.237650;2.486764
cuda;12000;100;CrossEntropyLoss();5093;7840;Tanh();0.001;0.5;30;30;VAL;92.8;0.253465;0.559950
cuda;48000;100;CrossEntropyLoss();5093;7840;Tanh();0.001;0.9;30;1;TRAIN;87.5;0.444428;2.400316
cuda;12000;100;CrossEntropyLoss();5093;7840;Tanh();0.001;0.9;30;1;VAL;90.5;0.328883;0.619801
cuda;48000;100;CrossEntropyLoss();5093;7840;Tanh();0.001;0.9;30;2;TRAIN;91.2;0.306271;2.647220
cuda;12000;100;CrossEntropyLoss();5093;7840;Tanh();0.001;0.9;30;2;VAL;91.5;0.299123;0.566572
cuda;48000;100;CrossEntropyLoss();5093;7840;Tanh();0.001;0.9;30;3;TRAIN;92.0;0.282158;2.344829
cuda;12000;100;CrossEntropyLoss();5093;7840;Tanh();0.001;0.9;30;3;VAL;92.0;0.280566;0.571967
cuda;48000;100;CrossEntropyLoss();5093;7840;Tanh();0.001;0.9;30;4;TRAIN;92.5;0.267451;2.807169
cuda;12000;100;CrossEntropyLoss();5093;7840;Tanh();0.001;0.9;30;4;VAL;92.3;0.271969;0.581376
cuda;48000;100;CrossEntropyLoss();5093;7840;Tanh();0.001;0.9;30;5;TRAIN;92.8;0.256130;2.359719
cuda;12000;100;CrossEntropyLoss();5093;7840;Tanh();0.001;0.9;30;5;VAL;92.6;0.261406;0.599858
cuda;48000;100;CrossEntropyLoss();5093;7840;Tanh();0.001;0.9;30;6;TRAIN;93.1;0.246471;2.576844
cuda;12000;100;CrossEntropyLoss();5093;7840;Tanh();0.001;0.9;30;6;VAL;92.8;0.255147;0.655657
cuda;48000;100;CrossEntropyLoss();5093;7840;Tanh();0.001;0.9;30;7;TRAIN;93.3;0.237661;2.401250
cuda;12000;100;CrossEntropyLoss();5093;7840;Tanh();0.001;0.9;30;7;VAL;93.0;0.250920;0.583675
cuda;48000;100;CrossEntropyLoss();5093;7840;Tanh();0.001;0.9;30;8;TRAIN;93.6;0.229690;2.401701
cuda;12000;100;CrossEntropyLoss();5093;7840;Tanh();0.001;0.9;30;8;VAL;93.1;0.243021;0.687030
cuda;48000;100;CrossEntropyLoss();5093;7840;Tanh();0.001;0.9;30;9;TRAIN;93.8;0.221641;2.498089
cuda;12000;100;CrossEntropyLoss();5093;7840;Tanh();0.001;0.9;30;9;VAL;93.3;0.237183;0.565216
cuda;48000;100;CrossEntropyLoss();5093;7840;Tanh();0.001;0.9;30;10;TRAIN;94.1;0.214106;2.401905
cuda;12000;100;CrossEntropyLoss();5093;7840;Tanh();0.001;0.9;30;10;VAL;93.4;0.229771;0.574386
cuda;48000;100;CrossEntropyLoss();5093;7840;Tanh();0.001;0.9;30;11;TRAIN;94.3;0.206972;2.684654
cuda;12000;100;CrossEntropyLoss();5093;7840;Tanh();0.001;0.9;30;11;VAL;93.7;0.223349;0.573704
cuda;48000;100;CrossEntropyLoss();5093;7840;Tanh();0.001;0.9;30;12;TRAIN;94.5;0.200296;2.392777
cuda;12000;100;CrossEntropyLoss();5093;7840;Tanh();0.001;0.9;30;12;VAL;93.8;0.218703;0.590047
cuda;48000;100;CrossEntropyLoss();5093;7840;Tanh();0.001;0.9;30;13;TRAIN;94.7;0.192966;2.773034
cuda;12000;100;CrossEntropyLoss();5093;7840;Tanh();0.001;0.9;30;13;VAL;94.1;0.211730;0.618336
cuda;48000;100;CrossEntropyLoss();5093;7840;Tanh();0.001;0.9;30;14;TRAIN;94.9;0.186094;2.341318
cuda;12000;100;CrossEntropyLoss();5093;7840;Tanh();0.001;0.9;30;14;VAL;94.2;0.205933;0.575186
cuda;48000;100;CrossEntropyLoss();5093;7840;Tanh();0.001;0.9;30;15;TRAIN;95.0;0.179928;2.564595
cuda;12000;100;CrossEntropyLoss();5093;7840;Tanh();0.001;0.9;30;15;VAL;94.4;0.199817;0.648413
cuda;48000;100;CrossEntropyLoss();5093;7840;Tanh();0.001;0.9;30;16;TRAIN;95.3;0.173408;2.433023
cuda;12000;100;CrossEntropyLoss();5093;7840;Tanh();0.001;0.9;30;16;VAL;94.5;0.194442;0.581094
cuda;48000;100;CrossEntropyLoss();5093;7840;Tanh();0.001;0.9;30;17;TRAIN;95.5;0.166875;2.366760
cuda;12000;100;CrossEntropyLoss();5093;7840;Tanh();0.001;0.9;30;17;VAL;94.7;0.190673;0.651932
cuda;48000;100;CrossEntropyLoss();5093;7840;Tanh();0.001;0.9;30;18;TRAIN;95.6;0.161610;2.612398
cuda;12000;100;CrossEntropyLoss();5093;7840;Tanh();0.001;0.9;30;18;VAL;94.7;0.185868;0.595548
cuda;48000;100;CrossEntropyLoss();5093;7840;Tanh();0.001;0.9;30;19;TRAIN;95.8;0.155803;2.371607
cuda;12000;100;CrossEntropyLoss();5093;7840;Tanh();0.001;0.9;30;19;VAL;94.8;0.180697;0.580694
cuda;48000;100;CrossEntropyLoss();5093;7840;Tanh();0.001;0.9;30;20;TRAIN;95.9;0.150135;2.727873
cuda;12000;100;CrossEntropyLoss();5093;7840;Tanh();0.001;0.9;30;20;VAL;95.1;0.175750;0.573650
cuda;48000;100;CrossEntropyLoss();5093;7840;Tanh();0.001;0.9;30;21;TRAIN;96.1;0.144989;2.367992
cuda;12000;100;CrossEntropyLoss();5093;7840;Tanh();0.001;0.9;30;21;VAL;95.2;0.170639;0.585330
cuda;48000;100;CrossEntropyLoss();5093;7840;Tanh();0.001;0.9;30;22;TRAIN;96.2;0.140081;2.595959
cuda;12000;100;CrossEntropyLoss();5093;7840;Tanh();0.001;0.9;30;22;VAL;95.3;0.167297;0.658183
cuda;48000;100;CrossEntropyLoss();5093;7840;Tanh();0.001;0.9;30;23;TRAIN;96.4;0.135305;2.463207
cuda;12000;100;CrossEntropyLoss();5093;7840;Tanh();0.001;0.9;30;23;VAL;95.5;0.161531;0.588824
cuda;48000;100;CrossEntropyLoss();5093;7840;Tanh();0.001;0.9;30;24;TRAIN;96.5;0.131196;2.390359
cuda;12000;100;CrossEntropyLoss();5093;7840;Tanh();0.001;0.9;30;24;VAL;95.6;0.158438;0.694700
cuda;48000;100;CrossEntropyLoss();5093;7840;Tanh();0.001;0.9;30;25;TRAIN;96.6;0.126379;2.471393
cuda;12000;100;CrossEntropyLoss();5093;7840;Tanh();0.001;0.9;30;25;VAL;95.5;0.155054;0.582354
cuda;48000;100;CrossEntropyLoss();5093;7840;Tanh();0.001;0.9;30;26;TRAIN;96.8;0.122342;2.381387
cuda;12000;100;CrossEntropyLoss();5093;7840;Tanh();0.001;0.9;30;26;VAL;95.7;0.150255;0.589093
cuda;48000;100;CrossEntropyLoss();5093;7840;Tanh();0.001;0.9;30;27;TRAIN;96.9;0.118399;2.677881
cuda;12000;100;CrossEntropyLoss();5093;7840;Tanh();0.001;0.9;30;27;VAL;95.9;0.148320;0.594821
cuda;48000;100;CrossEntropyLoss();5093;7840;Tanh();0.001;0.9;30;28;TRAIN;96.9;0.114766;2.362562
cuda;12000;100;CrossEntropyLoss();5093;7840;Tanh();0.001;0.9;30;28;VAL;95.9;0.145189;0.641416
cuda;48000;100;CrossEntropyLoss();5093;7840;Tanh();0.001;0.9;30;29;TRAIN;97.0;0.111034;2.693415
cuda;12000;100;CrossEntropyLoss();5093;7840;Tanh();0.001;0.9;30;29;VAL;95.8;0.143350;0.614726
cuda;48000;100;CrossEntropyLoss();5093;7840;Tanh();0.001;0.9;30;30;TRAIN;97.2;0.107801;2.367189
cuda;12000;100;CrossEntropyLoss();5093;7840;Tanh();0.001;0.9;30;30;VAL;95.9;0.139402;0.602106
cuda;48000;100;CrossEntropyLoss();5093;7840;Tanh();0.01;0.1;30;1;TRAIN;88.3;0.427399;2.550570
cuda;12000;100;CrossEntropyLoss();5093;7840;Tanh();0.01;0.1;30;1;VAL;91.0;0.322272;0.641842
cuda;48000;100;CrossEntropyLoss();5093;7840;Tanh();0.01;0.1;30;2;TRAIN;91.3;0.302823;2.428627
cuda;12000;100;CrossEntropyLoss();5093;7840;Tanh();0.01;0.1;30;2;VAL;91.5;0.293453;0.585086
cuda;48000;100;CrossEntropyLoss();5093;7840;Tanh();0.01;0.1;30;3;TRAIN;92.1;0.278822;2.452171
cuda;12000;100;CrossEntropyLoss();5093;7840;Tanh();0.01;0.1;30;3;VAL;92.0;0.278210;0.651977
cuda;48000;100;CrossEntropyLoss();5093;7840;Tanh();0.01;0.1;30;4;TRAIN;92.5;0.264414;2.570336
cuda;12000;100;CrossEntropyLoss();5093;7840;Tanh();0.01;0.1;30;4;VAL;92.4;0.268105;0.574457
cuda;48000;100;CrossEntropyLoss();5093;7840;Tanh();0.01;0.1;30;5;TRAIN;92.9;0.252433;2.379594
cuda;12000;100;CrossEntropyLoss();5093;7840;Tanh();0.01;0.1;30;5;VAL;92.6;0.260848;0.589539
cuda;48000;100;CrossEntropyLoss();5093;7840;Tanh();0.01;0.1;30;6;TRAIN;93.2;0.242212;2.756244
cuda;12000;100;CrossEntropyLoss();5093;7840;Tanh();0.01;0.1;30;6;VAL;92.7;0.252757;0.564563
cuda;48000;100;CrossEntropyLoss();5093;7840;Tanh();0.01;0.1;30;7;TRAIN;93.5;0.233275;2.392453
cuda;12000;100;CrossEntropyLoss();5093;7840;Tanh();0.01;0.1;30;7;VAL;93.1;0.245683;0.590213
cuda;48000;100;CrossEntropyLoss();5093;7840;Tanh();0.01;0.1;30;8;TRAIN;93.7;0.224581;2.650984
cuda;12000;100;CrossEntropyLoss();5093;7840;Tanh();0.01;0.1;30;8;VAL;93.3;0.238029;0.639958
cuda;48000;100;CrossEntropyLoss();5093;7840;Tanh();0.01;0.1;30;9;TRAIN;94.0;0.215922;2.354760
cuda;12000;100;CrossEntropyLoss();5093;7840;Tanh();0.01;0.1;30;9;VAL;93.5;0.230217;0.594906
cuda;48000;100;CrossEntropyLoss();5093;7840;Tanh();0.01;0.1;30;10;TRAIN;94.3;0.207994;2.492238
cuda;12000;100;CrossEntropyLoss();5093;7840;Tanh();0.01;0.1;30;10;VAL;93.7;0.221697;0.646376
cuda;48000;100;CrossEntropyLoss();5093;7840;Tanh();0.01;0.1;30;11;TRAIN;94.5;0.199825;2.505979
cuda;12000;100;CrossEntropyLoss();5093;7840;Tanh();0.01;0.1;30;11;VAL;93.7;0.218251;0.584682
cuda;48000;100;CrossEntropyLoss();5093;7840;Tanh();0.01;0.1;30;12;TRAIN;94.7;0.192019;2.417586
cuda;12000;100;CrossEntropyLoss();5093;7840;Tanh();0.01;0.1;30;12;VAL;94.0;0.211379;0.624221
cuda;48000;100;CrossEntropyLoss();5093;7840;Tanh();0.01;0.1;30;13;TRAIN;94.8;0.184948;2.625390
cuda;12000;100;CrossEntropyLoss();5093;7840;Tanh();0.01;0.1;30;13;VAL;94.2;0.205053;0.589248
cuda;48000;100;CrossEntropyLoss();5093;7840;Tanh();0.01;0.1;30;14;TRAIN;95.2;0.177250;2.353303
cuda;12000;100;CrossEntropyLoss();5093;7840;Tanh();0.01;0.1;30;14;VAL;94.4;0.197586;0.592960
cuda;48000;100;CrossEntropyLoss();5093;7840;Tanh();0.01;0.1;30;15;TRAIN;95.3;0.170792;2.690722
cuda;12000;100;CrossEntropyLoss();5093;7840;Tanh();0.01;0.1;30;15;VAL;94.7;0.191680;0.582827
cuda;48000;100;CrossEntropyLoss();5093;7840;Tanh();0.01;0.1;30;16;TRAIN;95.6;0.163743;2.378504
cuda;12000;100;CrossEntropyLoss();5093;7840;Tanh();0.01;0.1;30;16;VAL;94.5;0.188049;0.582974
cuda;48000;100;CrossEntropyLoss();5093;7840;Tanh();0.01;0.1;30;17;TRAIN;95.7;0.157468;2.601854
cuda;12000;100;CrossEntropyLoss();5093;7840;Tanh();0.01;0.1;30;17;VAL;94.9;0.181729;0.644928
cuda;48000;100;CrossEntropyLoss();5093;7840;Tanh();0.01;0.1;30;18;TRAIN;96.0;0.151251;2.386168
cuda;12000;100;CrossEntropyLoss();5093;7840;Tanh();0.01;0.1;30;18;VAL;95.2;0.175513;0.592710
cuda;48000;100;CrossEntropyLoss();5093;7840;Tanh();0.01;0.1;30;19;TRAIN;96.1;0.145190;2.375448
cuda;12000;100;CrossEntropyLoss();5093;7840;Tanh();0.01;0.1;30;19;VAL;95.2;0.170636;0.688076
cuda;48000;100;CrossEntropyLoss();5093;7840;Tanh();0.01;0.1;30;20;TRAIN;96.2;0.139954;2.559674
cuda;12000;100;CrossEntropyLoss();5093;7840;Tanh();0.01;0.1;30;20;VAL;95.1;0.168186;0.604281
cuda;48000;100;CrossEntropyLoss();5093;7840;Tanh();0.01;0.1;30;21;TRAIN;96.4;0.134782;2.402610
cuda;12000;100;CrossEntropyLoss();5093;7840;Tanh();0.01;0.1;30;21;VAL;95.5;0.160492;0.583392
cuda;48000;100;CrossEntropyLoss();5093;7840;Tanh();0.01;0.1;30;22;TRAIN;96.5;0.129715;2.802017
cuda;12000;100;CrossEntropyLoss();5093;7840;Tanh();0.01;0.1;30;22;VAL;95.5;0.158218;0.566355
cuda;48000;100;CrossEntropyLoss();5093;7840;Tanh();0.01;0.1;30;23;TRAIN;96.7;0.124948;2.343474
cuda;12000;100;CrossEntropyLoss();5093;7840;Tanh();0.01;0.1;30;23;VAL;95.5;0.156195;0.585203
cuda;48000;100;CrossEntropyLoss();5093;7840;Tanh();0.01;0.1;30;24;TRAIN;96.8;0.120262;2.664536
cuda;12000;100;CrossEntropyLoss();5093;7840;Tanh();0.01;0.1;30;24;VAL;95.8;0.148761;0.624645
cuda;48000;100;CrossEntropyLoss();5093;7840;Tanh();0.01;0.1;30;25;TRAIN;96.9;0.116042;2.383685
cuda;12000;100;CrossEntropyLoss();5093;7840;Tanh();0.01;0.1;30;25;VAL;95.9;0.146147;0.573216
cuda;48000;100;CrossEntropyLoss();5093;7840;Tanh();0.01;0.1;30;26;TRAIN;97.0;0.112080;2.499770
cuda;12000;100;CrossEntropyLoss();5093;7840;Tanh();0.01;0.1;30;26;VAL;95.9;0.143888;0.695342
cuda;48000;100;CrossEntropyLoss();5093;7840;Tanh();0.01;0.1;30;27;TRAIN;97.1;0.108407;2.476504
cuda;12000;100;CrossEntropyLoss();5093;7840;Tanh();0.01;0.1;30;27;VAL;95.9;0.141236;0.591560
cuda;48000;100;CrossEntropyLoss();5093;7840;Tanh();0.01;0.1;30;28;TRAIN;97.2;0.104684;2.371182
cuda;12000;100;CrossEntropyLoss();5093;7840;Tanh();0.01;0.1;30;28;VAL;96.2;0.137099;0.634973
cuda;48000;100;CrossEntropyLoss();5093;7840;Tanh();0.01;0.1;30;29;TRAIN;97.3;0.101125;2.595962
cuda;12000;100;CrossEntropyLoss();5093;7840;Tanh();0.01;0.1;30;29;VAL;96.2;0.134902;0.587345
cuda;48000;100;CrossEntropyLoss();5093;7840;Tanh();0.01;0.1;30;30;TRAIN;97.5;0.097784;2.382486
cuda;12000;100;CrossEntropyLoss();5093;7840;Tanh();0.01;0.1;30;30;VAL;96.3;0.131520;0.575518
cuda;48000;100;CrossEntropyLoss();5093;7840;Tanh();0.01;0.5;30;1;TRAIN;89.3;0.381540;2.695006
cuda;12000;100;CrossEntropyLoss();5093;7840;Tanh();0.01;0.5;30;1;VAL;91.2;0.301270;0.579096
cuda;48000;100;CrossEntropyLoss();5093;7840;Tanh();0.01;0.5;30;2;TRAIN;91.9;0.283821;2.424472
cuda;12000;100;CrossEntropyLoss();5093;7840;Tanh();0.01;0.5;30;2;VAL;92.2;0.273953;0.590701
cuda;48000;100;CrossEntropyLoss();5093;7840;Tanh();0.01;0.5;30;3;TRAIN;92.7;0.259049;2.591229
cuda;12000;100;CrossEntropyLoss();5093;7840;Tanh();0.01;0.5;30;3;VAL;92.5;0.261089;0.659634
cuda;48000;100;CrossEntropyLoss();5093;7840;Tanh();0.01;0.5;30;4;TRAIN;93.2;0.241925;2.358353
cuda;12000;100;CrossEntropyLoss();5093;7840;Tanh();0.01;0.5;30;4;VAL;92.8;0.245275;0.563426
cuda;48000;100;CrossEntropyLoss();5093;7840;Tanh();0.01;0.5;30;5;TRAIN;93.6;0.226600;2.465898
cuda;12000;100;CrossEntropyLoss();5093;7840;Tanh();0.01;0.5;30;5;VAL;93.2;0.236456;0.734172
cuda;48000;100;CrossEntropyLoss();5093;7840;Tanh();0.01;0.5;30;6;TRAIN;94.2;0.211477;2.615743
cuda;12000;100;CrossEntropyLoss();5093;7840;Tanh();0.01;0.5;30;6;VAL;93.6;0.222095;0.570624
cuda;48000;100;CrossEntropyLoss();5093;7840;Tanh();0.01;0.5;30;7;TRAIN;94.5;0.197650;2.370100
cuda;12000;100;CrossEntropyLoss();5093;7840;Tanh();0.01;0.5;30;7;VAL;94.0;0.209364;0.594811
cuda;48000;100;CrossEntropyLoss();5093;7840;Tanh();0.01;0.5;30;8;TRAIN;94.9;0.184370;2.654282
cuda;12000;100;CrossEntropyLoss();5093;7840;Tanh();0.01;0.5;30;8;VAL;94.3;0.199106;0.575549
cuda;48000;100;CrossEntropyLoss();5093;7840;Tanh();0.01;0.5;30;9;TRAIN;95.3;0.171673;2.332058
cuda;12000;100;CrossEntropyLoss();5093;7840;Tanh();0.01;0.5;30;9;VAL;94.7;0.186648;0.593127
cuda;48000;100;CrossEntropyLoss();5093;7840;Tanh();0.01;0.5;30;10;TRAIN;95.5;0.160627;2.682897
cuda;12000;100;CrossEntropyLoss();5093;7840;Tanh();0.01;0.5;30;10;VAL;94.8;0.181402;0.602990
cuda;48000;100;CrossEntropyLoss();5093;7840;Tanh();0.01;0.5;30;11;TRAIN;95.9;0.149737;2.361210
cuda;12000;100;CrossEntropyLoss();5093;7840;Tanh();0.01;0.5;30;11;VAL;95.3;0.169969;0.595960
cuda;48000;100;CrossEntropyLoss();5093;7840;Tanh();0.01;0.5;30;12;TRAIN;96.2;0.139420;2.492597
cuda;12000;100;CrossEntropyLoss();5093;7840;Tanh();0.01;0.5;30;12;VAL;95.3;0.161114;0.697202
cuda;48000;100;CrossEntropyLoss();5093;7840;Tanh();0.01;0.5;30;13;TRAIN;96.4;0.130802;2.447412
cuda;12000;100;CrossEntropyLoss();5093;7840;Tanh();0.01;0.5;30;13;VAL;95.6;0.153460;0.590295
cuda;48000;100;CrossEntropyLoss();5093;7840;Tanh();0.01;0.5;30;14;TRAIN;96.6;0.122681;2.357674
cuda;12000;100;CrossEntropyLoss();5093;7840;Tanh();0.01;0.5;30;14;VAL;95.7;0.146583;0.659816
cuda;48000;100;CrossEntropyLoss();5093;7840;Tanh();0.01;0.5;30;15;TRAIN;96.9;0.114978;2.616015
cuda;12000;100;CrossEntropyLoss();5093;7840;Tanh();0.01;0.5;30;15;VAL;95.8;0.142683;0.585800
cuda;48000;100;CrossEntropyLoss();5093;7840;Tanh();0.01;0.5;30;16;TRAIN;97.1;0.108184;2.361135
cuda;12000;100;CrossEntropyLoss();5093;7840;Tanh();0.01;0.5;30;16;VAL;96.1;0.137743;0.559733
cuda;48000;100;CrossEntropyLoss();5093;7840;Tanh();0.01;0.5;30;17;TRAIN;97.3;0.101928;2.696345
cuda;12000;100;CrossEntropyLoss();5093;7840;Tanh();0.01;0.5;30;17;VAL;96.1;0.136253;0.595649
cuda;48000;100;CrossEntropyLoss();5093;7840;Tanh();0.01;0.5;30;18;TRAIN;97.4;0.096510;2.399001
cuda;12000;100;CrossEntropyLoss();5093;7840;Tanh();0.01;0.5;30;18;VAL;96.3;0.129872;0.606044
cuda;48000;100;CrossEntropyLoss();5093;7840;Tanh();0.01;0.5;30;19;TRAIN;97.6;0.091174;2.660626
cuda;12000;100;CrossEntropyLoss();5093;7840;Tanh();0.01;0.5;30;19;VAL;96.4;0.124847;0.655210
cuda;48000;100;CrossEntropyLoss();5093;7840;Tanh();0.01;0.5;30;20;TRAIN;97.7;0.085968;2.365535
cuda;12000;100;CrossEntropyLoss();5093;7840;Tanh();0.01;0.5;30;20;VAL;96.6;0.117800;0.608204
cuda;48000;100;CrossEntropyLoss();5093;7840;Tanh();0.01;0.5;30;21;TRAIN;97.9;0.081457;2.541539
cuda;12000;100;CrossEntropyLoss();5093;7840;Tanh();0.01;0.5;30;21;VAL;96.4;0.120351;0.719231
cuda;48000;100;CrossEntropyLoss();5093;7840;Tanh();0.01;0.5;30;22;TRAIN;97.9;0.077228;2.443317
cuda;12000;100;CrossEntropyLoss();5093;7840;Tanh();0.01;0.5;30;22;VAL;96.7;0.113548;0.592844
cuda;48000;100;CrossEntropyLoss();5093;7840;Tanh();0.01;0.5;30;23;TRAIN;98.2;0.073306;2.370025
cuda;12000;100;CrossEntropyLoss();5093;7840;Tanh();0.01;0.5;30;23;VAL;96.7;0.114350;0.659285
cuda;48000;100;CrossEntropyLoss();5093;7840;Tanh();0.01;0.5;30;24;TRAIN;98.2;0.070039;2.591485
cuda;12000;100;CrossEntropyLoss();5093;7840;Tanh();0.01;0.5;30;24;VAL;96.8;0.107030;0.567480
cuda;48000;100;CrossEntropyLoss();5093;7840;Tanh();0.01;0.5;30;25;TRAIN;98.3;0.066434;2.381604
cuda;12000;100;CrossEntropyLoss();5093;7840;Tanh();0.01;0.5;30;25;VAL;96.9;0.105796;0.598987
cuda;48000;100;CrossEntropyLoss();5093;7840;Tanh();0.01;0.5;30;26;TRAIN;98.4;0.063186;2.714276
cuda;12000;100;CrossEntropyLoss();5093;7840;Tanh();0.01;0.5;30;26;VAL;97.0;0.102318;0.603443
cuda;48000;100;CrossEntropyLoss();5093;7840;Tanh();0.01;0.5;30;27;TRAIN;98.5;0.060054;2.371886
cuda;12000;100;CrossEntropyLoss();5093;7840;Tanh();0.01;0.5;30;27;VAL;97.0;0.099935;0.607139
cuda;48000;100;CrossEntropyLoss();5093;7840;Tanh();0.01;0.5;30;28;TRAIN;98.6;0.057408;2.589366
cuda;12000;100;CrossEntropyLoss();5093;7840;Tanh();0.01;0.5;30;28;VAL;97.0;0.100290;0.668479
cuda;48000;100;CrossEntropyLoss();5093;7840;Tanh();0.01;0.5;30;29;TRAIN;98.6;0.055060;2.331077
cuda;12000;100;CrossEntropyLoss();5093;7840;Tanh();0.01;0.5;30;29;VAL;97.0;0.096776;0.580916
cuda;48000;100;CrossEntropyLoss();5093;7840;Tanh();0.01;0.5;30;30;TRAIN;98.7;0.052431;2.365719
cuda;12000;100;CrossEntropyLoss();5093;7840;Tanh();0.01;0.5;30;30;VAL;97.1;0.097038;0.669742
cuda;48000;100;CrossEntropyLoss();5093;7840;Tanh();0.01;0.9;30;1;TRAIN;89.5;0.363927;2.623483
cuda;12000;100;CrossEntropyLoss();5093;7840;Tanh();0.01;0.9;30;1;VAL;91.5;0.297236;0.572685
cuda;48000;100;CrossEntropyLoss();5093;7840;Tanh();0.01;0.9;30;2;TRAIN;92.7;0.251163;2.405323
cuda;12000;100;CrossEntropyLoss();5093;7840;Tanh();0.01;0.9;30;2;VAL;93.0;0.239281;0.614360
cuda;48000;100;CrossEntropyLoss();5093;7840;Tanh();0.01;0.9;30;3;TRAIN;94.3;0.192868;2.704363
cuda;12000;100;CrossEntropyLoss();5093;7840;Tanh();0.01;0.9;30;3;VAL;94.5;0.188785;0.601063
cuda;48000;100;CrossEntropyLoss();5093;7840;Tanh();0.01;0.9;30;4;TRAIN;95.8;0.142286;2.363048
cuda;12000;100;CrossEntropyLoss();5093;7840;Tanh();0.01;0.9;30;4;VAL;95.2;0.156976;0.573747
cuda;48000;100;CrossEntropyLoss();5093;7840;Tanh();0.01;0.9;30;5;TRAIN;96.7;0.112483;2.607294
cuda;12000;100;CrossEntropyLoss();5093;7840;Tanh();0.01;0.9;30;5;VAL;96.1;0.129204;0.614864
cuda;48000;100;CrossEntropyLoss();5093;7840;Tanh();0.01;0.9;30;6;TRAIN;97.3;0.089931;2.357220
cuda;12000;100;CrossEntropyLoss();5093;7840;Tanh();0.01;0.9;30;6;VAL;96.4;0.121353;0.594752
cuda;48000;100;CrossEntropyLoss();5093;7840;Tanh();0.01;0.9;30;7;TRAIN;97.8;0.072951;2.511995
cuda;12000;100;CrossEntropyLoss();5093;7840;Tanh();0.01;0.9;30;7;VAL;96.8;0.110828;0.655658
cuda;48000;100;CrossEntropyLoss();5093;7840;Tanh();0.01;0.9;30;8;TRAIN;98.1;0.061006;2.431462
cuda;12000;100;CrossEntropyLoss();5093;7840;Tanh();0.01;0.9;30;8;VAL;97.2;0.094933;0.588057
cuda;48000;100;CrossEntropyLoss();5093;7840;Tanh();0.01;0.9;30;9;TRAIN;98.5;0.050491;2.354516
cuda;12000;100;CrossEntropyLoss();5093;7840;Tanh();0.01;0.9;30;9;VAL;97.1;0.093184;0.662503
cuda;48000;100;CrossEntropyLoss();5093;7840;Tanh();0.01;0.9;30;10;TRAIN;98.8;0.041222;2.628954
cuda;12000;100;CrossEntropyLoss();5093;7840;Tanh();0.01;0.9;30;10;VAL;97.3;0.086654;0.616321
cuda;48000;100;CrossEntropyLoss();5093;7840;Tanh();0.01;0.9;30;11;TRAIN;99.0;0.034867;2.350767
cuda;12000;100;CrossEntropyLoss();5093;7840;Tanh();0.01;0.9;30;11;VAL;97.3;0.088249;0.605779
cuda;48000;100;CrossEntropyLoss();5093;7840;Tanh();0.01;0.9;30;12;TRAIN;99.2;0.028839;2.700299
cuda;12000;100;CrossEntropyLoss();5093;7840;Tanh();0.01;0.9;30;12;VAL;97.2;0.089874;0.597021
cuda;48000;100;CrossEntropyLoss();5093;7840;Tanh();0.01;0.9;30;13;TRAIN;99.4;0.024035;2.371694
cuda;12000;100;CrossEntropyLoss();5093;7840;Tanh();0.01;0.9;30;13;VAL;97.4;0.083292;0.574186
cuda;48000;100;CrossEntropyLoss();5093;7840;Tanh();0.01;0.9;30;14;TRAIN;99.5;0.019699;2.660227
cuda;12000;100;CrossEntropyLoss();5093;7840;Tanh();0.01;0.9;30;14;VAL;97.5;0.079350;0.643672
cuda;48000;100;CrossEntropyLoss();5093;7840;Tanh();0.01;0.9;30;15;TRAIN;99.6;0.017908;2.363986
cuda;12000;100;CrossEntropyLoss();5093;7840;Tanh();0.01;0.9;30;15;VAL;97.8;0.075685;0.571773
cuda;48000;100;CrossEntropyLoss();5093;7840;Tanh();0.01;0.9;30;16;TRAIN;99.7;0.013878;2.386712
cuda;12000;100;CrossEntropyLoss();5093;7840;Tanh();0.01;0.9;30;16;VAL;97.6;0.079630;0.701437
cuda;48000;100;CrossEntropyLoss();5093;7840;Tanh();0.01;0.9;30;17;TRAIN;99.8;0.012688;2.506174
cuda;12000;100;CrossEntropyLoss();5093;7840;Tanh();0.01;0.9;30;17;VAL;97.9;0.073254;0.573207
cuda;48000;100;CrossEntropyLoss();5093;7840;Tanh();0.01;0.9;30;18;TRAIN;99.8;0.011061;2.356871
cuda;12000;100;CrossEntropyLoss();5093;7840;Tanh();0.01;0.9;30;18;VAL;97.8;0.072059;0.592072
cuda;48000;100;CrossEntropyLoss();5093;7840;Tanh();0.01;0.9;30;19;TRAIN;99.9;0.008927;2.674044
cuda;12000;100;CrossEntropyLoss();5093;7840;Tanh();0.01;0.9;30;19;VAL;97.8;0.074652;0.577263
cuda;48000;100;CrossEntropyLoss();5093;7840;Tanh();0.01;0.9;30;20;TRAIN;99.9;0.008078;2.411019
cuda;12000;100;CrossEntropyLoss();5093;7840;Tanh();0.01;0.9;30;20;VAL;97.8;0.072754;0.574091
cuda;48000;100;CrossEntropyLoss();5093;7840;Tanh();0.01;0.9;30;21;TRAIN;99.9;0.007432;2.604560
cuda;12000;100;CrossEntropyLoss();5093;7840;Tanh();0.01;0.9;30;21;VAL;97.8;0.071057;0.629273
cuda;48000;100;CrossEntropyLoss();5093;7840;Tanh();0.01;0.9;30;22;TRAIN;100.0;0.006010;2.356741
cuda;12000;100;CrossEntropyLoss();5093;7840;Tanh();0.01;0.9;30;22;VAL;97.9;0.072134;0.598733
cuda;48000;100;CrossEntropyLoss();5093;7840;Tanh();0.01;0.9;30;23;TRAIN;100.0;0.005515;2.475978
cuda;12000;100;CrossEntropyLoss();5093;7840;Tanh();0.01;0.9;30;23;VAL;97.9;0.072077;0.674587
cuda;48000;100;CrossEntropyLoss();5093;7840;Tanh();0.01;0.9;30;24;TRAIN;100.0;0.004948;2.472133
cuda;12000;100;CrossEntropyLoss();5093;7840;Tanh();0.01;0.9;30;24;VAL;97.9;0.072053;0.581662
cuda;48000;100;CrossEntropyLoss();5093;7840;Tanh();0.01;0.9;30;25;TRAIN;100.0;0.004635;2.343987
cuda;12000;100;CrossEntropyLoss();5093;7840;Tanh();0.01;0.9;30;25;VAL;97.9;0.073033;0.657312
cuda;48000;100;CrossEntropyLoss();5093;7840;Tanh();0.01;0.9;30;26;TRAIN;100.0;0.004247;2.623601
cuda;12000;100;CrossEntropyLoss();5093;7840;Tanh();0.01;0.9;30;26;VAL;97.9;0.073317;0.576557
cuda;48000;100;CrossEntropyLoss();5093;7840;Tanh();0.01;0.9;30;27;TRAIN;100.0;0.004041;2.376742
cuda;12000;100;CrossEntropyLoss();5093;7840;Tanh();0.01;0.9;30;27;VAL;98.0;0.071501;0.601721
cuda;48000;100;CrossEntropyLoss();5093;7840;Tanh();0.01;0.9;30;28;TRAIN;100.0;0.003629;2.718130
cuda;12000;100;CrossEntropyLoss();5093;7840;Tanh();0.01;0.9;30;28;VAL;98.0;0.070844;0.584986
cuda;48000;100;CrossEntropyLoss();5093;7840;Tanh();0.01;0.9;30;29;TRAIN;100.0;0.003395;2.367059
cuda;12000;100;CrossEntropyLoss();5093;7840;Tanh();0.01;0.9;30;29;VAL;98.0;0.070058;0.582263
cuda;48000;100;CrossEntropyLoss();5093;7840;Tanh();0.01;0.9;30;30;TRAIN;100.0;0.003216;2.665564
cuda;12000;100;CrossEntropyLoss();5093;7840;Tanh();0.01;0.9;30;30;VAL;98.0;0.070470;0.665067
cuda;48000;100;CrossEntropyLoss();5093;7840;Tanh();0.1;0.1;30;1;TRAIN;89.0;0.379419;2.342455
cuda;12000;100;CrossEntropyLoss();5093;7840;Tanh();0.1;0.1;30;1;VAL;90.9;0.329358;0.571737
cuda;48000;100;CrossEntropyLoss();5093;7840;Tanh();0.1;0.1;30;2;TRAIN;92.2;0.272450;2.426170
cuda;12000;100;CrossEntropyLoss();5093;7840;Tanh();0.1;0.1;30;2;VAL;93.3;0.238106;0.687654
cuda;48000;100;CrossEntropyLoss();5093;7840;Tanh();0.1;0.1;30;3;TRAIN;94.1;0.204243;2.471167
cuda;12000;100;CrossEntropyLoss();5093;7840;Tanh();0.1;0.1;30;3;VAL;94.6;0.192188;0.601131
cuda;48000;100;CrossEntropyLoss();5093;7840;Tanh();0.1;0.1;30;4;TRAIN;95.4;0.152957;2.371392
cuda;12000;100;CrossEntropyLoss();5093;7840;Tanh();0.1;0.1;30;4;VAL;94.4;0.197267;0.577329
cuda;48000;100;CrossEntropyLoss();5093;7840;Tanh();0.1;0.1;30;5;TRAIN;96.5;0.118955;2.699393
cuda;12000;100;CrossEntropyLoss();5093;7840;Tanh();0.1;0.1;30;5;VAL;96.0;0.126667;0.583888
cuda;48000;100;CrossEntropyLoss();5093;7840;Tanh();0.1;0.1;30;6;TRAIN;97.2;0.093191;2.371792
cuda;12000;100;CrossEntropyLoss();5093;7840;Tanh();0.1;0.1;30;6;VAL;95.6;0.140633;0.567305
cuda;48000;100;CrossEntropyLoss();5093;7840;Tanh();0.1;0.1;30;7;TRAIN;97.6;0.075119;2.647155
cuda;12000;100;CrossEntropyLoss();5093;7840;Tanh();0.1;0.1;30;7;VAL;96.6;0.110771;0.622805
cuda;48000;100;CrossEntropyLoss();5093;7840;Tanh();0.1;0.1;30;8;TRAIN;98.1;0.060700;2.346038
cuda;12000;100;CrossEntropyLoss();5093;7840;Tanh();0.1;0.1;30;8;VAL;96.7;0.104322;0.594354
cuda;48000;100;CrossEntropyLoss();5093;7840;Tanh();0.1;0.1;30;9;TRAIN;98.5;0.051458;2.459328
cuda;12000;100;CrossEntropyLoss();5093;7840;Tanh();0.1;0.1;30;9;VAL;96.2;0.117390;0.747835
cuda;48000;100;CrossEntropyLoss();5093;7840;Tanh();0.1;0.1;30;10;TRAIN;98.9;0.040194;2.463409
cuda;12000;100;CrossEntropyLoss();5093;7840;Tanh();0.1;0.1;30;10;VAL;97.1;0.094115;0.591128
cuda;48000;100;CrossEntropyLoss();5093;7840;Tanh();0.1;0.1;30;11;TRAIN;99.1;0.032313;2.370176
cuda;12000;100;CrossEntropyLoss();5093;7840;Tanh();0.1;0.1;30;11;VAL;97.2;0.091601;0.677592
cuda;48000;100;CrossEntropyLoss();5093;7840;Tanh();0.1;0.1;30;12;TRAIN;99.3;0.026982;2.741778
cuda;12000;100;CrossEntropyLoss();5093;7840;Tanh();0.1;0.1;30;12;VAL;97.4;0.085190;0.602147
cuda;48000;100;CrossEntropyLoss();5093;7840;Tanh();0.1;0.1;30;13;TRAIN;99.4;0.022064;2.474062
cuda;12000;100;CrossEntropyLoss();5093;7840;Tanh();0.1;0.1;30;13;VAL;97.6;0.079549;0.583112
cuda;48000;100;CrossEntropyLoss();5093;7840;Tanh();0.1;0.1;30;14;TRAIN;99.6;0.017919;2.707453
cuda;12000;100;CrossEntropyLoss();5093;7840;Tanh();0.1;0.1;30;14;VAL;97.6;0.074204;0.575776
cuda;48000;100;CrossEntropyLoss();5093;7840;Tanh();0.1;0.1;30;15;TRAIN;99.7;0.014293;2.409488
cuda;12000;100;CrossEntropyLoss();5093;7840;Tanh();0.1;0.1;30;15;VAL;97.7;0.073839;0.603187
cuda;48000;100;CrossEntropyLoss();5093;7840;Tanh();0.1;0.1;30;16;TRAIN;99.8;0.012627;2.649036
cuda;12000;100;CrossEntropyLoss();5093;7840;Tanh();0.1;0.1;30;16;VAL;97.5;0.080238;0.650427
cuda;48000;100;CrossEntropyLoss();5093;7840;Tanh();0.1;0.1;30;17;TRAIN;99.8;0.010618;2.357862
cuda;12000;100;CrossEntropyLoss();5093;7840;Tanh();0.1;0.1;30;17;VAL;97.7;0.075234;0.579089
cuda;48000;100;CrossEntropyLoss();5093;7840;Tanh();0.1;0.1;30;18;TRAIN;99.9;0.009002;2.492573
cuda;12000;100;CrossEntropyLoss();5093;7840;Tanh();0.1;0.1;30;18;VAL;97.7;0.074105;0.685582
cuda;48000;100;CrossEntropyLoss();5093;7840;Tanh();0.1;0.1;30;19;TRAIN;99.9;0.007473;2.514266
cuda;12000;100;CrossEntropyLoss();5093;7840;Tanh();0.1;0.1;30;19;VAL;97.8;0.072969;0.573034
cuda;48000;100;CrossEntropyLoss();5093;7840;Tanh();0.1;0.1;30;20;TRAIN;99.9;0.006608;2.353242
cuda;12000;100;CrossEntropyLoss();5093;7840;Tanh();0.1;0.1;30;20;VAL;97.9;0.071613;0.641198
cuda;48000;100;CrossEntropyLoss();5093;7840;Tanh();0.1;0.1;30;21;TRAIN;99.9;0.006186;2.607039
cuda;12000;100;CrossEntropyLoss();5093;7840;Tanh();0.1;0.1;30;21;VAL;97.9;0.071149;0.590747
cuda;48000;100;CrossEntropyLoss();5093;7840;Tanh();0.1;0.1;30;22;TRAIN;100.0;0.005242;2.351407
cuda;12000;100;CrossEntropyLoss();5093;7840;Tanh();0.1;0.1;30;22;VAL;97.9;0.070913;0.603758
cuda;48000;100;CrossEntropyLoss();5093;7840;Tanh();0.1;0.1;30;23;TRAIN;100.0;0.004512;2.719434
cuda;12000;100;CrossEntropyLoss();5093;7840;Tanh();0.1;0.1;30;23;VAL;98.0;0.069254;0.580050
cuda;48000;100;CrossEntropyLoss();5093;7840;Tanh();0.1;0.1;30;24;TRAIN;100.0;0.004225;2.357041
cuda;12000;100;CrossEntropyLoss();5093;7840;Tanh();0.1;0.1;30;24;VAL;98.0;0.071238;0.564228
cuda;48000;100;CrossEntropyLoss();5093;7840;Tanh();0.1;0.1;30;25;TRAIN;100.0;0.003854;2.613019
cuda;12000;100;CrossEntropyLoss();5093;7840;Tanh();0.1;0.1;30;25;VAL;98.0;0.071152;0.620371
cuda;48000;100;CrossEntropyLoss();5093;7840;Tanh();0.1;0.1;30;26;TRAIN;100.0;0.003513;2.387216
cuda;12000;100;CrossEntropyLoss();5093;7840;Tanh();0.1;0.1;30;26;VAL;98.0;0.070401;0.568929
cuda;48000;100;CrossEntropyLoss();5093;7840;Tanh();0.1;0.1;30;27;TRAIN;100.0;0.003269;2.401854
cuda;12000;100;CrossEntropyLoss();5093;7840;Tanh();0.1;0.1;30;27;VAL;98.0;0.070464;0.652167
cuda;48000;100;CrossEntropyLoss();5093;7840;Tanh();0.1;0.1;30;28;TRAIN;100.0;0.003045;2.521107
cuda;12000;100;CrossEntropyLoss();5093;7840;Tanh();0.1;0.1;30;28;VAL;98.0;0.071318;0.589207
cuda;48000;100;CrossEntropyLoss();5093;7840;Tanh();0.1;0.1;30;29;TRAIN;100.0;0.002890;2.434893
cuda;12000;100;CrossEntropyLoss();5093;7840;Tanh();0.1;0.1;30;29;VAL;97.9;0.071863;0.574048
cuda;48000;100;CrossEntropyLoss();5093;7840;Tanh();0.1;0.1;30;30;TRAIN;100.0;0.002665;2.669117
cuda;12000;100;CrossEntropyLoss();5093;7840;Tanh();0.1;0.1;30;30;VAL;98.0;0.070674;0.577469
cuda;48000;100;CrossEntropyLoss();5093;7840;Tanh();0.1;0.5;30;1;TRAIN;88.5;0.432662;2.364834
cuda;12000;100;CrossEntropyLoss();5093;7840;Tanh();0.1;0.5;30;1;VAL;91.5;0.313915;0.596300
cuda;48000;100;CrossEntropyLoss();5093;7840;Tanh();0.1;0.5;30;2;TRAIN;92.3;0.278609;2.640408
cuda;12000;100;CrossEntropyLoss();5093;7840;Tanh();0.1;0.5;30;2;VAL;93.5;0.240463;0.659475
cuda;48000;100;CrossEntropyLoss();5093;7840;Tanh();0.1;0.5;30;3;TRAIN;94.8;0.176481;2.340578
cuda;12000;100;CrossEntropyLoss();5093;7840;Tanh();0.1;0.5;30;3;VAL;95.2;0.173086;0.567415
cuda;48000;100;CrossEntropyLoss();5093;7840;Tanh();0.1;0.5;30;4;TRAIN;96.4;0.119728;2.458756
cuda;12000;100;CrossEntropyLoss();5093;7840;Tanh();0.1;0.5;30;4;VAL;96.0;0.137851;0.711266
cuda;48000;100;CrossEntropyLoss();5093;7840;Tanh();0.1;0.5;30;5;TRAIN;97.4;0.088070;2.483873
cuda;12000;100;CrossEntropyLoss();5093;7840;Tanh();0.1;0.5;30;5;VAL;95.7;0.150456;0.594837
cuda;48000;100;CrossEntropyLoss();5093;7840;Tanh();0.1;0.5;30;6;TRAIN;98.0;0.062863;2.365488
cuda;12000;100;CrossEntropyLoss();5093;7840;Tanh();0.1;0.5;30;6;VAL;96.9;0.108216;0.665838
cuda;48000;100;CrossEntropyLoss();5093;7840;Tanh();0.1;0.5;30;7;TRAIN;98.4;0.048570;2.662045
cuda;12000;100;CrossEntropyLoss();5093;7840;Tanh();0.1;0.5;30;7;VAL;97.0;0.100917;0.587562
cuda;48000;100;CrossEntropyLoss();5093;7840;Tanh();0.1;0.5;30;8;TRAIN;98.9;0.034468;2.324902
cuda;12000;100;CrossEntropyLoss();5093;7840;Tanh();0.1;0.5;30;8;VAL;97.0;0.102762;0.609420
cuda;48000;100;CrossEntropyLoss();5093;7840;Tanh();0.1;0.5;30;9;TRAIN;99.1;0.027043;2.706102
cuda;12000;100;CrossEntropyLoss();5093;7840;Tanh();0.1;0.5;30;9;VAL;97.4;0.085677;0.593360
cuda;48000;100;CrossEntropyLoss();5093;7840;Tanh();0.1;0.5;30;10;TRAIN;99.5;0.016431;2.354483
cuda;12000;100;CrossEntropyLoss();5093;7840;Tanh();0.1;0.5;30;10;VAL;97.8;0.075642;0.580301
cuda;48000;100;CrossEntropyLoss();5093;7840;Tanh();0.1;0.5;30;11;TRAIN;99.7;0.011957;2.559793
cuda;12000;100;CrossEntropyLoss();5093;7840;Tanh();0.1;0.5;30;11;VAL;97.8;0.077107;0.631882
cuda;48000;100;CrossEntropyLoss();5093;7840;Tanh();0.1;0.5;30;12;TRAIN;99.8;0.008425;2.381284
cuda;12000;100;CrossEntropyLoss();5093;7840;Tanh();0.1;0.5;30;12;VAL;97.8;0.076457;0.572182
cuda;48000;100;CrossEntropyLoss();5093;7840;Tanh();0.1;0.5;30;13;TRAIN;99.9;0.006033;2.396494
cuda;12000;100;CrossEntropyLoss();5093;7840;Tanh();0.1;0.5;30;13;VAL;97.9;0.073434;0.651707
cuda;48000;100;CrossEntropyLoss();5093;7840;Tanh();0.1;0.5;30;14;TRAIN;99.9;0.004490;2.563875
cuda;12000;100;CrossEntropyLoss();5093;7840;Tanh();0.1;0.5;30;14;VAL;98.1;0.067419;0.609646
cuda;48000;100;CrossEntropyLoss();5093;7840;Tanh();0.1;0.5;30;15;TRAIN;100.0;0.003336;2.358432
cuda;12000;100;CrossEntropyLoss();5093;7840;Tanh();0.1;0.5;30;15;VAL;98.1;0.066918;0.584794
cuda;48000;100;CrossEntropyLoss();5093;7840;Tanh();0.1;0.5;30;16;TRAIN;100.0;0.002711;2.690291
cuda;12000;100;CrossEntropyLoss();5093;7840;Tanh();0.1;0.5;30;16;VAL;98.1;0.067834;0.586056
cuda;48000;100;CrossEntropyLoss();5093;7840;Tanh();0.1;0.5;30;17;TRAIN;100.0;0.002387;2.416063
cuda;12000;100;CrossEntropyLoss();5093;7840;Tanh();0.1;0.5;30;17;VAL;98.2;0.066654;0.595846
cuda;48000;100;CrossEntropyLoss();5093;7840;Tanh();0.1;0.5;30;18;TRAIN;100.0;0.002048;2.783200
cuda;12000;100;CrossEntropyLoss();5093;7840;Tanh();0.1;0.5;30;18;VAL;98.1;0.067896;0.640507
cuda;48000;100;CrossEntropyLoss();5093;7840;Tanh();0.1;0.5;30;19;TRAIN;100.0;0.001867;2.373895
cuda;12000;100;CrossEntropyLoss();5093;7840;Tanh();0.1;0.5;30;19;VAL;98.1;0.066966;0.604905
cuda;48000;100;CrossEntropyLoss();5093;7840;Tanh();0.1;0.5;30;20;TRAIN;100.0;0.001669;2.526437
cuda;12000;100;CrossEntropyLoss();5093;7840;Tanh();0.1;0.5;30;20;VAL;98.2;0.068003;0.656445
cuda;48000;100;CrossEntropyLoss();5093;7840;Tanh();0.1;0.5;30;21;TRAIN;100.0;0.001567;2.403322
cuda;12000;100;CrossEntropyLoss();5093;7840;Tanh();0.1;0.5;30;21;VAL;98.2;0.067519;0.569519
cuda;48000;100;CrossEntropyLoss();5093;7840;Tanh();0.1;0.5;30;22;TRAIN;100.0;0.001434;2.363389
cuda;12000;100;CrossEntropyLoss();5093;7840;Tanh();0.1;0.5;30;22;VAL;98.1;0.067919;0.641430
cuda;48000;100;CrossEntropyLoss();5093;7840;Tanh();0.1;0.5;30;23;TRAIN;100.0;0.001374;2.632655
cuda;12000;100;CrossEntropyLoss();5093;7840;Tanh();0.1;0.5;30;23;VAL;98.1;0.067322;0.604347
cuda;48000;100;CrossEntropyLoss();5093;7840;Tanh();0.1;0.5;30;24;TRAIN;100.0;0.001280;2.322428
cuda;12000;100;CrossEntropyLoss();5093;7840;Tanh();0.1;0.5;30;24;VAL;98.2;0.068177;0.579087
cuda;48000;100;CrossEntropyLoss();5093;7840;Tanh();0.1;0.5;30;25;TRAIN;100.0;0.001208;2.691555
cuda;12000;100;CrossEntropyLoss();5093;7840;Tanh();0.1;0.5;30;25;VAL;98.2;0.067650;0.581709
cuda;48000;100;CrossEntropyLoss();5093;7840;Tanh();0.1;0.5;30;26;TRAIN;100.0;0.001152;2.373223
cuda;12000;100;CrossEntropyLoss();5093;7840;Tanh();0.1;0.5;30;26;VAL;98.2;0.068170;0.568571
cuda;48000;100;CrossEntropyLoss();5093;7840;Tanh();0.1;0.5;30;27;TRAIN;100.0;0.001099;2.553727
cuda;12000;100;CrossEntropyLoss();5093;7840;Tanh();0.1;0.5;30;27;VAL;98.2;0.067899;0.653703
cuda;48000;100;CrossEntropyLoss();5093;7840;Tanh();0.1;0.5;30;28;TRAIN;100.0;0.001043;2.446475
cuda;12000;100;CrossEntropyLoss();5093;7840;Tanh();0.1;0.5;30;28;VAL;98.2;0.068307;0.584019
cuda;48000;100;CrossEntropyLoss();5093;7840;Tanh();0.1;0.5;30;29;TRAIN;100.0;0.000997;2.369313
cuda;12000;100;CrossEntropyLoss();5093;7840;Tanh();0.1;0.5;30;29;VAL;98.1;0.069009;0.684946
cuda;48000;100;CrossEntropyLoss();5093;7840;Tanh();0.1;0.5;30;30;TRAIN;100.0;0.000957;2.558183
cuda;12000;100;CrossEntropyLoss();5093;7840;Tanh();0.1;0.5;30;30;VAL;98.2;0.068623;0.573406
cuda;48000;100;CrossEntropyLoss();5093;7840;Tanh();0.1;0.9;30;1;TRAIN;85.8;5.315379;2.364936
cuda;12000;100;CrossEntropyLoss();5093;7840;Tanh();0.1;0.9;30;1;VAL;90.1;5.223264;0.582881
cuda;48000;100;CrossEntropyLoss();5093;7840;Tanh();0.1;0.9;30;2;TRAIN;93.0;2.961018;2.718720
cuda;12000;100;CrossEntropyLoss();5093;7840;Tanh();0.1;0.9;30;2;VAL;92.8;3.339527;0.562576
cuda;48000;100;CrossEntropyLoss();5093;7840;Tanh();0.1;0.9;30;3;TRAIN;94.0;2.596853;2.362121
cuda;12000;100;CrossEntropyLoss();5093;7840;Tanh();0.1;0.9;30;3;VAL;94.1;2.286532;0.576701
cuda;48000;100;CrossEntropyLoss();5093;7840;Tanh();0.1;0.9;30;4;TRAIN;94.7;2.154695;2.629137
cuda;12000;100;CrossEntropyLoss();5093;7840;Tanh();0.1;0.9;30;4;VAL;93.0;3.288125;0.617958
cuda;48000;100;CrossEntropyLoss();5093;7840;Tanh();0.1;0.9;30;5;TRAIN;95.1;2.136221;2.358390
cuda;12000;100;CrossEntropyLoss();5093;7840;Tanh();0.1;0.9;30;5;VAL;94.2;2.926315;0.592549
cuda;48000;100;CrossEntropyLoss();5093;7840;Tanh();0.1;0.9;30;6;TRAIN;95.4;1.918959;2.481625
cuda;12000;100;CrossEntropyLoss();5093;7840;Tanh();0.1;0.9;30;6;VAL;93.5;3.035044;0.700335
cuda;48000;100;CrossEntropyLoss();5093;7840;Tanh();0.1;0.9;30;7;TRAIN;95.7;1.842182;2.464458
cuda;12000;100;CrossEntropyLoss();5093;7840;Tanh();0.1;0.9;30;7;VAL;96.2;1.944216;0.620601
cuda;48000;100;CrossEntropyLoss();5093;7840;Tanh();0.1;0.9;30;8;TRAIN;96.0;1.567642;2.399705
cuda;12000;100;CrossEntropyLoss();5093;7840;Tanh();0.1;0.9;30;8;VAL;96.6;1.565415;0.653034
cuda;48000;100;CrossEntropyLoss();5093;7840;Tanh();0.1;0.9;30;9;TRAIN;96.2;1.570409;2.575231
cuda;12000;100;CrossEntropyLoss();5093;7840;Tanh();0.1;0.9;30;9;VAL;96.1;1.804090;0.586051
cuda;48000;100;CrossEntropyLoss();5093;7840;Tanh();0.1;0.9;30;10;TRAIN;96.4;1.406852;2.341874
cuda;12000;100;CrossEntropyLoss();5093;7840;Tanh();0.1;0.9;30;10;VAL;96.0;1.882109;0.582335
cuda;48000;100;CrossEntropyLoss();5093;7840;Tanh();0.1;0.9;30;11;TRAIN;96.9;1.143009;2.717963
cuda;12000;100;CrossEntropyLoss();5093;7840;Tanh();0.1;0.9;30;11;VAL;93.9;2.817823;0.570324
cuda;48000;100;CrossEntropyLoss();5093;7840;Tanh();0.1;0.9;30;12;TRAIN;96.9;1.199162;2.364214
cuda;12000;100;CrossEntropyLoss();5093;7840;Tanh();0.1;0.9;30;12;VAL;94.2;2.784589;0.578863
cuda;48000;100;CrossEntropyLoss();5093;7840;Tanh();0.1;0.9;30;13;TRAIN;97.0;1.120390;2.617564
cuda;12000;100;CrossEntropyLoss();5093;7840;Tanh();0.1;0.9;30;13;VAL;96.8;1.439817;0.651905
cuda;48000;100;CrossEntropyLoss();5093;7840;Tanh();0.1;0.9;30;14;TRAIN;96.9;1.164427;2.362945
cuda;12000;100;CrossEntropyLoss();5093;7840;Tanh();0.1;0.9;30;14;VAL;94.0;2.857418;0.588022
cuda;48000;100;CrossEntropyLoss();5093;7840;Tanh();0.1;0.9;30;15;TRAIN;97.0;1.077133;2.408439
cuda;12000;100;CrossEntropyLoss();5093;7840;Tanh();0.1;0.9;30;15;VAL;96.5;1.684508;0.683069
cuda;48000;100;CrossEntropyLoss();5093;7840;Tanh();0.1;0.9;30;16;TRAIN;97.2;1.067510;2.513022
cuda;12000;100;CrossEntropyLoss();5093;7840;Tanh();0.1;0.9;30;16;VAL;96.8;1.642398;0.584796
cuda;48000;100;CrossEntropyLoss();5093;7840;Tanh();0.1;0.9;30;17;TRAIN;97.6;0.834572;2.413691
cuda;12000;100;CrossEntropyLoss();5093;7840;Tanh();0.1;0.9;30;17;VAL;95.0;2.567841;0.600867
cuda;48000;100;CrossEntropyLoss();5093;7840;Tanh();0.1;0.9;30;18;TRAIN;97.3;0.953951;2.665335
cuda;12000;100;CrossEntropyLoss();5093;7840;Tanh();0.1;0.9;30;18;VAL;96.9;1.357860;0.580256
cuda;48000;100;CrossEntropyLoss();5093;7840;Tanh();0.1;0.9;30;19;TRAIN;97.0;1.208193;2.345265
cuda;12000;100;CrossEntropyLoss();5093;7840;Tanh();0.1;0.9;30;19;VAL;95.2;2.710684;0.566293
cuda;48000;100;CrossEntropyLoss();5093;7840;Tanh();0.1;0.9;30;20;TRAIN;97.4;0.964914;2.615321
cuda;12000;100;CrossEntropyLoss();5093;7840;Tanh();0.1;0.9;30;20;VAL;96.0;2.144229;0.646298
cuda;48000;100;CrossEntropyLoss();5093;7840;Tanh();0.1;0.9;30;21;TRAIN;97.7;0.817242;2.386282
cuda;12000;100;CrossEntropyLoss();5093;7840;Tanh();0.1;0.9;30;21;VAL;96.2;1.950686;0.572883
cuda;48000;100;CrossEntropyLoss();5093;7840;Tanh();0.1;0.9;30;22;TRAIN;97.4;0.974953;2.516794
cuda;12000;100;CrossEntropyLoss();5093;7840;Tanh();0.1;0.9;30;22;VAL;94.1;3.353030;0.680525
cuda;48000;100;CrossEntropyLoss();5093;7840;Tanh();0.1;0.9;30;23;TRAIN;97.6;0.861403;2.416936
cuda;12000;100;CrossEntropyLoss();5093;7840;Tanh();0.1;0.9;30;23;VAL;97.1;1.557234;0.574878
cuda;48000;100;CrossEntropyLoss();5093;7840;Tanh();0.1;0.9;30;24;TRAIN;98.0;0.679617;2.368215
cuda;12000;100;CrossEntropyLoss();5093;7840;Tanh();0.1;0.9;30;24;VAL;96.0;1.979990;0.645909
cuda;48000;100;CrossEntropyLoss();5093;7840;Tanh();0.1;0.9;30;25;TRAIN;97.9;0.747392;2.610297
cuda;12000;100;CrossEntropyLoss();5093;7840;Tanh();0.1;0.9;30;25;VAL;94.8;2.676687;0.588758
cuda;48000;100;CrossEntropyLoss();5093;7840;Tanh();0.1;0.9;30;26;TRAIN;97.8;0.785886;2.380767
cuda;12000;100;CrossEntropyLoss();5093;7840;Tanh();0.1;0.9;30;26;VAL;96.1;2.093465;0.585365
cuda;48000;100;CrossEntropyLoss();5093;7840;Tanh();0.1;0.9;30;27;TRAIN;97.4;0.999794;2.896006
cuda;12000;100;CrossEntropyLoss();5093;7840;Tanh();0.1;0.9;30;27;VAL;96.4;1.962846;0.585783
cuda;48000;100;CrossEntropyLoss();5093;7840;Tanh();0.1;0.9;30;28;TRAIN;97.9;0.741244;2.366650
cuda;12000;100;CrossEntropyLoss();5093;7840;Tanh();0.1;0.9;30;28;VAL;96.5;1.880874;0.571604
cuda;48000;100;CrossEntropyLoss();5093;7840;Tanh();0.1;0.9;30;29;TRAIN;98.0;0.672699;2.665258
cuda;12000;100;CrossEntropyLoss();5093;7840;Tanh();0.1;0.9;30;29;VAL;96.4;1.715995;0.644270
cuda;48000;100;CrossEntropyLoss();5093;7840;Tanh();0.1;0.9;30;30;TRAIN;98.1;0.653644;2.360456
cuda;12000;100;CrossEntropyLoss();5093;7840;Tanh();0.1;0.9;30;30;VAL;94.8;2.519411;0.569631
cuda;10000;100;CrossEntropyLoss();5093;784;Tanh();0.01;0.9;30;;TEST;98.0;0.064806;6.136758
